player_id,name,date_of_birth
597,Aleksandr Hleb,1981-05-01
1428,Mike Hanke,1983-11-05
1560,Youssef El Akchaoui,1981-02-18
1587,Mario Eggimann,
1726,Heiko Westermann,1983-08-14
2306,Markus Miller,1982-04-08
2587,Elyasa Süme,1983-08-13
2805,Christian Pander,1983-08-28
2878,Yassin Mikari,1983-01-09
2899,Hervé Tum,1979-02-15
2923,Andreas Ivanschitz,1983-10-15
3273,Matthew Upson,1979-04-18
3287,Steve Banks,1972-02-09
3719,Peter Enckelman,1977-03-10
3875,Jermain Defoe,1982-10-07
3876,Joe Cole,1981-11-08
3924,Didier Drogba,1978-03-11
3942,Martin Lanig,
4070,Liam Ridgewell,1984-07-21
4086,Darren Ambrose,1984-02-29
4361,Dennis Rommedahl,1978-07-22
4742,Christophe Lepoint,1984-10-24
5308,Cédric Carrasso,1981-12-30
5309,Damien Grégorini,1979-03-02
5474,Zoumana Camara,1979-04-03
5544,Johan Audel,1983-12-12
5668,Anthony Réveillère,1979-11-10
5825,Marco Borriello,1982-06-18
5890,Sergio Almirón,1980-11-07
5896,David Pizarro,1979-09-11
5936,Ivan Pelizzoli,1980-11-18
6012,Stefano Lucchini,1980-10-02
6076,David Di Michele,1976-01-06
6717,Giuseppe Colucci,1980-08-24
6838,Henok Goitom,1984-09-22
7109,Andrea Barzagli,1981-05-08
7237,Sabri Sarioglu,1984-07-26
7337,Alan Tate,1982-09-02
7423,Ömer Erdogan,1977-05-03
7985,David Generelo,1982-08-11
8187,Juanmi Callejón,1987-02-11
8538,Tiago Mendes,1981-05-02
9354,Sejad Salihovic,1984-10-08
9506,Craig Beattie,1984-01-16
9604,Sherjill MacDonald,1984-11-20
9667,Stijn Stijnen,1981-04-07
9798,Maksim Shatskikh,1978-08-30
9980,Rob Hulse,1979-10-25
10003,Wes Morgan,1984-01-21
10183,Dani Fernández,1983-01-20
10244,Bernt Evens,1978-11-09
10471,Luiz Gustavo,1987-07-23
10598,Mehdi Taouil,1983-05-20
12515,Guirane N'Daw,1984-04-24
12597,Alan Maybury,1978-08-08
12709,Danny Gabbidon,1979-08-08
12765,Russell Anderson,1978-10-25
12813,Barry Smith,1974-02-19
12988,Stelios Sfakianakis,1976-03-19
13047,Daniel Cruz,1981-05-09
13061,Carl Hoefkens,1978-10-06
13103,Björn Vleminckx,1985-12-01
13283,Bram Castro,1982-09-30
13350,Lewis Price,1984-07-19
13427,Steve Sidwell,1982-12-14
13445,Jurgen Cavens,1978-08-19
13573,Simon Francis,1985-02-16
14013,Matty Fryatt,1986-03-05
14149,Pitbull,1982-01-08
14279,Castro,1979-06-03
14574,Craig Conway,1985-05-02
14856,Andreas Ottl,1985-03-01
14937,Stipe Pletikosa,1979-01-08
15018,João Carlos,1982-01-01
15076,Aleksandr Samedov,1984-07-19
15500,Ángel López,1981-03-10
16252,Christian Kinkela,1982-05-25
16408,Orestis Karnezis,1985-07-11
16498,Ramazan Özcan,1984-06-28
16733,Lee Baxter,1976-06-17
16968,Marcel de Jong,1986-10-15
17140,Mehmet Topuz,1983-09-07
17225,Konstantinos Kapetanos,1984-10-27
17313,Henrico Drost,1987-01-21
17555,Nélson,1983-06-10
18379,Damir Vrancic,1985-10-04
18416,Aloys Nong,1983-10-16
18592,Zé Pedro,1978-10-18
18759,Nana Asare,1986-07-11
18894,Leyti N'Diaye,1985-08-19
18940,Rémy Riou,1987-08-06
18958,Alejandro Domínguez,1981-06-10
19062,Frank van Mosselveld,1984-01-02
19375,Ricardo Silva,1980-08-19
19439,Santos,1981-08-18
20306,Kevin Geudens,1980-12-02
20854,Lasse Kryger,1982-11-03
20941,Christian Terlizzi,1979-11-22
21042,Michal Kadlec,1984-12-13
21495,Erik Heijblok,1977-06-29
21829,Francesco Benussi,1981-10-15
22093,Guglielmo Stendardo,1981-05-06
22123,Ciro Polito,1979-04-12
22130,Carl Valeri,1984-08-14
22186,Davide Biondini,1983-01-24
22285,Maurizio Pugliesi,1976-12-27
22318,Federico Marchetti,1983-02-07
22340,Michaël Cordier,1984-03-27
22378,Léo Matos,1986-04-02
22382,Moussa Sow,1986-01-19
22479,Jonas Borring,1985-01-04
22555,Bruno Amaro,1983-02-17
22853,Francis Dickoh,1982-12-13
22917,Kenneth Emil Petersen,1985-01-15
22948,Thiago Ribeiro,1986-02-24
24116,Roman Adamov,1982-06-21
24337,Cleyton,1983-03-08
25106,Evaldo,1982-03-18
25175,Miguel Pedro,1983-11-06
25211,Tiago Valente,1985-04-24
25316,Rubén Castro,1981-06-27
25635,Petr Vasek,1979-04-09
25737,Rodolfo,1982-10-23
25933,Ovidiu Herea,1985-03-26
26105,Valter Birsa,1986-08-07
26148,Juanjo Camacho,1980-08-02
26244,Lucho González,1981-01-19
27019,Vladimir Korytko,1979-07-06
27539,Vanja Ivesa,1977-07-21
28140,Max Gradel,1987-11-30
28306,Gennaro Bracigliano,1980-03-01
28643,Romeu,1985-02-13
28705,Dusan Veskovac,1986-03-16
28809,Willo Flood,1985-04-10
28947,Gonzalo Castro,1987-06-11
29559,Guillermo Ochoa,1985-07-13
29627,Merter Yüce,1985-02-18
29631,Ufuk Ceylan,1986-06-23
30338,Kári Árnason,1982-10-13
30436,Stergos Marinos,1987-09-17
30671,Jordan Remacle,1987-02-14
31111,Jordy Buijs,1988-12-28
31173,Jan Rosenthal,1986-04-07
32441,Ferhat Cökmüs,1985-02-14
32617,Micah Richards,1988-06-24
33046,Cabral,1988-10-22
33349,Ferdinando Sforzini,1984-12-04
33563,Carlitos,1985-04-23
33781,Vito Mannone,1988-03-02
33796,Doga Kaya,1984-06-30
34007,Nilson,1975-12-26
34060,Nejmeddin Daghfous,1986-10-01
34285,Stelios Malezas,1985-03-11
34299,Giannis Stathis,1987-05-20
34372,Landry N'Guémo,1985-11-28
34512,Daniel Niculae,1982-10-06
34557,Nicklas Bendtner,1988-01-16
34951,Bruno Miguel,1982-09-24
34978,David Robertson,1986-09-23
35275,Serdar Kurtulus,1987-07-23
35328,Georgios Chorianopoulos,1979-01-15
35537,Felipe Melo,1983-06-26
35600,Miguel Flaño,1984-08-19
35640,Javier Balboa,1985-05-13
35865,Andrea Consigli,1987-01-27
36227,Igor Shevchenko,1985-02-02
36237,Helgi Danielsson,1981-07-13
36758,Paul Mathers,1970-01-17
36861,Damien Delaney,1981-07-20
36934,Ivan Milosevic,1984-11-03
37278,Zeljko Brkic,1986-07-09
37403,Roberto,1986-02-10
37579,Alexandre Pato,1989-09-02
37722,Aykut Demir,1988-10-22
37875,Antonis Rikka,1986-03-03
38124,Heinz Barmettler,1987-07-21
38497,Jeremain Lens,1987-11-24
38584,Ciro Capuano,1981-07-10
38799,Oleg Kuzmin,1981-05-09
39125,Borna Barisic,1992-11-10
39514,Theo Robinson,1989-01-22
39720,Viktor Bopp,1989-10-31
39799,Ivan Strinic,1987-07-17
39874,Mário Matos,1988-06-21
39917,Mamadou Samassa,1986-05-01
40428,Manuel Iturra,1984-06-23
40613,Jack Cork,1989-06-25
40858,Nuno André Coelho,1986-01-07
40937,Elkin Soto,1980-08-04
41023,Dominic Maroh,1987-03-04
41112,Jose Cholevas,1984-06-27
41132,Peter Hartley,1988-04-03
42060,Rafal Grzelak,1988-08-07
42086,Timo Perthel,1989-02-11
42300,Ilie Cebanu,1986-12-29
42303,Gonçalo Santos,1986-11-15
42547,Lewis Stevenson,1988-01-05
42624,Sergiy Davydov,1984-12-16
42631,Oleksandr Goryainov,1975-06-29
42714,Mehdi Carcela-González,1989-07-01
42803,Milan Ilic,1987-05-12
42967,Andy Driver,1987-11-20
43055,Alisan Seker,1986-07-04
43256,Paul Baysse,1988-05-18
43266,Stephen Quinn,1986-04-01
43734,Paul McGowan,1987-10-07
43982,Shlomi Arbeitman,1985-05-14
44094,Tarmo Kink,1985-10-06
44170,Zé Vítor,1982-02-11
44171,Serge N'Gal,1986-01-13
44177,Rafael Bracali,1981-05-05
44417,Cédric Mongongu,1989-06-22
44501,Marcelo,1988-05-12
44607,Tom Mickel,1989-04-19
44625,Maor Melikson,1984-10-30
44713,Christian Clemens,1991-08-04
45168,Bakaye Traoré,1985-03-06
45247,Damien Perquis,1986-03-08
45264,Thierry Argelier,1986-07-08
45340,Alexandru Epureanu,1986-09-27
45357,Duarte Machado,1983-02-12
45693,Glenn Murray,1983-09-25
45986,Kingsley Onuegbu,1986-03-05
46111,Joe Garner,1988-04-12
46156,Aleksandar Kolarov,1985-11-10
46205,Edin Cocalic,1987-12-05
47004,Aleksandr Dovbnya,1987-04-10
47435,Andi Lila,1986-02-12
47893,William Vainqueur,1988-11-19
47931,Rafinha,1982-06-29
48526,Roman Kontsedalov,1986-05-11
48699,Diogo Cunha,1986-02-10
48706,Roman Bugaev,1989-02-11
49032,Richard Weil,1988-02-06
49040,Sean Clohessy,1986-12-12
49275,Albin Ekdal,1989-07-28
49641,Anthony Van Loo,1988-10-05
49802,Ivan Obradovic,1988-07-25
49928,Borislav Jovanovic,1986-08-16
50201,Christian Benteke,1990-12-03
50384,Etien Velikonja,1988-12-26
50413,Deniz Kadah,1986-03-02
50470,Jan Hable,1989-01-04
50768,Giel Deferm,1988-06-30
51288,Khalifa Sankaré,1984-08-15
51426,Markel Bergara,1986-05-05
51532,Kike Sola,1986-02-25
51716,Wellington Paulista,1983-04-22
51894,Mert Günok,1989-03-01
52262,Özgür Cek,1991-01-03
52506,Kristof Van Hout,1987-02-09
52530,Sven Schipplock,1988-11-08
52920,Marcelo,1987-05-20
53239,Jonathan Pereira,1987-05-12
53288,Marquinho,1986-07-03
53350,Egor Filipenko,1988-04-10
53742,Damian Zbozien,1989-04-25
54128,Jordan McMillan,1988-10-16
54175,Gökhan Süzen,1987-07-12
54645,Alp Ergin,1987-02-09
54984,Diego Perotti,1988-07-26
55356,Aleksey Ionov,1989-02-18
55541,Pavel Komolov,1989-03-10
56628,Erik Bakker,1990-03-21
56637,Vladimir Dyadyun,1988-07-12
56657,Maor Buzaglo,1988-01-14
56684,Manuel Stiefler,1988-07-25
56790,Nenad Krsticic,1990-07-03
56808,Quentin Othon,1988-03-27
56816,Marcelo Goianira,1980-07-06
56820,Jérémy Sorbon,1983-08-05
56836,Aaron Meijers,1987-10-28
57404,Jean-Armel Kana-Biyik,1989-07-03
57480,Mapou Yanga-Mbiwa,1989-05-15
57633,Ramzi Aya,1990-02-08
57644,Lys Gomis,1989-10-06
57653,Manuel Nocciolini,1989-05-18
57789,Cristian Castells,1984-10-19
57851,Pablo de Lucas,1986-09-20
57876,Laure,1985-03-22
57924,Carlos Calvo,1985-09-18
57944,Sergio Pelegrín,1979-08-14
58001,Miku Fedor,1985-08-19
58013,Apoño,1984-02-13
58073,Yuriy Martyshchuk,1986-04-22
58112,Omar Ramos,1988-01-26
58228,Marinho,1983-04-26
58266,Mihajlo Cakic,1990-05-27
58327,Dudu Biton,1988-03-01
58330,Víctor Díaz,1988-06-12
58345,Jonathas,1989-03-06
58383,Gonzalo Castillejos,1986-03-05
58426,Douglas,1990-08-06
58579,Shay Logan,1988-01-29
58621,Turgut Sahin,1988-02-02
58861,Emin Aladag,1983-02-25
58945,Anton Kanibolotskyi,1988-05-16
59189,Aleksandr Shchanitsin,1984-12-02
59196,Philipp Zulechner,1990-04-12
59249,Ivan Matyazh,1988-02-15
59389,Mykola Morozyuk,1988-01-17
59645,Toni Varela,1986-06-13
59979,Volodymyr Zhuk,1986-05-30
60506,Loïc Abenzoar,1989-02-14
60709,Semih Kaya,1991-02-24
60799,Wilson Eduardo,1990-07-08
60889,Gary Medel,1987-08-03
61462,Rinar Valeev,1987-08-22
61575,Eric Lichaj,1988-11-17
61809,Rochdi Achenteh,1988-03-07
61856,César Pinares,1991-05-23
61865,Joeri Dequevy,1988-04-27
61960,Pavel Nekhaychik,1988-07-15
62077,James Marwood,1990-05-21
62121,Odion Ighalo,1989-06-16
62240,Maynor Figueroa,1983-05-02
62379,Cristian Pasquato,1989-07-20
62725,Alessandro De Vitis,1992-02-15
62947,Tomás Mejías,1989-01-30
63149,Evgeniy Makeev,1989-07-24
63342,Leroy Fer,1990-01-05
64360,Léo Veloso,1987-05-29
64411,Juanfran Moreno,1988-09-11
65044,Karim Fegrouch,1982-02-14
65542,Tiago Terroso,1988-01-13
66020,Stanislav Dragun,1988-06-04
66518,Rene Gilmartin,1987-05-31
66587,Pato Rodríguez,1990-05-04
66613,Nikola Jakimovski,1990-02-26
67082,Vitolo,1989-11-02
67220,Erik Falkenburg,1988-05-05
67232,Mark Oxley,1990-09-28
67339,David Stockdale,1985-09-20
67420,Luke Ayling,1991-08-25
67538,Javi Navas,1991-06-02
67570,Mugdat Celik,1990-01-03
67576,Arif Morkaya,1989-05-30
68436,Alexander Tambakis,1992-12-08
68440,Panagiotis Vlachos,1990-03-16
69110,Youssef Msakni,1990-10-28
70132,Cristian Chávez,1987-06-04
70280,Peniel Mlapa,1991-02-20
70285,Jonathan Schmid,1990-06-22
70580,Raffaele Di Gennaro,1993-10-03
70592,Andraz Struna,1989-04-23
70724,Rodrigo Antônio,1987-07-27
71103,Josimar Lima,1989-08-02
71394,Carlos Carmona,1987-07-05
72638,Yohandry Orozco,1991-03-19
72776,Hugo Marques,1986-01-15
72939,Bruno Gallo,1988-05-07
73250,Mario Gaspar,1990-11-24
73314,Jordi Xumetra,1985-10-24
73517,Örjan Nyland,1990-09-10
73794,Duván Zapata,1991-04-01
73912,Kanu,1987-09-23
73998,Maksim Rogov,1986-02-11
74124,Lennard Sowah,1992-08-23
74297,Gaël Kakuta,1991-06-21
74418,Jackson Martínez,1986-10-03
74587,Guy Gnabouyou,1989-12-01
74689,Marco Pereira,1987-01-12
74768,Adlène Guédioura,1985-11-12
74777,Scott Boden,1989-11-23
74810,Ben Mee,1989-09-21
74956,Marcel Büchel,1991-03-18
74985,Lukas Tesak,1985-03-08
75085,Danilo Neco,1986-01-27
75287,Seydou Doumbia,1987-12-31
75453,Niklas Backman,1988-11-13
75921,Christopher Trimmel,1987-02-24
75964,Sergio Molina,1983-11-14
77147,Thomas Verhaar,1988-03-08
77274,Matt Phillips,1991-03-13
77314,Robin Söder,1991-04-01
77395,Erwin Zelazny,1991-09-22
77932,Jefferson Montero,1989-09-01
77966,Oguzhan Özyakup,1992-09-23
79503,Lasse Sobiech,1991-01-18
79510,Thiago Cionek,1986-04-21
80060,Willi Evseev,1992-02-14
80696,Jean-Jacques Gosso,1983-03-15
81173,Janis Blaswich,1991-05-02
81589,Lawrence Doe,1986-09-03
82201,Nikita Chicherin,1990-08-18
82361,Christian Mathenia,1992-03-31
82657,Christopher Braun,1991-07-15
82863,Lukas Rupp,1991-01-08
84511,Sílvio,1987-09-28
84711,João Aurélio,1988-08-17
85201,Patrick Rakovsky,1993-06-02
85308,Washington,1989-01-20
85309,Albert Dalmau,1992-03-16
85357,Juan Muñiz,1992-03-14
85506,Kaspars Dubra,1990-12-20
85537,Francesco Dettori,1983-03-02
85543,Niklas Lomb,1993-07-28
85670,Lars Hutten,1990-03-18
85679,Berk Neziroglulari,1991-02-01
85763,Ricardo Dias,1991-02-25
85776,Nilson,1987-08-05
85789,Martin Hinteregger,1992-09-07
85946,Kolja Pusch,1993-02-12
87546,Nikolaos Psychogios,1989-02-25
88370,Matic Fink,1990-02-27
88528,Dani Hernández,1985-10-21
88598,Fábio Ervões,1987-02-26
88754,Milan Nitriansky,1990-12-13
89202,Jesper Rasmussen,1992-01-04
89647,Amin Nouri,1990-01-10
90343,Danny Post,1989-04-07
90368,Yassine El Ghanassy,1990-07-12
90451,Iván Marcone,1990-06-03
92049,Diogo Ribeiro,1991-01-14
92161,Axel Bonemme,1993-03-08
93740,Willi Orbán,1992-11-03
94570,Manu Onwu,1988-01-11
95472,Joel Allansson,1992-11-03
96718,Óscar de Marcos,1989-04-14
96778,Georgios Katsikas,1990-06-14
96898,Alan Gatagov,1991-01-23
96928,Serginho,1985-06-16
98133,Abdulkadir Özdemir,1991-03-25
98533,Maksim Belyaev,1991-09-30
99100,Daniel Höegh,1991-01-06
99235,Niccolò Giannetti,1991-05-12
99510,Isael,1988-05-13
101118,Joel Robles,1990-06-17
101723,Fran González,1989-02-01
101922,Fabio Pisacane,1986-01-28
102192,Luis Pedro Cavanda,1991-01-02
102558,Marco Verratti,1992-11-05
102750,Pietro De Giorgio,1983-02-16
102779,Yoann Wachter,1992-04-07
103585,Kléber,1990-05-02
103890,Luis Advíncula,1990-03-02
104277,Luís Felipe,1991-04-08
104466,Stefan Ristovski,1992-02-12
104511,Alan Chochiev,1991-09-07
104540,Lucas Galvão,1991-06-22
104607,Dmitriy Malyaka,1990-01-15
105299,Filipe Brigues,1990-07-24
105468,Neuton,1990-03-14
106631,Egor Tarakanov,1987-04-17
106783,Aleksandr Erkin,1989-09-01
107010,Stefan Savic,1991-01-08
107973,Ramón,1990-08-22
108198,Sebastian Ernst,1995-03-04
108537,Jonas Hector,1990-05-27
109792,Gianluca Korte,1990-08-29
110366,Sergio Araujo,1992-01-28
110668,Laurens De Bock,1992-11-07
110902,Lars Lambooij,1988-04-16
111058,Arnaud Souquet,1992-02-12
111180,Warner Hahn,1992-06-15
111191,Jeffrey Rijsdijk,1987-09-12
111433,Frédéric Veseli,1992-11-20
111867,Takafumi Akahoshi,1986-05-27
111873,Emiliano Martínez,1992-09-02
111965,Eyal Golasa,1991-10-07
112541,Andrey Lunev,1991-11-13
112930,Benito Raman,1994-11-07
112948,Jakub Brabec,1992-08-06
114530,Nikolaos Giannakopoulos,1993-02-19
114931,Kerem Bulut,1992-02-03
115608,AJ Leitch-Smith,1990-03-06
116461,Issa Ndoye,1985-12-12
116598,Viktor Claesson,1992-01-02
117722,Maik van den Kieboom,1991-07-29
117847,Sergey Ignatjev,1986-12-09
117925,Evgeniy Konyukhov,1986-11-21
118074,Marcos Ureña,1990-03-05
119433,Artak Yedigaryan,1990-03-18
119478,Dmitri Nikitinskiy,1992-02-09
119878,Toni Dovale,1990-04-04
120186,Daniel Bachmann,1994-07-09
121032,Aaron Taylor-Sinclair,1991-04-08
121406,Abdisalam Ibrahim,1991-05-01
122675,Kevin Wimmer,1992-11-15
122797,Andy Delort,1991-10-09
123021,François Moubandje,1990-06-21
123742,Gastón Ramírez,1990-12-02
124203,Mattia El Hilali,1998-01-20
124422,Robin Yalcin,1994-01-25
124715,Nikola Maksimovic,1991-11-25
125059,Chris Tobin,1993-10-18
125125,Emiliano Albín,1989-01-24
125251,Iván Piris,1989-03-10
125561,Louis Moult,1992-05-14
125735,Luis Fariña,1991-04-20
126281,Alexander Hack,1993-09-08
126659,Loris Néry,1991-02-05
127098,Anthony Koura,1993-05-06
128488,Alejandro Gálvez,1989-06-06
128905,Josh McEachran,1993-03-01
129129,João Pedro,1992-03-09
129693,Gaku Shibasaki,1992-05-28
129893,Molla Wagué,1991-02-21
129990,Hyun-jun Suk,1991-06-29
130216,Daniel Alfei,1992-02-23
130280,Janne Saksela,1993-03-14
130452,Fernando Godoy,1990-05-01
130635,Vítor Bruno,1990-01-13
131323,Danijel Miskic,1993-10-11
131708,Kenneth Omeruo,1993-10-17
131933,Diego Lopes,1994-05-03
132060,Jorge Fellipe,1988-10-27
132319,Nikola Mirkovic,1991-07-26
133041,Steven Hetherington,1993-02-09
133835,Marko Meerits,1992-04-26
134354,Ian Raeymaekers,1995-01-30
134603,Coronas,1990-09-19
134657,Omar Bogle,1993-07-26
136431,Eyüp Akcan,2002-02-04
136536,Ryan Bowman,1991-11-30
137189,Sergiy Boyko,1987-08-06
137764,Sofiane Khadda,1991-12-23
138331,Pietro Perdichizzi,1992-12-16
138655,Chengdong Zhang,1989-02-09
138679,Tortol Lumanza,1994-04-13
138846,Darko Bjedov,1989-03-28
140576,Maksim Volodko,1992-11-10
140757,Daniel Bessa,1993-01-14
140804,Jordan Lukaku,1994-07-25
141832,José Carlos Álvarez,1992-12-31
142023,Guillermo Fernández,1993-05-23
142420,José Ruiz,1990-03-26
144244,Pantelis Chatzidiakos,1997-01-18
145769,Sergio León,1989-01-06
146210,Nikolay Fadeev,1993-05-09
146714,Tomas Koubek,1992-08-26
147028,Ernestas Setkus,1985-05-25
148231,Lucas Mugni,1992-01-12
149182,Vladimir Sobolev,1991-07-30
149237,Anthony Knockaert,1991-11-20
149498,Gabriel Paulista,1990-11-26
149619,Stephen O'Neill,1994-06-07
149729,João Mário,1993-01-19
150284,Vitalijs Jagodinskis,1992-02-28
151582,Ferhan Hasani,1990-06-18
152776,Nono,1991-05-28
153198,Damian Roßbach,1993-02-27
154949,Daryll Meggatt,1990-10-20
155469,Bruno Lopes,1986-08-19
155597,Erik Sabo,1991-11-22
156799,Unai Albizua,1989-01-18
156941,John Lundstram,1994-02-18
156965,Paulo Grilo,1991-08-19
157167,Hrvoje Milicevic,1993-04-20
157506,Jeffrey Schlupp,1992-12-23
157548,Anastasios Tsoumagas,1991-03-22
157626,Ryan Laursen,1992-04-14
157672,Vladimir Coufal,1992-08-22
157897,Leandro Barrera,1991-02-22
158055,Moritz Sprenger,1995-02-22
158427,Nildo Petrolina,1986-05-01
159375,Joeri Schroijen,1991-01-18
159748,Raphaël Lecomte,1988-05-22
159844,Christopher Lenz,1994-09-22
159894,Kevin van Veen,1991-06-01
160182,José Ángel,1989-03-02
160285,Milos Jojic,1992-03-19
160413,Mathieu Gomes,1985-03-06
160831,Nikolaos Karanikas,1992-03-04
161137,Eddi Gomes,1988-11-17
161484,Lee Erwin,1994-03-19
162672,Jarchinio Antonia,1990-12-27
162781,József Windecker,1992-12-02
162955,Luca Piana,1994-04-06
163058,Fabinho,1991-04-28
163216,Dimitri Bisoli,1994-03-25
164013,Gilberto,1989-06-05
164145,Ivan Lucic,1995-03-23
164292,Fran Sol,1992-03-13
164478,Mohammed Abu,1991-11-14
164939,Nicolas Rajsel,1993-05-31
165345,Craig Sibbald,1995-05-18
165383,Kelvin,1993-06-01
165717,Sahinali Terzi,1990-10-03
166662,Macky Bagnack,1995-06-07
166725,Ilhan Depe,1992-09-10
167204,Edivândio,1991-01-01
167850,Memphis Depay,1994-02-13
167890,Alberto Masi,1992-09-02
168292,Levan Arveladze,1993-04-06
169092,Daniel Johnson,1992-10-08
169368,Ohi Omoijuanfo,1994-01-10
169696,Özgür Yilmaz,1986-03-07
170459,Jérôme Phojo,1993-04-15
170460,Jessy Pi,1993-09-24
170606,Stepan Rebenko,1995-05-01
170644,Ziya Erdal,1988-01-05
170646,Ludwig Augustinsson,1994-04-21
170904,Rudy Camacho,1991-03-05
170930,Junior Joachim,1992-05-13
171362,Pablo Insua,1993-09-09
172168,Florian Kohls,1995-04-03
172974,Andrey Malykh,1988-08-24
173589,Viktor Klonaridis,1992-07-28
173835,Esmaël Gonçalves,1991-06-25
173860,Myles Anderson,1990-01-09
173933,Oleksandr Yermachenko,1993-01-29
175188,Caio Secco,1990-12-22
175597,Rúben,1990-02-17
175600,Arsénio,1989-08-30
175635,Fabien Boyer,1991-04-12
175773,Carlos Delgado,1990-04-22
176623,Vyacheslav Zinkov,1993-05-26
176906,Alvarinho,1990-09-03
176961,Salih Dursun,1991-07-12
177394,Kieran Kennedy,1993-09-23
177907,Harry Maguire,1993-03-05
179624,Abayomi Seun,1992-09-13
179635,Philipp Förster,1995-02-04
179750,Fatih Kiran,1993-03-26
180497,Chris Forrester,1992-12-17
180704,Matheus Carvalho,1992-03-11
181316,David Khurtsidze,1993-07-04
182574,Jean-Paul Boëtius,1994-03-22
182713,Carlos Daniel,1994-07-11
182898,Younès Kaabouni,1995-05-23
182916,Wesley Saïd,1995-04-19
182937,Bekir Öztürk,1988-06-25
183166,Ian Lawlor,1994-10-27
183281,Leo Chambers,1995-08-05
183288,Luke Shaw,1995-07-12
183647,Álvaro González,1990-01-08
183992,Matteo Montorsi,1994-02-07
184779,Gonzalo Verdú,1988-10-21
184992,Juan Delgado,1993-03-05
185427,Nicolai Rapp,1996-12-13
185593,Nicolás López,1993-10-01
185787,Mehmet Cicek,1992-10-15
186290,Harry Bunn,1992-11-21
186557,Patrick Banggaard,1994-04-04
187212,Matheus Kayser,1994-12-29
187283,Lucas Bijker,1993-03-04
187499,Aaron Seydel,1996-02-07
187781,Okan Köse,1993-02-08
187896,Luís Martins,1992-06-10
188312,Ramin Rezaeian,1990-03-21
189452,Gastón Silva,1994-03-05
189516,Derley,1987-12-29
189637,Sergey Smorodin,1994-02-15
189765,Ivan Markovic,1994-06-20
190188,Vitaliy Gudiev,1995-04-22
191257,Bruno Chalkiadakis,1993-04-07
191631,Wilmar Jordán Gil,1990-10-17
191957,Christos Paligeorgos,1988-06-06
192360,Ryan Edwards,1993-11-17
193076,Blair Currie,1993-05-25
193118,Ross Meechan,1994-11-10
193270,Valeriy Lebed,1989-01-05
193289,Daniel Avramovski,1995-02-20
193464,Evgeniy Kharin,1995-06-11
193632,Tim Wiesner,1996-11-21
194019,Gladestony,1993-08-05
194438,François Marquet,1995-04-17
194447,Wimilio Vink,1993-09-13
194975,Leonardo Bertone,1994-03-14
195171,Samu Castillejo,1995-01-18
195778,Alexander Nübel,1996-09-30
196003,Nikolaos Ziabaris,1991-02-18
196634,Eyüp Kocoglu,1995-01-14
197493,Luca Marchignoli,1994-07-28
197650,Emir Dautovic,1995-02-05
197747,Alessio Romagnoli,1995-01-12
197791,Janoi Donacien,1993-11-03
198027,Jean Deza,1993-06-09
198400,Richard Boateng Welbeck,1992-07-10
198473,Kevin Mayi,1993-01-14
199179,Nikolaos Melissas,1993-02-24
199248,Bryan Cristante,1995-03-03
199330,Antonio Cotán,1995-09-19
199348,Dani Iglesias,1995-07-17
199859,Owusu-Ansah Kontor,1993-08-24
199909,Geordan Dupire,1993-09-28
199927,Davide Biraschi,1994-07-02
200117,Valerio Nava,1994-01-17
200320,Kevin Koubemba,1993-03-23
202278,Flavien Tait,1993-02-02
202945,Jim Kellermann,1994-12-11
203394,Andreas Pereira,1996-01-01
203412,Andreas Cornelius,1993-03-16
203655,Cafú,1993-02-26
204114,Scott Harrison,1993-09-03
204143,Viktor Ahlmann,1995-01-03
205587,Opa Nguette,1994-07-08
205646,Florent Zitte,1993-05-17
205758,Demir Imeri,1995-10-27
206837,Pantelis Theologou,1991-05-07
207009,Jaanai Gordon,1995-12-07
207855,Serkan Göksu,1993-05-19
210146,Douglas Grolli,1989-10-05
211017,Jorgen Rogiers,1993-09-03
211072,Paulinho,1992-11-09
211076,Ross Fitzsimons,1994-05-28
211121,Liam Donnelly,1996-03-07
211878,Valeriy Kichin,1992-10-12
212243,Dmytro Myshnyov,1994-01-26
212260,Dmitriy Korobov,1994-06-10
212381,John Kamara,1988-12-05
212595,Alfonso Artabe,1988-08-18
212931,Faris Handzic,1995-05-27
213016,Catalin Carp,1993-10-20
213028,Ceyhun Yazar,1992-05-16
213500,Mehmet Tatli,1995-01-23
213510,Jota Garcês,1993-03-07
213974,Artem Gabelok,1995-01-02
214240,Denis Davydov,1995-03-22
214273,Danila Yashchuk,1995-03-13
214327,Yousouf Zinga,1991-05-07
214838,Samican Keskin,1993-08-14
215091,Daniël Breedijk,1995-02-13
215876,Ricardo Pereira,1993-10-06
216175,Marco Maini,1995-04-14
216263,Aymen Souda,1993-02-28
216375,Felipe Avenatti,1993-04-26
216548,Nicolas Verdier,1987-01-17
216804,Joakim Nilsson,1994-02-06
216842,Mykola Vechurko,1992-06-06
217016,Dmitriy Bogaev,1994-01-24
217144,Aleix Febas,1996-02-02
217721,Rubén Mesa,1992-01-16
217921,Aleksey Grechkin,1996-02-05
218084,Johannes Madsen,1993-04-07
218306,César Falletti,1992-12-02
220309,Hristijan Denkovski,1994-04-15
221315,Kevin Vázquez,1993-03-23
221815,Constantin Nica,1993-03-18
221968,Kosuke Kinoshita,1994-10-03
223367,Fredrik Aursnes,1995-12-10
223722,Simón Colina,1995-02-07
225095,Rui Moreira,1996-05-31
225393,Alex Gogic,1994-04-13
226014,Sergiy Chenbay,1992-11-06
226276,Najib Gandi,1994-06-23
226410,Per Kristian Bratveit,1996-02-15
227961,Jaime Mata,1988-10-24
229817,Ali Sowe,1994-06-14
230409,Yevgen Neplyakh,1992-05-11
230495,Michel Gerritsen Mulkes,1991-07-23
230921,Mortadha Ben Ouanes,1994-07-02
232593,Nikolaos Anastasopoulos,1993-02-01
233789,Okacha Hamzaoui,1990-11-29
234249,Federico Andrada,1994-03-03
234449,Fabrice Fokobo,1994-01-25
234729,Eduard Baychora,1992-02-04
234880,Lorenzo Andrenacci,1995-01-02
235344,Igor Obukhov,1996-05-29
235610,Káká,1992-10-06
235964,Ibrahim Moro,1993-11-10
236964,Mamadou Diawara,1989-07-26
237426,Milan Massop,1993-12-01
238199,Hayrullah Akyüz,1993-10-02
238654,Jaime Báez,1995-04-25
238865,Eddy Israfilov,1992-08-02
238980,Andrea Palazzi,1996-02-24
240409,Marco Frison,1995-03-24
240786,Riccardo Gagliolo,1990-04-28
240799,Daniele Borra,1995-07-28
240941,Josip Condric,1993-08-27
241076,Emmanuel Gyasi,1994-01-11
241641,Bernardo Silva,1994-08-10
241687,Andriy Mishchenko,1991-04-07
241900,Mailó,1992-01-10
242606,Josh Cullen,1996-04-07
242668,Paschalis Staikos,1996-02-08
243589,Josh Onomah,1997-04-27
243779,Adriano Castanheira,1993-04-07
244133,Armen Manucharyan,1995-02-03
244220,Adebayo Azeez,1994-01-08
244258,Dmytro Lyakh,1994-05-23
244263,Aidan Nesbitt,1997-02-05
245585,Reece James,1993-11-07
246616,Daniel Vadillo,1993-05-06
248333,Simone Rosso,1995-11-10
248934,Valeriy Luchkevych,1996-01-11
249538,Amarildo Gjoka,1997-06-03
250138,Gilles Dewaele,1996-02-13
250160,Dmytro Polyuganych,1996-06-02
250209,Aleksandar Stankovic,1995-05-25
250870,Seny Dieng,1994-11-23
251107,Furkan Ünver,1997-01-30
251848,Iñigo Córdoba,1997-03-13
251888,Mario Rodríguez,1997-03-03
251930,Jorge Félix,1991-08-22
252636,Musefiu Ashiru,1994-06-26
253206,Andreas Maxsö,1994-03-18
253290,Karol Angielski,1996-03-20
253839,Álvaro Medrán,1994-03-15
253892,Ian González,1993-02-11
254254,Malick Evouna,1992-11-28
254340,Nikolaos Golias,1993-07-29
255220,Romain Philippoteaux,1988-03-02
255468,Adam Andersson,1996-11-11
255496,Asier Etxaburu,1994-04-07
255686,Antonis Papasavvas,1995-03-20
255731,Wes Burns,1994-11-23
255916,DeAndre Yedlin,1993-07-09
256139,Ablaye Faye,1994-04-10
256423,Paraskevas Zannias,1993-06-05
256567,Aleksandar Jovanovic,1992-12-06
256669,Nicolae Milinceanu,1992-08-01
257388,Wilson Manafá,1994-07-23
257786,Metin Sevinc,1994-06-14
258511,Michael Breij,1997-01-15
259275,Anthony de Freitas,1994-05-10
259350,Chang-hoon Kwon,1994-06-30
260741,Fabry Castro,1992-02-21
260777,Sedrick Kalombo,1995-02-08
260838,Jonas Gemmer,1996-01-31
260846,Asger Sörensen,1996-06-05
261244,Le Tong,1993-04-29
261963,Marin Jakolis,1996-12-26
263804,Pep Biel,1996-09-05
263843,Matías Nahuel,1996-11-22
263963,Aleksandr Zuev,1996-06-26
265072,Simone Auriletto,1998-12-30
265454,Vladimir Stojković,1996-10-04
265625,Ajdin Hrustic,1996-07-05
265879,Tomas Brecka,1994-05-12
266487,Gregory Mahau,1994-05-09
266615,Daniel Granli,1994-05-01
267911,Franco Mazurek,1993-09-24
268383,Samuel Villa,1994-09-16
268555,Harrison Manzala,1994-03-06
268708,Adrián Saballs,1995-07-07
269171,Gökhan Gül,1998-07-17
270646,Alexis Busin,1995-09-07
270678,Victor Rousseau,1992-07-09
270999,Dimitrios Angelidis,1993-05-18
271098,Philip Zinckernagel,1994-12-16
272934,Artem Nedolya,1993-10-20
273054,Vincent Vermeij,1994-08-09
275361,Karim Azamoum,1990-01-17
276586,Josimar Quintero,1997-02-03
276896,Samuel Gigot,1993-10-12
277242,Jorn Brondeel,1993-09-07
278515,Jeremy de Graaf,1990-01-25
278531,Sebastiano Luperto,1996-09-06
278958,Brian Jacobs,1995-03-30
280039,Marco Soprano,1996-01-25
280762,Robson,1994-02-14
282644,Sergey Serchenkov,1997-01-01
282724,Adrián Guerrero,1998-01-28
283067,Davide Mansi,1996-01-18
283602,Lautaro Rinaldi,1993-12-30
283735,Mattia Zaccagni,1995-06-16
284430,Aarón Escandell,1995-09-27
284636,Giovanni Sbrissa,1996-09-25
284875,Callum Crane,1996-03-08
285064,Aleksandr Yushin,1995-04-04
286373,Alhassane Soumah,1996-03-02
286849,Jordi Calavera,1995-08-02
287178,Rubén Sánchez,1994-11-25
287307,Alessandro Mastalli,1996-02-07
287315,Fran Morante,1992-06-28
287638,Leonardo Fontanesi,1996-02-20
287688,Janis Cavagna,1995-03-12
288255,Donny van de Beek,1997-04-18
288311,Ibrahim Blati Touré,1994-08-04
288426,Xavier Mous,1995-08-04
288549,Jeppe Brinch,1995-05-08
288570,Davide Mordini,1996-08-03
289472,Mykyta Bezuglyi,1995-08-01
289573,Joel Kalonji-Kalonji,1998-01-04
289855,Brandur Hendriksson,1995-12-19
290366,Estrela,1995-09-22
290532,Saïd Benrahma,1995-08-10
290595,Driss Trichard,1995-03-27
290770,Karim Achahbar,1996-01-03
291007,Felipe Macedo,1994-03-27
291765,Eren Tokat,1993-02-21
291968,Neto,1991-09-02
292396,Valeriy Yurchuk,1990-04-12
292409,Buba,1993-04-23
292545,Murat Ucar,1991-08-01
292722,Pedro Santos,1996-01-18
292749,Fabinho,1994-12-21
293169,Josip Brekalo,1998-06-23
293283,Oskar Buur,1998-03-31
293592,Brandon Borrello,1995-07-25
293648,Daniel Baur,1999-05-06
294340,Gülhan Özdemir,1995-10-03
294798,Nathan,1996-03-13
295060,Koji Miyoshi,1997-03-26
295638,Angelos Karatasios,1997-06-22
295652,James Pearson,1993-01-19
296284,Gianmarco Celeste,1996-08-21
296438,Ioakim Apostolopoulos,1997-07-10
296453,Dimitrios Kapos,1993-08-28
296782,Kuni,1997-10-08
296960,Mehmet Colak,1995-10-22
297002,Izzet Bilyalov,1995-01-13
297277,Aidan Wilson,1999-01-02
297771,Maksim Seregin,1995-05-25
298607,Miguel Olavide,1996-04-05
300158,Evgeniy Nesterenko,1996-06-18
300340,Matej Markovic,1996-07-22
301717,Pepelu Vidal,1995-08-27
304617,Albert Sharipov,1993-04-11
306330,Yassine Meriah,1993-07-02
307308,Volodymyr Shopin,1991-05-09
309180,Jan Mlakar,1998-10-23
309570,Dinu Graur,1994-12-27
310662,Timothy Tillman,1999-01-04
311435,Ferni,1998-04-07
312181,Apostolos Koutoglidis,1997-01-22
312666,Matheus Savio,1997-04-15
312731,Diego Moreno,1996-02-27
312752,Alessio Benedetti,1997-04-07
312879,Ibrahima Gassama,1995-02-05
313359,Alexis Pérez,1994-03-25
313399,Dean van der Sluys,1995-08-29
314398,Jae-sung Lee,1992-08-10
315272,Alpay Kocakli,1998-09-19
315280,Nigel Robertha,1998-02-13
315843,Alessandro Semprini,1998-02-24
315852,Mirko Antonucci,1999-03-11
315858,Gianluigi Donnarumma,1999-02-25
315866,Francesco Pio Russo,1999-03-01
317593,Patrick Joosten,1996-04-14
317735,Julius Kade,1999-05-20
318468,Aleksandr Rudenko,1999-03-15
319143,Ivan Borna Jelic Balta,1992-09-17
319171,Andrea Danzi,1999-02-25
319300,Cian Harries,1997-04-01
319548,Ignat Sabirzyanov,1995-05-13
320145,Enes Subasi,1997-10-01
321065,Edoardo Soleri,1997-10-19
321135,Ibrahim Dresevic,1997-01-24
321161,Conor Quigley,1997-12-04
321934,Silvério,1995-12-26
322073,Isac Lidberg,1998-09-08
322293,Felix Beijmo,1998-01-31
322811,Marion,1991-09-07
323163,Ibrahim Halil Esen,1995-10-30
323241,Halil Polat,1995-08-01
323945,Yan,1998-09-04
324192,Sefa Özdemir,1998-04-24
324806,Jérémy Livolant,1998-01-09
326336,Robbie Ringoet,1997-04-09
326369,Ridwan Gyselinck,1994-06-11
326590,Scott Allardice,1998-03-31
327402,Efkan Bekiroglu,1995-09-14
328354,Santiago Palacios,1991-04-21
329385,Luis Zwick,1994-05-24
330173,Jordan McGregor,1997-03-18
330684,Luis Abram,1996-02-27
330819,Cagatay Yilmaz,2000-01-01
331389,Andrés Tello,1996-09-06
332338,Vashon Neufville,1999-07-18
332341,Todd Cantwell,1998-02-27
333303,Noam Merabti,1996-10-05
333901,Marlon Sündermann,1998-05-16
333913,Gustavo,1994-03-29
334186,Fabian Kunze,1998-06-14
334373,Jhon Fredy Miranda,1997-03-07
334481,Leo Goglichidze,1997-04-29
335209,Kevin Diks,1996-10-06
335996,Luis Klatte,2000-03-01
336003,Patrice Kabuya,2000-01-07
336116,Robin van Iersel,1997-06-16
336331,Franck Evina,2000-07-05
336638,Emiljano Shehu,1998-06-10
336646,Akram Afif,1996-11-18
336724,Yann Rolim,1995-03-15
337152,José Luis Valiente,1991-05-18
337798,Abdu Conté,1998-03-24
337873,David Batista,1989-04-13
337977,Nando García,1994-06-13
338811,Lovette Felicia,1995-08-09
339331,Jasper ter Heide,1999-03-29
339474,Renato Maia,1995-08-09
339896,Kyriakos Mazoulouxis,1997-05-01
340321,Josh Dasilva,1998-10-23
340384,Artem Merkushov,1996-06-07
340448,Kristjan Matosevic,1997-06-05
340728,Jason Kerr,1997-02-06
342684,Jair Oosterlen,1997-04-11
342703,Pieter Bos,1997-02-23
342776,Panagiotis Symelidis,1992-11-03
342911,Dimitrios Oungialidis,1994-10-24
343157,Angelos Zioulis,1995-02-01
343463,Cyle Larin,1995-04-17
344010,Ryan Harrington,1998-10-03
344069,Anton Stach,1998-11-15
344158,Maxime Pélican,1998-05-12
344393,Lumor,1996-08-15
345535,Anton Lazutkin,1994-11-05
345562,Zakaria Naidji,1995-01-19
345577,Carlo Holse,1999-06-02
345590,Jens Odgaard,1999-03-31
345748,Andreas Bruus,1999-01-16
345861,Erik,1995-02-02
346468,Jordan Williams,1999-10-22
347038,Thomas Oude Kotte,1996-03-20
347270,Maksim Grechkin,1996-03-04
348269,Oleksandr Dekhtiarenko,1996-02-13
348520,Vincenzo Plescia,1998-02-18
348601,Mehdi Léris,1998-05-23
348736,Andrea Liotti,1997-02-20
348768,Maks Celic,1996-03-08
349794,Abel Franssen,1997-02-21
349826,Jean,1994-09-26
351624,Ronan Hughes,1998-12-15
351750,Léo Natel,1997-03-14
352558,Marco Ribeiro,1995-01-29
352653,Ömer Faruk Canbirdi,1999-01-07
353213,Platiny,1994-01-02
353796,Giulio Maggiore,1998-03-12
353840,João Cunha,1996-02-04
353934,Yannis Lamgahez,1997-03-11
354352,Frédéric Guilbert,1994-12-24
355104,José Machín,1996-08-14
356117,Onyekachi Silas,1996-06-10
357125,Shahriar Moghanlou,1994-12-21
357149,Paulo Estrela,1999-02-20
357153,Diogo Costa,1999-09-19
357159,Mésaque Djú,1999-03-18
357178,Lorenzo Valeau,1999-03-05
357540,Gustavo Quezada,1997-04-06
357987,Leonardo Stanzani,2000-04-12
358025,Brandon Baiye,2000-12-27
358165,Yordan Osorio,1994-05-10
358212,Franco Soldano,1994-09-14
358422,Daniel Anyembe,1998-07-22
358738,Cristian Tassano,1996-07-23
359692,George Cox,1998-01-14
360140,Majeed Ashimeru,1997-10-10
361082,Jasper Schendelaar,2000-09-02
361270,Muzaffer Kahriman,2000-02-25
361514,Görkem Can,2000-05-04
363220,Matthew McInally,1997-08-02
364138,Marco Meli,2000-02-02
364240,Moussa Wagué,1998-10-04
365258,Angelos Piniotis,1996-04-22
366045,Ablie Jallow,1998-11-14
366068,Mak Varesanovic,1998-08-28
366217,Antonis Stergiakis,1999-03-16
369111,Georgios Tzovaras,1999-11-03
369155,Yuriy Vakulko,1997-11-10
370287,Dmitriy Vorobyev,1997-11-28
370791,Pablo Rosario,1997-01-07
370885,Konstantinos Galanopoulos,1997-12-28
371002,Stipe Radic,2000-06-10
371319,Gabriel Okechukwu,1995-08-26
371320,Mirko Bizzi,1999-08-18
371436,Francisco Sierralta,1997-05-06
372300,Quentin Deboschere,1996-10-30
372776,Harry Robinson,2000-09-26
374253,Mikkel Pedersen,1996-01-07
374882,Alberk Koc,1997-02-15
375019,Victor Van De Wiele,1996-07-08
377117,Stefano Tindo,1997-04-05
378224,Maxime Mignon,1990-08-17
378883,Lino Tempelmann,1999-02-02
379188,Francisco Vera,1994-05-21
379530,Carlos Doncel,1996-12-04
379637,Ruslan Magal,1991-09-24
379977,Andriy Semenko,1993-07-17
380273,Felix Schwarzholz,1999-09-24
380415,Henry Onyekuru,1997-06-05
381625,Dario Zanatta,1997-05-24
381920,Artem Zakharov,1996-06-19
382554,Tyrese Campbell,1999-12-28
385257,Evgeniy Zharikov,1998-06-25
385848,George Edmundson,1997-08-15
386048,Samuel Yohou,1991-08-06
386315,Nathaël Julan,1996-07-19
386574,Fabrizio Caligara,2000-04-12
387143,Dogucan Haspolat,2000-02-11
388165,Yoane Wissa,1996-09-03
388210,Sedat Sahintürk,1996-02-07
389950,Adnan Karabulut,1998-07-10
390132,Renato Ziko,1997-11-16
391004,Jonas Wind,1999-02-07
391409,Filippo Franchi,1998-01-14
392524,Andrea Ciofi,1999-06-28
392655,Bogdan Milovanov,1998-04-19
393487,Shady Oukhadda,1999-01-17
393801,Nicola Danieli,1998-03-26
393922,Louis Poznanski,2001-05-24
394327,Boubacar Kamara,1999-11-23
394850,Gianni Palmese,1999-03-05
394872,Rayyan Baniya,1999-02-18
394906,Charles Traoré,1992-01-01
395237,Maxence Caqueret,2000-02-15
395693,Houssem Aouar,1998-06-30
396286,Ethan Hamilton,1998-10-18
396399,Yevgen Prodanov,1998-01-24
396532,Yevgeniy Smyrnyi,1998-08-18
396563,Ross Graham,2001-02-20
397228,Luca Scordino,2000-02-23
398065,Harvey Barnes,1997-12-09
398073,Achraf Hakimi,1998-11-04
398721,Islamzhan Nasyrov,1998-04-08
398844,Filipp Kondryukov,1997-02-24
399258,Kyle Magennis,1998-08-26
399262,Fraser Murray,1999-05-07
400542,Oliver Olsen,2000-08-13
400545,Christian Tue Jensen,2000-03-09
401884,Ruslan Marushka,1998-08-23
401922,Samuel Chukwueze,1999-05-22
402050,Julian de Blasis,1995-12-07
402925,Giannis Papadopoulos,1998-09-21
404821,Andréa Gambetta,1996-08-13
404845,Vladyslav Naumets,1999-03-07
405191,Kevin Hebbelinck,1996-09-08
405892,Alec Van Hoorenbeeck,1998-12-30
405969,Mark Veenhoven,1998-03-03
406636,Jamie Soule,2000-11-26
408472,Josep Calavera,1999-10-02
409553,Franco Ferrari,1995-08-10
410363,Furgan Polat,1997-01-21
410708,Pascal Struijk,1999-08-11
412092,Gaëtan Paquiez,1994-02-15
412596,Adam Parkes,1999-11-30
412660,Keinan Davis,1998-02-13
412946,Daan Reiziger,2001-06-18
412953,Wouter Burger,2001-02-16
413843,Keven Schlotterbeck,1997-04-28
414162,Yanno Vanwelkenhuysen,1997-03-28
416395,Serghino Sanches,1997-10-18
417228,Danylo Sikan,2001-04-16
417515,Mbaye Seck,1998-11-27
418425,Jaiminho,1997-09-28
418896,Stanislav Sorokin,2000-05-03
419255,Marijan Cavar,1998-02-02
420210,Lutsharel Geertruida,2000-07-18
420219,Vincent Schippers,2001-03-04
420808,George Hirst,1999-02-15
421765,Alessio Riccardi,2001-04-03
422947,Anders Baertelsen,2000-05-09
424121,Pavel Maslov,2000-04-14
424709,Cheick Timite,1997-11-20
425872,Sam Stubbs,1998-11-20
428791,Paulinho,2000-07-15
430280,Hans Nicolussi Caviglia,2000-06-18
431698,Bosko Sutalo,2000-01-01
432112,Aleksandr Chernikov,2000-02-01
432682,Lars Olden Larsen,1998-09-17
432694,Joshua Kitolano,2001-08-03
433984,Sam Beukema,1998-11-17
435497,China,1992-07-07
436063,Turan Tuzlacik,2001-03-02
442703,Ylber Ramadani,1996-04-12
443544,Adam Livingstone,1998-02-22
444380,Youssef El Kachati,1999-11-09
444523,Lucas Paquetá,1997-08-27
445784,Mikhail Tikhonov,1998-07-17
447071,Nauris Petkevicius,2000-02-19
448092,Lukas Krüger,2000-01-20
448844,Carlos Neva,1996-06-12
449351,Andrey Savin,1999-08-30
449722,Egor Golenkov,1999-07-07
450854,Innes Cameron,2000-08-22
451245,Daniil Markov,2001-01-01
451276,Dominik Szoboszlai,2000-10-25
451297,Luuk Wouters,1999-06-08
451311,Giannis Kiakos,1998-02-14
452192,Paul Grave,2001-04-10
452296,Joedrick Pupe,1997-06-04
452714,Alexis Gamboa,1999-03-20
452877,Mehdi Merghem,1997-07-19
453016,Anthony Caci,1997-07-01
453597,Vincent Marcel,1997-04-09
455289,Onur Akdeniz,1997-02-14
456533,Muhammed Isik,1997-02-09
457092,Simon Janssen,2000-09-25
458466,Franchu,1998-05-12
459953,Giacomo Manzari,2000-09-21
460379,Robbie D'Haese,1999-02-25
462855,Ioakim Zygeridis,1999-01-20
463694,Ollie Harfield,1998-01-09
463758,Terry Taylor,2001-06-29
463845,Oleksandr Demchenko,1996-02-13
466808,Jaume Cuéllar,2001-08-23
466809,Konrad de la Fuente,2001-07-16
466811,Pablo Moreno,2002-05-03
466816,Bradley Vliet,1998-03-24
467264,Kamil Khuchbarov,1999-08-28
467426,Dennis Borkowski,2002-01-26
468283,Shaocong Wu,2000-03-20
468301,Marcos Antônio,2000-06-13
468873,Erkebulan Seydakhmet,2000-02-04
469797,Simon Trier,1998-07-06
469822,David Neres,1997-03-03
469860,Indiana Vassilev,2001-02-16
470128,Sam Dalby,1999-12-07
470608,Reece Devine,2001-12-18
472243,Lilian Egloff,2002-08-20
472249,Jan Thielmann,2002-05-26
472423,Reece James,1999-12-08
473050,Kevin Schade,2001-11-27
474949,Marouane Afaker,1999-05-09
475412,Jean Marcelin,2000-02-12
475959,Josko Gvardiol,2002-01-23
476140,Nikita Saprunov,2000-02-15
476648,Yahya Boussakou,2000-03-04
477929,Kerem Kalafat,2001-03-09
479709,Paolo Cannistrà,2000-11-03
480248,Rafa Muñoz,1994-06-19
480265,Stan Van Dessel,2001-07-24
481639,Arne Galens,1998-03-24
481675,Christos Mandas,2001-09-17
481690,Dimitrios Serpezis,2001-03-14
482145,Issah Abass,1998-09-26
484994,Ulrick Eneme-Ella,2001-05-22
485583,Ki-Jana Hoever,2002-01-18
485962,Calvin Bombo,1999-01-18
486057,Giannis-Fivos Botos,2000-12-20
486144,Jakub Stolarczyk,2000-12-19
487417,Liam Millar,1999-09-27
488873,Jan Kubala,2000-05-05
490292,Momo Yansane,1997-07-29
490760,Tchamba,1998-07-10
492955,Frantzdy Pierrot,1995-03-29
494684,Kyle Jameson,1998-09-11
495200,Luis Ndreu,1999-05-20
495486,Jordan Sebban,1997-01-06
496270,Gianmarco Cangiano,2001-11-16
496652,Dylan Levitt,2000-11-17
497176,Jop van der Avert,2000-05-11
498686,Iván Angulo,1999-03-22
498899,Taras Sakiv,1997-11-19
500067,Chidera Ejuke,1998-01-02
501252,Magomed Rabadanov,2002-02-05
503851,Roman Tugarinov,1999-10-20
504125,Olivier Verdon,1995-10-05
504862,Jonas Skulstad,1998-04-21
506183,Berkay Sefa Kara,1999-03-27
509235,Théodore Efouba Ayissi,1997-05-05
510782,Rodrigão,1995-09-11
511550,Ellis Simms,2001-01-05
512690,Maïdine Douane,2002-08-23
512994,Jack MacKenzie,2000-04-07
515208,Pedrinho,1998-04-13
516751,Sergey Pinyaev,2004-11-02
518860,Madih Talal,1997-08-17
520492,Paulinho,1995-01-03
520651,Jensen Weir,2002-01-31
520839,Younes Achter,1997-01-12
522145,Daniil Kuznetsov,2003-04-23
522577,Bogdan Orynchak,1993-09-10
522791,Sambou Sissoko,1999-04-27
522833,Andriy Ponedelnik,1997-02-28
522851,Ajdin Hasic,2001-10-07
523913,Gabriel Haider,2002-06-18
524207,Spyros Glynos,1997-12-02
524965,Andriy Busko,1997-05-20
525234,Elsinho,1995-10-09
525477,Vladimir Medved,1999-11-04
530552,Federico Bonini,2001-08-06
531677,Di'Shon Bernard,2000-10-14
533728,Queven,1998-11-21
533902,Aristidis Kokkoris,1998-07-16
535490,Kyle Connell,2001-12-19
535551,Bartosz Bialek,2001-11-11
536535,Josh Jack,2001-02-04
537509,Mattia Compagnon,2001-11-06
537570,Tobias Stagaard,2002-01-29
537841,Yevgeniy Kucherenko,1999-08-27
538079,Alessio Furlanetto,2002-02-07
538964,Thijs Dallinga,2000-08-03
538998,Timothée Pembélé,2002-09-09
540064,Panagiotis Tzimas,2001-03-12
540665,Amadou Traoré,2002-03-07
540941,Mikkel Damsgaard,2000-07-03
542710,Matthias Praest,2000-06-21
542877,Kasper Högh,2000-12-06
544586,Kevin Lenini,1997-01-27
548588,Fatih Kizilay,1998-09-05
550495,Fernando,1999-03-01
553513,Nicholas Bonfanti,2002-03-28
555172,Artem Sokolov,2003-04-01
558553,Milan De Mey,2001-01-03
558713,Can Ahmet Üstün,1999-01-01
562314,Stefan Westra,2001-01-12
564545,Edmond Tapsoba,1999-02-02
564792,Giovanni Garofani,2002-10-20
565778,Sibiry Keita,2001-01-30
565821,Mika Biereth,2003-02-08
566666,Dani Rebollo,1999-12-10
567021,Nikita Chistyakov,2000-08-08
567465,Sebastiano Desplanches,2003-03-11
567470,Samuel Giovane,2003-03-28
568158,Javi López,2002-03-25
568377,Tijs Velthuis,2002-01-12
569361,Nassim Innocenti,2002-02-19
569384,Lucien Agoumé,2002-02-09
569654,David Kruse,2002-05-15
569866,Roberto López,2000-04-24
571604,Giorgio Scalvini,2003-12-11
571607,Fabio Miretti,2003-08-03
572919,Mohamed Sankoh,2003-10-16
573366,Aleksandr Kasyanenko,2002-03-15
574569,Marten Winkler,2002-10-31
576022,Vladyslav Yemets,1997-09-09
576990,Ender Aygören,2000-06-16
578544,Noah Naujoks,2002-05-02
578631,Bas Breukers,2002-07-25
579207,Michael,1995-04-08
580747,Yvann Maçon,1998-10-01
580809,Ed Turns,2002-10-18
581404,Artur Murza,2000-07-13
581781,Enzo Loiodice,2000-11-27
582302,Enrico Di Gesù,2002-03-26
583585,Andreas Foged,2001-03-12
583607,William de Camargo,1999-02-27
584118,Nicolai Christensen,2002-04-27
585711,Boris Lambert,2000-04-10
585982,Carlos Augusto,1999-01-07
586534,Alexandros Kavvadias,2000-05-10
586756,Festy Ebosele,2002-08-02
586855,Loreintz Rosier,1998-08-14
589139,Sofus Berger,2003-06-02
592472,Yusuf Hussain,2001-04-26
592491,Ryan Shanley,2001-01-16
592979,Himad Abdelli,1999-11-17
593480,Aymane Mourid,2000-05-07
593824,Patrick Brouwer,2001-03-19
594240,Tunahan Tasci,2002-04-29
594991,Mohamed Bayo,1998-06-04
596821,Scott Banks,2001-09-26
596837,Nathan Cooney,2002-02-21
597104,Walid Ould-Chikh,1999-11-06
599739,Xavier Simons,2003-02-20
601407,Robbe Decostere,1998-05-08
601877,Luan Capanni,2000-05-29
603541,Alioune Camara,1997-08-09
606248,Danylo Karas,1997-01-02
606576,Denis Franchi,2002-10-22
606603,Reegan Mimnaugh,2001-12-18
611426,Matías Arezo,2002-11-21
612059,Edoardo Piana,2003-09-29
613192,Jens Castrop,2003-07-29
613437,Zié Ouattara,2000-01-09
614826,Toby King,2002-01-04
615350,Cenk Özkacar,2000-10-06
616340,Julian Baas,2002-04-16
617445,Miullen,1998-05-19
617520,Stanislav Agkatsev,2002-01-09
618472,Castello Lukeba,2002-12-17
619872,Marijn Dijkstra,2003-04-25
621223,Francesco D'Alterio,2002-06-11
621586,Daniil Frolkin,2001-05-15
621965,Daan Dierckx,2003-02-24
623073,Dimosthenis Tenekes,2001-01-03
623142,Georgios Sournakis,1999-11-07
623158,Manolis Angelakis,1999-07-22
623318,llya Karavashchenko,2001-06-25
623521,Juanmi Latasa,2001-03-23
623553,Lechi Sadulaev,2000-01-08
625654,Julen Lobete,2000-09-18
626724,João Pedro,2001-09-26
627068,Ezequiel Bullaude,2000-10-26
627183,Benji Michel,1997-10-23
627277,José Manuel,1999-02-25
627755,Georgios Anthoulakis,2002-08-10
628461,Iker Recio,2001-06-17
628558,Riccardo Ciervo,2002-04-01
631278,Abbas Ibrahim,1998-01-02
631785,Rodrigo Freitas,1998-06-17
632831,Nicolò Bertola,2003-03-23
633398,Assil Jaziri,1999-08-03
634431,Beñat Turrientes,2002-01-31
635802,Sudais Ali Baba,2000-08-25
636093,Carlos Domínguez,2001-02-11
641153,Né Lopes,2000-05-29
641264,Murat Sarigül,2001-02-24
644796,Maksym Tatarenko,1999-05-07
645686,Lamare Bogarde,2004-01-05
649026,Moustapha Mbow,2000-03-08
649266,Jospin Nshimirimana,2001-12-12
649303,Daniil Denisov,2002-10-21
650350,Léo Leroy,2000-02-14
650993,Filippo Missori,2004-03-24
651842,Ziga Laci,2002-07-20
654539,Adrien Truffert,2001-11-20
655901,Abdullah Sahindere,2003-06-09
655903,Cagri Güney,2003-08-23
657435,Pedro Santos,2000-10-12
658298,Bogdan Kolesnyk,2000-09-15
660139,Metin Yildirim,2000-02-25
661322,Dimitrios Tsipouras,2002-07-26
662752,Luis Rojas,2002-03-06
665048,Arseniy Batagov,2002-03-05
666547,Zito Luvumbo,2002-03-09
666922,Ibrahima Breze Fofana,2002-08-15
667401,Serhat Ahmetoglu,2002-02-05
667991,Alaa Bellaarouch,2002-02-01
668502,Georgios Maidanos,1998-04-12
670000,João Diogo,1999-01-13
670295,Dogukan Kaya,2000-01-16
670857,Jude Soonsup-Bell,2004-01-10
671649,Álvaro Djaló,1999-08-16
673122,Ivan Savitskiy,2003-03-07
674809,Josh Mulligan,2002-11-12
675341,Gabriel Florentín,1999-03-13
683620,Antoni Milambo,2005-04-03
684210,Jaidon Anthony,1999-12-01
686632,Mikhail Strelnik,2000-05-27
690704,Grégoire Guiot,1997-03-05
693066,Kamarai Swyer,2002-12-04
698259,Thomas Kristensen,2002-01-17
698840,Yannic Stein,2004-09-17
699758,Quinten van den Heerik,2002-03-18
700010,Kerem Sen,2002-06-14
702988,Ömürcan Artan,1999-07-27
704337,William Rovida,2003-03-14
707844,Mandela Keita,2002-05-10
712042,Jacopo Ricco,2003-02-09
718201,Kevin Carlos,2001-04-10
724350,Berkay Vardar,2003-01-14
727077,Jankat Yilmaz,2004-08-16
731491,Franco Carboni,2003-04-04
733495,Andi Janjeva,2002-10-11
735861,Emre Karaal,2003-01-15
740253,Javi Castro,2000-09-13
741236,Matthew Cox,2003-05-02
741295,Enrique Herrero,2005-01-28
743377,Noah Mawete Kinsiona,2005-10-17
743390,Brahim Ghalidi,2005-01-31
743498,Wilson Odobert,2004-11-28
747045,Ross Smith,2003-10-14
748601,Gastón Ávila,2001-09-30
751093,Georgiy Korolev,2003-08-22
752778,Mads Enggaard,2004-01-20
762387,Khusrav Toirov,2004-08-01
766412,Théo Le Bris,2002-10-01
771906,Nazar-Stefan Sass,2002-01-09
776798,Abdallah Sima,2001-06-17
790969,Jakob Okkels,2003-06-26
793509,Mamadou Maiga,1995-02-10
795201,Pavlo Kravtsov,2000-01-19
795274,Mayckel Lahdo,2002-12-30
799899,Theo Sander,2005-01-08
799936,Loris Mouyokolo,2001-05-22
799986,Alexander Busch,2003-07-25
802747,Siriné Doucouré,2002-04-08
804884,Ibrahima Baldé,2003-01-17
807170,Djibril Bangoura,2001-12-27
807688,Yassin Belkhdim,2002-02-14
810093,Ayman Kari,2004-11-19
810558,Turpal-Ali Ibishev,2002-02-18
815007,Mattheos Mountes,2003-11-17
815104,Giannis Apostolakis,2004-09-24
815359,Lenny Joseph,2000-10-12
815652,Tiago Morais,2003-09-03
824754,Javi Gasca,2000-02-24
825448,Denys Fert,2002-09-12
831161,Lautaro Blanco,1999-02-19
838947,Alexandre Pierre,2001-02-25
839487,Seyit Ali Kahya,2002-01-03
840640,Sammy Braybrooke,2004-03-12
842899,Danylo Polonskyi,2001-11-14
847022,Alex Mortensen,2002-07-13
847759,Tom Lacoux,2002-01-25
852980,Nicolás Marichal,2001-03-17
855056,Taïryk Arconte,2003-11-12
860255,Haqi Osman,2002-04-11
867107,Saná Gomes,2002-07-09
874759,Eren Berberoglu,2003-03-06
876715,Zeki Furkan Kayali,2003-08-17
891379,Nordine Kandil,2001-10-31
892929,Hugo Álvarez,2003-07-02
900070,Jordi Blom,2002-06-05
911512,Malcom Musquet,2002-04-15
913303,Natanaël Bouekou,2002-05-10
914319,Ilya Tsurkan,2002-04-17
929575,Cristiano Fitzgerald,2003-11-10
936825,Ilya Kvasnytsya,2003-03-20
947069,El Hadji Dieye,2002-06-06
952014,Kaan Onaran,2004-01-01
954167,Sarp Yavrucu,2005-03-17
956095,Gökdeniz Karadeniz,2003-06-11
958647,Ümit Akdag,2003-10-06
959399,Roman Mykhayliv,2003-01-30
962986,Nicolas Staerck-Weille,1993-02-13
967948,Garang Kuol,2004-09-15
969153,Mathis Clairicia,2002-08-30
969742,Osman Kaynak,2006-05-15
1016015,Ngal'ayel Mukau,2004-11-03
992,Christian Weber,1983-09-15
1426,Cacau,1981-03-27
2358,Patrick Ochs,1984-05-14
2953,Paul Scharner,1980-03-11
3130,Titus Bramble,1981-07-31
3182,Ashley Cole,1980-12-20
3271,Luke Young,1979-07-19
3357,Mark Schwarzer,1972-10-06
3495,Dudu Aouate,1977-10-17
3775,George McCartney,1981-04-29
4251,Callum Davidson,1976-06-25
4359,Adil Ramzi,1977-07-14
5072,Thomas Kessler,1986-01-20
5562,Hugo Leal,1980-05-21
5664,Arnaud Le Lan,1978-03-22
5873,Marco Marchionni,1980-07-22
6157,Gaetano D'Agostino,1982-06-03
6666,Mijat Maric,1984-04-30
6807,Simone Farelli,1983-02-19
6980,Julien Cardy,1981-09-29
7214,Giannis Takidis,1981-04-17
7309,Senol Can,1983-04-03
7397,Özden Öngün,1978-09-10
7427,Ivica Olic,1979-09-14
7572,Carlos Marchena,1979-07-31
7668,Alberto Cifuentes,1979-05-29
7930,Rowan Vine,1982-09-21
9706,Sotiris Kyrgiakos,1979-07-23
11360,Lee McCulloch,1978-05-14
12508,Yann Jouffre,1984-07-23
12691,James Collins,1983-08-23
12812,Gavin Rae,1977-11-28
13069,Kristof Lardenoit,1983-07-08
13087,Kristof Snelders,1982-09-05
13271,Frank Boeckx,1986-09-27
13829,Diego Lugano,1980-11-02
13952,Liedson,1977-12-17
14119,Danny,1983-08-07
14349,Paulo César,1980-01-05
14514,Miguel Garcia,1983-02-04
14852,Stephen O'Donnell,1983-07-10
14974,Bo Svensson,1979-08-04
15055,Martin Retov,1980-05-05
15150,Markos Maragoudakis,1982-01-28
15463,Jordi López,1981-02-28
15590,Ruslan Nakhushev,1984-09-05
15596,Bogdan Shershun,1981-05-14
15872,Roman Sharonov,1976-09-08
16118,Paíto,1982-07-05
16191,Kendal Ucar,1981-09-03
16230,Mohamadou Sissoko,1988-08-08
16633,Alex Cordaz,1983-01-01
16635,Juanfran Torres,1985-01-09
16690,Diniyar Bilyaletdinov,1985-02-27
16956,Slawomir Peszko,1985-02-19
17171,Alessandro Agostini,1979-07-23
17179,Marko Basa,1982-12-29
17749,Aleksandr Anyukov,1982-09-28
18350,Dusan Pernis,1984-11-28
18673,Joan Hartock,1987-02-17
18947,Milhazes,1981-03-17
19083,Mikael Antonsson,1981-05-31
19694,Dusan Basta,1984-08-18
19726,Nemanja Vidic‎,1981-10-21
19987,Matías Sánchez,1987-08-18
20850,Jonas Jensen,1985-10-25
20861,Jakob Poulsen,1983-07-07
20865,Lars Winde,1975-12-03
21108,Jan Rajnoch,1981-09-30
21227,Zdenek Pospech,1978-12-14
21780,Daniele Cacia,1983-08-23
21887,Giovanni Marchese,1984-10-17
21955,Marco Rossi,1978-04-01
22328,Fabio Quagliarella,1983-01-31
22628,Benoît Costil,1987-07-03
22642,Nicolas Seube,1979-08-11
22809,Kevin Moon,1987-06-08
23076,Peter Nymann,1982-08-22
23284,Manuel Pasqual,1982-03-13
23307,Bruno China,1982-08-05
23523,Thomas Mikkelsen,1983-08-27
23553,Lennart Thy,1992-02-25
24001,Gianluca Curci,1985-07-12
24819,Nick van der Velden,1981-12-16
24859,Michalis Fragoulakis,1983-07-15
24976,Vance Sikov,1985-07-19
24977,Vasilios Torosidis,1985-06-10
25110,Rovérsio,1984-01-17
25395,Orestes,1981-03-24
25506,Pedro Pacheco,1984-06-27
25523,Karim El Ahmadi,1985-01-27
25651,Aleksandr Filimonov,1973-10-15
25780,Ayila Yussuf,1984-11-04
25879,Pavel Alikin,1984-03-06
25889,Ivan Cherenchikov,1984-08-25
25921,Roman Vorobjov,1984-03-24
26200,Kristi Vangjeli,1985-09-05
27303,Gerson Magrão,1985-06-13
27493,Iván Cuéllar,1984-05-27
27667,Vitolo,1983-09-09
27706,Mikhail Kerzhakov,1987-01-28
27924,Antonio Rukavina,1984-01-26
27941,Danijel Subasic,1984-10-27
28027,Nicola Pavarini,1974-02-24
28987,Roy Contout,1985-02-11
29241,Thiago Silva,1984-09-22
30059,Lars Bender,1989-04-27
30304,Grétar Steinsson,1982-01-09
30418,Marcus Berg,1986-08-17
30584,Juan Manuel Vargas,1983-10-05
30694,Juan Manuel Torres,1985-06-20
31867,Yasin Öztekin,1987-03-19
32816,Danilo,1984-05-10
33100,Suleiman Omo,1985-12-15
33315,Diego Souza,1985-06-17
33430,Adam Kokoszka,1986-10-06
33544,Antonio Valencia,1985-08-04
33572,Henrique,1983-05-02
33639,Kevin Mirallas,1987-10-05
33829,José Fonte,1983-12-22
33926,Christian Nadé,1984-09-18
33950,Laurent Agouazi,1984-03-16
34053,Cheick N'Diaye,1985-02-15
34226,Djamel Abdoun,1986-02-14
34239,Aleandro Rosi,1987-05-17
34336,Andrea Costa,1986-02-01
34393,Vedran Corluka,1986-02-05
35004,Balázs Dzsudzsák,1986-12-23
35241,Vítor Murta,1979-07-21
35315,Arvid Schenk,1989-07-28
35564,Fernando Llorente,1985-02-26
35711,Robert Ahman-Persson,1987-03-26
35892,Mladen Bozovic,1984-08-01
36238,Ruslan Fomin,1986-03-02
36262,Wílton Figueiredo,1982-03-17
36371,Nikola Kalinic,1988-01-05
36657,Lee Wallace,1987-08-01
36812,Blagoy Georgiev,1981-12-21
36821,Vladimir Bozovic,1981-11-13
36866,Billy Jones,1987-03-24
37138,Adam Eckersley,1985-09-07
37171,Craig Gardner,1986-11-25
37293,Markus Halsti,1984-03-19
37788,Philipp Hosiner,1989-05-15
38041,Walid Atta,1986-08-28
38073,Martin Olsson,1988-05-17
38270,Sergio Sánchez,1986-04-03
38297,Bogdan Shust,1986-03-04
38592,Juanito Gómez,1985-05-20
38646,Nicola Ferrari,1983-07-15
38662,Halisson,1985-06-28
38817,Sergio Tejera,1990-05-28
38960,Karim Belhocine,1978-04-02
39194,Bakary Soro,1985-12-05
39642,Bryan Ruiz,1985-08-18
39705,Nicky Maynard,1986-12-11
39710,Tam Scobbie,1988-03-31
39784,Hélder Barbosa,1987-05-25
39913,Ludovic Baal,1986-05-24
39996,Andriy Pyatov,1984-06-28
40436,Ben Sahar,1989-08-10
40614,Shaun Cummings,1989-02-25
40680,Sven Ulreich,1988-08-03
40875,Malaury Martin,1988-08-25
41208,Christian Pouga,1986-06-19
41426,Abdulkadir Özgen,1986-09-08
41843,Mikkel Vendelbo,1987-08-15
42189,Yoni Buyens,1988-03-10
42203,Fabian Lustenberger,1988-05-02
42393,Tom De Sutter,1985-07-03
42425,Nikola Beljic,1983-05-14
42737,Thomas Matton,1985-10-24
42796,Nicola Ravaglia,1988-12-12
42936,Nils Petersen,1988-12-06
42948,Ari Freyr Skúlason,1987-05-14
42976,Marcelo Oliveira,1981-09-05
43085,Tommaso Bianchi,1988-11-01
43380,Adigun Salami,1988-05-06
43521,Scott Robertson,1985-04-07
43716,Tamás Priskin,1986-09-27
43763,Erik Pieters,1988-08-07
44368,Federico Gerardi,1987-12-10
44422,Jan Seda,1985-12-17
44465,Jim Larsen,1985-11-06
44628,Daniele Gasparetto,1988-04-06
44729,Arjan van Dijk,1987-01-17
44735,Aythami Artiles,1986-04-02
44956,Nicolás Canales,1985-06-27
45045,Guima,1986-03-11
45403,André Ayew,1989-12-17
45509,Siem de Jong,1989-01-28
45527,Mark Ridgers,1990-08-09
45577,Sebastián Ribas,1988-03-11
45623,George Boyd,1985-10-02
45646,Diego Buonanotte,1988-04-19
45861,Ryan Shawcross,1987-10-04
46007,Ronnie Schwartz,1989-08-29
46040,Dimitrios Giantsis,1988-03-04
46477,Mathias Ranégie,1984-06-14
46658,Bogdan Stancu,1987-06-28
47217,Artem Fidler,1983-07-14
47740,Nils Röseler,1992-02-10
47768,Alex Pearce,1988-11-09
48373,Karleigh Osborne,1988-03-19
48560,Dmitriy Tarasov,1987-03-18
49251,Maksim Grigorjev,1990-07-06
49499,Georginio Wijnaldum,1990-11-11
49867,Lukas Schmitz,1988-10-13
50362,Fabian Delph,1989-11-21
50366,Igor Jovanovic,1989-05-03
50935,Chicharito,1988-06-01
51141,Aleksandar Lazevski,1988-01-21
51161,Zivko Zivkovic,1989-04-14
51730,Jamie Murphy,1989-08-28
51948,Daniel de Oliveira,1985-09-14
51972,Robbie Kruse,1988-10-05
52101,Abdul Osman,1987-02-27
52135,Riccardo Maniero,1987-11-26
52432,Felipe Mattioni,1988-10-15
52469,Mikel San José,1989-05-30
52874,Ederson Tormena,1986-01-14
52915,Júnior Moraes,1987-04-04
53173,Philipp Wollscheid,1989-03-06
53360,Jay Rodríguez,1989-07-29
53437,Bastian Oczipka,1989-01-12
53477,Jonathan Cristaldo,1989-03-05
53532,Dirceu,1988-01-05
53555,Kadir Keles,1988-01-01
53757,Felipe Menezes,1988-01-20
258,Gerald Asamoah,1978-10-03
3804,Carlo Nash,1973-09-13
5278,Alexander Manninger,1977-06-04
6403,Bas Sibum,1982-12-26
7448,Hossam Ghaly,1981-12-15
7945,Miguel Ángel Corona,1981-02-12
10503,Uwe Hünemeier,1986-01-09
13902,Hussein Yasser,1982-10-09
16335,Charles,1985-02-14
16891,Paolo Castellini,1979-03-25
21398,Berry Powel,1980-05-02
21488,Tita,1981-07-20
21972,Cristian Molinaro,1983-07-30
23966,Jérémy Perbet,1984-12-12
24480,Nikolay Mihaylov,1988-06-28
25229,Filipe Mendes,1985-06-17
26276,Michel Vorm,1983-10-20
26336,Ivan Bandalovski,1986-11-23
26797,Julien Gorius,1985-03-17
29055,Jesús Gámez,1985-04-10
29605,Daniel Ciofani,1985-07-31
30391,Rasmus Elm,1988-03-17
31041,Fabian Johnson,1987-12-11
31095,Nuri Sahin,1988-09-05
31553,Danny Fox,1986-05-29
32845,Moritz Stoppelkamp,1986-12-11
33031,Vangelis Ikonomou,1987-07-18
33108,Gonzalo García,1983-10-13
34024,Targino,1986-06-06
35650,Jean Calvé,1984-04-30
36149,Jovan Markoski,1980-06-23
37413,Alessandro Bernardini,1987-01-21
42460,Ivan Perisic,1989-02-02
43288,Oleksandr Chyzhov,1986-08-10
44567,Tobias Mikkelsen,1986-09-18
45864,Ruud Vormer,1988-05-11
46154,Chris Martin,1988-11-04
53400,Dominick Drexler,1990-05-26
53719,Ariel Borysiuk,1991-07-29
54160,Guilherme,1988-10-22
55270,Ramon Motta,1988-05-06
55892,Mauricio Sperduti,1986-02-16
56711,Almog Cohen,1988-09-01
59054,Lukas Hinterseer,1991-03-28
61743,André Santos,1989-03-02
61854,Tim Siekman,1990-05-25
63204,Yekta Kurtulus,1985-12-11
63356,Tim Breukers,1987-11-04
63422,David Moberg Karlsson,1994-03-20
66707,Cengiz Bicer,1987-12-11
70131,Ondrej Celustka,1989-06-18
75544,Uros Palibrk,1992-03-22
77812,Christoph Zimmermann,1993-01-12
78507,Derrick Tshimanga,1988-11-06
82332,Maikel Kieftenbeld,1990-06-26
82834,Antonio Meola,1990-05-08
89205,Mark Gundelach,1992-01-07
89215,Grenddy Perozo,1986-02-28
95996,Andreas Holm,1988-12-07
101042,Josip Kvesic,1990-09-21
104962,Filip Orsula,1993-02-25
107116,Lasse Nielsen,1987-03-03
107350,Fraser Fyvie,1993-03-27
109012,Ivan Runje,1990-10-09
110000,Idrissa Sylla,1990-12-03
110686,Kamil Ahmet Cörekci,1992-02-01
123261,Vlad Chiriches,1989-11-14
123682,Callum Wilson,1992-02-27
130907,Yevgen Zarichnyuk,1989-02-03
131250,Dylan Flores,1993-05-30
148485,Timofey Margasov,1992-06-12
152641,Bilal Sezer,1994-01-25
153537,Nicolás Vélez,1990-07-04
157036,Dyego Sousa,1989-09-14
157961,Stephen Buyl,1992-09-02
159668,Sam Larsson,1993-04-10
159706,Mergim Brahimi,1992-08-08
160742,Raif Husic,1996-02-05
163647,Kastriot Dermaku,1992-01-15
166563,Denys Balan,1993-08-18
167042,Cenk Sahin,1994-09-22
167799,Pierre-Emile Höjbjerg,1995-08-05
168163,Deni Milosevic,1995-03-09
168408,Lubomir Satka,1995-12-02
175383,Helton Leite,1990-11-02
175601,Rafael Amorim,1987-07-30
178933,Alejandro Barbaro,1992-01-20
182582,Joris van Overeem,1994-06-01
182904,Clément Lenglet,1995-06-17
184218,Javi Hervás,1989-06-09
191820,Salva Chamorro,1990-05-08
192541,Seejou King,1992-04-14
193080,Adel Gafaiti,1994-07-16
194205,Zvonimir Kozulj,1993-11-15
194463,William Kvist,1994-08-25
196227,Donis Avdijaj,1996-08-25
196826,Christian Ortag,1995-01-14
199633,Raman Chibsah,1993-03-10
199938,Yusuf Abdioglu,1989-10-14
201427,Kasper Enghardt,1992-05-27
202380,Ryan Sanusi,1992-01-05
203415,Ömer Arslan,1993-07-15
212198,Vaná Alves,1991-04-25
214928,Kean Bryan,1996-11-01
221687,Alex Gilliead,1996-02-11
224078,Dmitri Karasev,1992-04-01
224256,Bilal Basacikoglu,1995-03-26
226968,Sam McQueen,1995-02-06
233420,Jesper Verlaat,1996-06-04
236956,Soufiane Chakla,1993-09-02
237244,Marco Rente,1997-02-25
237947,Rumyan Hovsepyan,1991-11-13
244937,Nikolaos Liolios,1991-12-07
245030,Milan Gajić,1996-01-28
248658,Vasilios Barkas,1994-05-30
251829,Shaq Coulthirst,1994-11-02
257981,Tarik Kada,1996-05-26
259150,Leon Brüggemeier,1997-08-23
262793,Christian Luyindama,1994-01-08
273824,Ousman Manneh,1997-03-10
282349,Timo Becker,1997-03-25
284732,Ramy Bensebaini,1995-04-16
285000,Fikret Sevilgen,1994-01-24
291111,Sessi D'Almeida,1995-11-20
291548,Erce Kardesler,1994-03-14
292806,Casper De Norre,1997-02-07
295443,Vasilios Patsatzoglou,1994-04-10
297367,Gianmarco Chironi,1997-09-07
311438,Mathias Hebo Rasmussen,1995-08-02
312533,Callum Williams,1997-02-04
314974,Dante Rigo,1998-12-11
315211,Sherel Floranus,1998-08-23
316419,Issa Baradji,1995-06-15
326221,Menno Heus,1995-12-17
333098,Nikolaos Vafeas,1997-02-21
334082,Rodrigo Colombo,1992-11-19
335192,Bogdan Sichkaruk,1994-08-01
335193,Tymur Pogranichnyi,1995-02-16
338680,Alessandro Ciranni,1996-06-28
338903,Vladislav Soromytjko,1994-09-29
339445,Jelle de Lange,1998-01-30
340322,Nathan Tella,1999-07-05
340736,Divine Naah,1996-04-20
342967,Jan-Niklas Beste,1999-01-04
344299,Bakhtiyor Zaynutdinov,1998-04-02
344677,George Timotheou,1997-07-29
349281,Tuur Houben,1996-01-12
355627,Sergio Akieme,1997-12-16
358631,Illies Bruylandts,1995-07-03
360520,Odysseus Velanas,1998-06-05
374301,Artem Syomka,1998-02-18
377725,Jordan van der Gaag,1999-01-03
379084,Pavel Shakuro,1997-07-25
381832,Roman Krivulkin,1996-02-18
382423,Vasilios Mantzis,1991-12-04
385255,Adélcio Varela,1996-04-22
385817,Karol Fila,1998-06-13
387112,Luka Dumancic,1998-10-27
390667,Jean-Armel Drolé,1997-08-18
395076,Maksym Sidelnyk,1997-12-24
403080,Erik Vardanyan,1998-06-07
405176,Oleksiy Zbun,1997-06-09
406559,Timothy Eyoma,2000-01-29
406637,Tashan Oakley-Boothe,2000-02-14
406638,Oliver Skipp,2000-09-16
411646,Ertugrul Teksen,2000-04-25
422930,Elias Sörensen,1999-09-18
430910,Sebastian Koch,1996-10-11
433186,Bali Mumba,2001-10-08
440827,Nemanja Milojevic,1998-02-23
460655,Moussa Sylla,1999-11-25
470597,Ben Cottrell,2001-10-31
473080,Regan Slater,1999-09-11
477249,Christopher Mamengi,2001-04-03
479634,Saldanha,2001-03-19
481198,Ramiro Vaca,1999-07-01
488298,Maksim Paskotsi,2003-01-19
493513,Karl Hein,2002-04-13
499956,Mathieu De Smet,2000-04-27
502247,Louis Patris,2001-06-07
503768,Tyreece John-Jules,2001-02-14
504107,Edi Semedo,1999-06-01
504856,Will Ferry,2000-12-07
515017,Jacob Christensen,2001-06-25
524285,Luca Netz,2003-05-15
524925,Modibo Sagnan,1999-04-14
531274,Diego Fuoli,1997-10-20
538996,Tanguy Nianzou,2002-06-07
543392,Lassana N'Diaye,2000-10-03
546111,Nicolas Willumsen,2001-01-01
546543,Darwin Núñez,1999-06-24
550116,Ilario Monterisi,2001-12-19
551505,Mousa Al-Tamari,1997-06-10
552628,Hernán de la Fuente,1997-01-07
556749,Luciano Carty,2001-10-02
563692,Bruno Fuchs,1999-04-01
564919,João Neto,2003-05-21
566888,Thomas Dickson-Peters,2002-09-16
570227,Fábio Baldé,2000-05-03
590914,Bandiougou Fadiga,2001-01-15
596144,Raymond Huizing,2001-08-21
602036,Edwin Herrera,1998-09-02
606872,Leonardo Campana,2000-07-24
610428,Oscar Fraulo,2003-12-06
610431,Wahid Faghir,2003-07-29
610665,Caleb Watts,2002-01-16
632349,Jarell Quansah,2003-01-29
648027,Rúben Fonseca,2000-02-24
654507,Philip Tear,1998-08-26
654551,Jonas Taillieu,1999-05-14
658530,Jonas Jensen-Abbew,2002-04-20
668495,Marcelo Flores,2003-10-01
696181,Romaine Mundle,2003-04-24
718643,Alioune Ndour,2001-03-03
726108,Kristian Rroku,2003-03-29
732119,Kaide Gordon,2004-10-05
782612,Tiago Almeida,2001-08-28
804040,George Broadbent,2000-09-30
814870,Zaur Tarba,2003-05-14
841501,Cedrik Gbo,2002-09-09
873550,Eren Fansa,2003-06-03
1035048,Modou Tambedou,2003-04-04
3597,Jamie Carragher,1978-01-28
7445,Can Arat,1984-01-21
8491,Olcan Adin,1985-09-30
9694,Efthymios Kouloucheris,1981-03-10
12359,Niki Mäenpää,1985-01-23
14124,Ramon Zomer,1983-04-13
14515,Luís Filipe,1979-06-14
15386,Sören Berg,1976-05-15
17465,Hakan Özmert,1985-06-03
19641,Emmerson Boyce,1979-09-24
19819,Raffael,1985-03-28
22167,Thomas Guldborg Christensen,1984-01-20
22339,Sekou Cissé,1985-05-23
22645,Ronald Zubar,1985-09-20
23496,Danni König,1986-12-17
24004,Sergiy Dolganskyi,1974-09-15
24458,Elyaniv Barda,1981-12-15
27861,Senijad Ibricic,1985-09-26
30379,Kaspars Gorkss,1981-11-06
30672,Kenneth Van Goethem,1984-02-13
31316,Silvestre Varela,1985-02-02
38607,Federico Di Francesco,1994-06-14
41523,Nico Burchert,1987-06-24
43512,Ömer Toprak,1989-07-21
44594,Felix Wiedwald,1990-03-15
45128,David Fleurival,1984-02-19
46972,Teemu Pukki,1990-03-29
51356,Raúl Bobadilla,1987-06-18
2374,Patrick Owomoyela,1979-11-05
15049,Thomas Hansen,1983-01-18
19182,Salvatore Aronica,1978-01-20
20838,Hans Henrik Andreasen,1979-01-10
21415,Marc Fitzpatrick,1986-05-11
22902,Martin Mikkelsen,1986-04-29
23389,Mikkel Beckmann,1983-10-24
30003,Wout Brama,1986-08-21
37247,Vadim Demidov,1986-10-10
45243,Ivo Gonçalves,1984-05-06
59027,Roman Bürki,1990-11-14
73417,Sten Grytebust,1989-10-25
82070,Diego Demme,1991-11-21
85627,Scott Bain,1991-11-22
90354,Erik Cikos,1988-07-31
90725,Denis Kolinger,1994-01-14
108315,Simon Jakobsen,1990-11-17
110326,Jucilei,1988-04-06
124915,Sean McCarthy,1993-07-11
127573,Phillipp Mwene,1994-01-29
132206,John Herron,1994-02-01
153776,Christopher Routis,1990-03-03
175709,Stefan Thesker,1991-04-11
180017,Konstantin Savichev,1994-03-06
181136,Piotr Zielinski,1994-05-20
195628,Jack Baldwin,1993-06-30
214346,Virgil Misidjan,1993-07-24
220896,Robin Buwalda,1994-08-17
250471,Jari Oosterwijk,1995-03-03
251327,Alexander Laukart,1998-10-25
251492,Mark Foden,1996-03-19
264478,Jordi Balk,1994-04-26
274461,Felix Passlack,1998-05-29
285424,Islam Suleymanov,1993-06-02
286919,Josh Sims,1997-03-28
290768,Kevin Yamga,1996-09-07
294502,Dostonbek Khamdamov,1996-07-24
315910,Alessio Gionta,1997-04-01
326029,Donyell Malen,1999-01-19
333640,Joël Drommel,1996-11-16
341230,Álex Robles,1999-01-28
349300,Sead Haksabanovic,1999-05-04
372267,Guus Til,1997-12-22
388067,Stefan Drljaca,1999-04-20
395928,Marco Pasalic,2000-09-14
421424,Jake Vokins,2000-03-17
453737,Marcel Lotka,2001-05-25
467232,Arbnor Mucolli,1999-09-15
474590,Andrés Sarmiento,1998-01-15
502670,Khvicha Kvaratskhelia,2001-02-12
523947,Kevin Custovic,2000-02-03
524043,Jesse Bosch,2000-02-01
530965,Matthew Wright,2002-10-16
594039,Fodé Fofana,2002-10-26
613975,Tobias Jakobsen,2003-07-03
618086,Max Bruns,2002-11-06
636170,Joep van der Sluijs,2001-12-01
644408,Oliver Provstgaard,2003-06-04
645173,Manfred Ugalde,2002-05-25
662562,Giuseppe D'Agostino,2003-05-11
718232,Abdoulaye Kamara,2004-11-06
739438,Matheus Pereira,2000-12-21
763798,Alejandro Alvarado,2003-07-29
904926,Ryan MacLeman,2004-03-22
911853,João Ricardo,2001-11-02
4513,Dennis Gentenaar,1975-09-30
7642,Toni Doblas,1980-08-05
13938,Richard Brittain,1983-09-24
14746,Don Cowie,1983-02-15
15760,Ibrahim Afellay,1986-04-02
22490,Michael Christensen,1983-02-06
29977,Branko Ilic,1983-02-06
36808,Chris Robertson,1986-10-11
43925,Paddy McCourt,1983-12-16
45930,Marcel Stutter,1988-03-06
54470,Lima,1983-05-11
54528,Ioan Hora,1988-08-21
54557,Matías Fritzler,1986-08-23
54816,Dmytro Lyopa,1988-11-23
54921,Massimo Volta,1987-05-14
55000,Vincenzo Fiorillo,1990-01-13
55255,Douglão,1986-05-18
55993,Pablo Álvarez,1984-04-17
56317,Michiel Hemmen,1987-06-28
56415,Denis Mahmudov,1989-11-06
56543,Jesús Rueda,1987-02-19
56601,Eric Botteghin,1987-08-31
56789,Lynel Kitambala,1988-10-26
56797,Chris Malonga,1987-07-11
56830,Sebastien De Maio,1987-03-05
56917,Daniele Mori,1990-06-28
56921,Alberto Pelagotti,1989-03-09
57071,Péter Gulácsi,1990-05-06
57208,Felipe Saad,1983-09-11
57226,Tozé Marreco,1987-07-25
57295,Moussa Koné,1990-02-12
57368,Sofyane Cherfa,1984-08-13
57449,Jamel Saihi,1987-01-27
57941,Samuel Llorca,1985-04-26
57995,Daniel Didavi,1990-02-21
58043,Rustam Khudzhamov,1982-10-05
58124,Julian Schieber,
58178,David Abraham,1986-07-15
58312,Dimosthenis Baxevanidis,1988-04-14
58403,Denys Kozhanov,1987-06-13
58436,Luís Alberto,1983-11-17
58534,Gökhan Degirmenci,1989-03-21
58879,Gökhan Emreciksin,1984-09-10
58923,André Pinto,1989-10-05
58928,Yuriy Brovchenko,1988-01-25
59303,Michael Paton,1989-03-25
59335,Dani Aquino,1990-07-27
59375,David Zurutuza,1986-07-19
59823,Rafael Defendi,1983-12-22
60551,Lossémy Karaboué,1988-03-18
60614,Evren Özyigit,1986-01-01
60890,Fabián Orellana,1986-01-27
60923,Scott Fox,1987-06-28
60960,Scott Robinson,1992-03-11
61401,Vincenzo Rennella,1988-10-08
61539,Davide Lanzafame,1987-02-09
61568,Jack Collison,1988-10-02
61653,Conor Hourihane,1991-02-02
61715,Jordan Mustoe,1991-01-28
61838,Jonathan Obika,1990-09-12
61841,Adam Smith,1991-04-29
61842,Andros Townsend,1991-07-16
62735,Pietro Iemmello,1992-03-06
62800,Adam Hlousek,1988-12-20
62831,Robert Demjan,1982-10-26
62909,Owain Tudur Jones,1984-10-15
63665,David Crawford,1985-06-30
64920,Zeki Korkmaz,1988-09-01
65060,Borja Gómez,1988-05-14
65177,Khalid Sekkat,1984-05-12
65237,Andreu Fontàs,1989-11-14
65976,Hal Robson-Kanu,1989-05-21
66360,Daniele Ragatzu,1991-09-21
66788,Kafoumba Coulibaly,1985-10-26
67089,Juan Cala,1989-11-26
69838,El Fardou Ben,1989-06-10
69913,Kyrylo Kovalchuk,1986-06-11
70243,Marcel Halstenberg,1991-09-27
70411,Darko Lazović,1990-09-15
70778,Harlem Gnohéré,1988-02-21
70919,Volodymyr Bidlovskyi,1988-05-31
70934,Nolito,1986-10-15
71204,Javi Moyano,1986-02-23
71442,Darren Jamieson,1991-02-15
71559,Xabi Etxeita,1987-10-31
72087,Andres Tuñez,1987-03-15
72193,Dimitrios Chasomeris,1989-06-23
72195,Juan Domínguez,1990-01-08
72479,Clément Grenier,1991-01-07
72518,Jamie Walker,1993-06-25
72989,Luka Tankulic,1991-06-21
73048,Ivan Martic,1990-10-02
73522,Matty James,1991-07-22
73738,Kheireddine Zarabi,1984-07-18
73854,Denis Tkachuk,1989-07-02
74288,Nassim Ben Khalifa,1992-01-13
74306,André Alves,1983-10-15
74615,Abdelhamid El Kaoutari,1990-03-17
75420,Bolívia,1985-11-17
75422,Markus Holgersson,1985-04-16
76293,Giovanni Sio,1989-03-31
76728,Pablo Pintos,1987-07-01
77108,Jérôme Gondorf,1988-06-26
79121,Giliano Wijnaldum,1992-08-31
79276,Konstantinos Banousis,1988-01-23
79967,Simon Zoller,1991-06-26
79972,Baptiste Schmisser,1986-02-26
80151,William Soares,1988-12-30
80383,Rodgers Kola,1989-07-04
80702,Mark Birighitti,1991-04-17
81532,Celso Borges,1988-05-27
81636,Jackson Mendy,1987-05-25
81897,Mamadou Bagayoko,1989-12-31
81978,Jakub Podany,1987-06-15
82112,Julian Riedel,1991-08-10
82130,Gökhan Töre,1992-01-20
82599,Valeriy Fedorchuk,1988-10-05
82713,Abdullah Durak,1987-04-01
82999,Yuki Otsu,1990-03-24
83002,Hiroki Sakai,1990-04-12
83188,Marc Lais,
83234,Cihan Özkara,1991-07-14
83368,Abdoul Wahid Sissoko,1990-03-20
83469,Cenk Güvenc,1991-12-29
83983,Lucas Mendes,1990-07-03
84467,Rafael,1982-03-03
85119,Björn Daníel Sverrisson,1990-05-29
85208,Matteo Scozzarella,1988-06-05
85365,Edu Ramos,1992-02-17
85654,Burak Bükel,1992-03-13
86100,Vagiz Galiulin,1987-10-10
86106,Davy Claude Angan,1987-09-20
86172,Mu Kanazaki,1989-02-16
86264,Danil Klenkin,1990-07-14
86466,Yevgeniy Tkachuk,1991-06-27
87504,Fernando Alloco,1986-04-30
87667,Cristian Montano,1991-12-11
88721,Jeffrey Bruma,1991-11-13
89082,Franck Semou,1992-08-25
89330,Javi Ros,1990-02-16
89648,David Cornell,1991-03-28
89659,Shawn Parker,1993-03-07
89701,Charles Aránguiz,1989-04-17
90317,Daniel Batz,1991-01-12
90465,Sergiy Shevchuk,1990-09-21
90800,Diego Rodríguez,1989-06-25
91254,Jonathan Page,1990-02-08
91259,Yuri Shturko,1984-10-08
91557,Nemanja Miletic,1991-07-26
91571,Dmytro Leonov,1988-11-06
92348,Breitner,1989-09-09
92472,Akaki Gogia,1992-01-18
93552,Benedikt Saller,1992-09-22
93568,Murat Bildirici,1993-02-20
94180,Valdinho,1989-10-06
94201,Robin Knoche,1992-05-22
94922,Bogdan Butko,1991-01-13
94928,Ruslan Babenko,1992-07-08
95364,Panajotis Dimitriadis,1986-08-12
95480,Luso,1984-12-04
96148,Aaron Doran,1991-05-13
96327,John Culma,1981-03-17
96824,Dimitrios Vlastellis,1982-08-10
98125,Mehmet Kuruoglu,1990-08-10
99345,Ante Vukusic,1991-06-04
99499,Rafael Martins,1989-03-17
99637,Arthur Henrique,1987-01-14
100131,William Carvalho,1992-04-07
101355,Lúcio,1990-04-18
101531,Jonathan Heris,1990-09-03
102132,Nicklas Helenius,1991-05-08
102423,Leandro Cabrera,1991-06-17
103444,Ögmundur Kristinsson,1989-06-19
103516,Alessandro Marchi,1989-12-07
104201,Maksim Kanunnikov,1991-07-14
104516,Naim Sharifi,1992-06-03
104918,Christian Sörensen,1992-08-06
104977,Michal Skvarka,1992-08-19
105362,Adolphe Teikeu,1990-06-23
106196,Andrey Sinitsyn,1988-06-23
106629,Stanislav Prokofjev,1987-02-15
109256,Haris Seferovic,1992-02-22
110689,Deniz Mehmet,1992-09-19
110695,Ömer Ali Sahiner,1992-01-02
110720,Sven Dhoest,1994-04-09
110728,Franco Zennaro,1993-04-01
110867,Jed Steer,1992-09-23
110879,Patrick ter Mate,1992-02-17
110885,Florian Ballas,1993-01-08
110931,Marco Fossati,1992-10-05
111078,Emil Forsberg,1991-10-23
111422,Neeskens Kebano,1992-03-10
111667,Marcinho,1986-05-14
111881,Takashi Usami,1992-05-06
111983,Matan Ohayon,1986-02-25
112343,Manolo Gabbiadini,1991-11-26
112668,Tomer Hemed,1987-05-02
112669,Boban Jovic,1991-06-25
112674,Dan Mori,1988-11-08
112988,Cédric Soares,1991-08-31
113025,Zé Manuel,1990-10-23
113039,Niklas Hult,1990-02-13
114466,Adem Alkasi,1984-04-14
114791,Ahmed Yasin,1991-04-22
116272,Benedikt Röcker,
116614,Simon Thern,1992-09-18
117551,Denis Polyakov,1991-04-17
118078,Dickson Nwakaeme,1986-04-21
118161,Marius Müller,1993-07-12
118278,Xavier Chavalerin,1991-03-07
119037,Philipp Hofmann,1993-03-30
119164,Ezequiel Schelotto,1989-05-23
119224,Rustem Mukhametshin,1984-04-02
119234,Karim Onisiwo,1992-03-17
119301,Serdar Deliktas,1986-08-04
120565,Andre Gray,1991-06-26
121238,George Moncur,1993-08-18
121686,Cristian Gamboa,1989-10-24
122647,Damiano Schet,1990-04-08
123366,Roman Godovany,1990-10-04
123543,Artem Sukhotskyi,1992-12-06
124456,Konstantin Fuhry,1994-09-02
125031,Dimitrios Tairis,1989-12-03
125769,Marvin Peersman,1991-02-10
126014,Leandro Bacuna,1991-08-21
126555,Victor Fuchs,1992-07-10
126665,Idrissa Gueye,1989-09-26
126692,Yassine Jebbour,1991-08-24
126705,Martin Sourzac,1992-03-25
126716,Paco Alcácer,1993-08-30
126731,Javi Noblejas,1993-03-18
127053,Rafaël Dias,1991-01-29
127073,Lionel Zouma,1993-09-10
127126,Adrien Coulomb,1990-10-04
127213,Alexi Peuget,1990-12-18
127693,Stelios Tsoukanis,1990-02-27
129096,Ilya Kutepov,1993-07-29
129128,Romário,1992-06-28
129386,Zouhair Feddal,1989-12-23
129787,Barak Badash,1982-08-30
130040,Oleksandr Golikov,1991-11-13
130741,Romeu,1986-02-17
131015,Marco Baixinho,1989-07-11
131589,Billel Omrani,1993-06-02
132244,Dimitrios Macheras,1990-08-16
132398,Karel Van Roose,1990-04-01
132921,Aday Benítez,1987-12-16
134294,Danny Ings,1992-07-23
134422,Callum McFadzean,1994-01-16
136142,Armando Vajushi,1991-12-03
136308,Gerrit Wegkamp,1993-04-13
136646,Nikolaos Kousidis,1993-01-03
136647,Charalampos Mavrias,1994-02-21
137150,Alex Wynter,1993-09-15
137154,Alex Henshall,1994-02-15
137582,Martin Linnes,1991-09-20
137616,Okay Yokuslu,1994-03-09
138267,Rúben Brígido,1991-06-23
139394,Rúben Pinto,1992-04-24
139735,Giannis Gesios,1988-08-03
140554,Martin Boyle,1993-04-25
143029,Stefan Mitrović,1990-05-22
144927,Edu Machado,1990-04-26
145563,Dusan Pantelic,1993-04-15
146010,Sergey Breev,1987-04-22
146099,Remi Mulumba,1992-11-02
146303,Maksim Zhestkov,1993-04-21
146373,Antoine Rabillard,1995-09-22
146721,Nyasha Mushekwi,1987-08-21
146799,Alberto Brignoli,1991-08-19
148484,Artem Potapov,1994-06-28
148489,Mikel Agu,1993-05-27
148955,Paul-Georges Ntep,1992-07-29
149698,Arturs Karasausks,1992-01-29
149946,Raphael Martinho,1988-04-15
150058,Denis Kutin,1993-10-05
150163,Xizhe Zhang,1991-01-23
150846,Yoro Ly,1988-08-27
151197,Chisamba Lungu,1991-01-31
151470,Nikola Vukcevic,1991-12-13
152651,Terence Kongolo,1994-02-14
153184,Fabian Kalig,1993-03-28
153678,Kingsley Schindler,1993-07-12
153880,Terry Antonis,1993-11-26
154319,André Geraldes,1991-05-02
154414,Abdul Khalili,1992-06-07
154612,Aleksandr Kryuchkov,1985-07-20
155233,Michael Harriman,1992-10-23
155761,Yuji Ono,1992-12-22
156775,Greg Stewart,1990-03-17
157539,Konstantinos Fortounis,1992-10-16
157648,Fatih Candan,1989-12-30
158382,Rafael Costa,1991-01-19
159024,Lefteris Intzoglou,1987-03-03
159838,Yoann Barbet,1993-05-10
159847,Francesco Galuppini,1993-10-17
159890,Serkan Yalcin,1982-11-02
160139,Jorge Benítez,1992-09-02
160346,Jeffrey Monakana,1993-11-05
160512,Kubilay Sönmez,1994-06-17
160560,Gaetano Letizia,1990-06-29
160668,Antonio Colak,1993-09-17
160910,Mahamadou N'Diaye,1990-07-21
161411,Francis Massampu,1991-12-26
161658,Gaëtan Hendrickx,1995-03-30
162942,Federico Franchini,1994-01-23
162961,Valerio Verre,1994-01-11
163243,Marco Piredda,1994-05-04
163283,Riccardo Casini,1992-02-02
163565,Leonardo Gatto,1992-04-28
163665,Leroy Labylle,1991-03-11
164451,Jeff Louis,1992-08-08
164472,Nestoras Mytidis,1991-06-01
164504,Georgios Skatharoudis,1992-11-02
164735,Paul Keita,1992-06-23
164769,Dominique Pandor,1993-05-15
164937,Clarck N'Sikulu,1992-07-10
165007,Denis Suárez,1994-01-06
165793,Takumi Minamino,1995-01-16
166230,Josip Vukovic,1992-05-02
166277,Roman Zobnin,1994-02-11
167383,Mateus Silva,1991-08-30
167553,Anton Bratkov,1993-05-14
167811,Oumaro Coulibaly,1993-12-14
167889,Alessandro Martinelli,1993-05-30
168186,Marco Schuster,1995-10-10
168674,Augusto,1987-08-30
170243,Rasmus Sjöstedt,1992-02-28
170322,Jonathan Williams,1993-10-09
170498,Billal Sebaihi,1992-05-31
172565,Ibrahim Yilmaz,1994-02-06
173040,Ayo Simon Okosun,1993-07-21
173131,Mahmoud Ezzat,1992-05-05
173580,Ryan Edwards,1993-10-07
173592,John O'Sullivan,1993-09-18
174822,Digão,1993-03-12
175377,Pio,1988-01-23
175393,Rúben Andrade,1982-06-07
175996,Sebastian Lletget,1992-09-03
176463,Davide Cais,1994-02-17
176570,Ibrahima Ndiaye,1994-12-06
177771,Connor Smith,1993-02-18
177862,Charly Musonda Jr.,1996-10-15
178187,Álex Alegría,1992-10-10
178333,Artem Katashevskiy,1994-01-02
178641,Shawn Kauter,1996-04-13
178682,Konstantinos Kritikos,1991-10-21
179895,Josip Elez,1994-04-25
180337,Sardar Azmoun,1995-01-01
180823,Georgiy Burnash,1993-08-08
181177,Andrey Panyukov,1994-09-25
181179,Soslan Takazov,1993-02-28
181378,Gaëtan Laborde,1994-05-03
181486,Luís Cortez,1994-04-18
181501,Steliano Filip,1994-05-15
181768,Hernani,1994-03-27
182429,Nikita Lobanov,1994-02-20
182462,Welthon,1992-06-21
182557,Boy de Jong,1994-04-10
182573,Yassin Ayoub,1994-03-06
182816,Nicolas Gavory,1995-02-16
182909,Louis Nganioni,1995-06-03
182912,Ange-Freddy Plumain,1995-03-02
182962,Boubacar Sylla,1991-04-17
183291,Max Clark,1996-01-19
183968,Weldinho,1991-01-16
184444,Yusuf Gültekin,1993-03-12
184604,Dellatorre,1992-05-01
184729,Dieter Meulenyzer,1991-04-11
185026,Mikhail Gashchenkov,1992-06-19
185342,Joe Newell,1993-03-15
186292,Adam Drury,1993-09-09
186498,Milan Savic,1994-04-04
186639,Jasmin Scuk,1990-07-14
186988,Sven Michel,1990-07-15
187042,Kirill Pogrebnyak,1992-06-27
187245,Mitchell Dijks,1993-02-09
187961,Nikolaos Skebis,1992-11-02
189070,Modou Barrow,1992-10-13
190206,Victor,1995-01-04
190269,Caleb Stanko,1993-07-26
190685,Bouna Sarr,1992-01-31
191829,Dimitrios Goutas,1994-04-04
191856,Andreas Stamatis,1993-05-12
192167,Mohamed Dräger,1996-06-25
193006,Mike-Steven Bähre,1995-08-10
193033,Tim Kleindienst,1995-08-31
193107,Anton Brady,1994-02-07
193830,Iuri Medeiros,1994-07-10
193955,Stefanos Martsakis,1990-05-24
193956,Apostolos Bakolas,1993-10-10
194129,Oke Akpoveta,1991-12-12
194435,Nicolas Lemaire,1993-07-20
194461,Jake Caprice,1992-11-11
194549,Simy,1992-05-07
194620,Giannis Diniotakis,1994-06-14
195680,Joe Ralls,1993-10-12
195736,Florian Grillitsch,1995-08-07
196158,Brahim Darri,1994-09-14
196570,Philipp Müller,1995-03-03
196834,David Kinsombi,1995-12-12
197032,Mijo Caktas,1992-05-08
197471,Roberto Gagliardini,1994-04-07
197642,Chuba Akpom,1995-10-09
197749,Emanuele Rovini,1995-02-20
198070,Elvis Manu,1993-08-13
198589,Lewis Baker,1995-04-25
199001,Umberto Saracco,1994-04-10
199731,Tommaso Barluzzi,1994-02-01
199771,Sem Addamo,1995-02-25
200174,Roberto Insigne,1994-05-11
200651,Dominik Nagy,1995-05-08
202831,David Henen,1996-04-19
203043,Pedro Bigas,1990-05-15
203854,Andriy Boryachuk,1996-04-23
204073,Tom Syku,1995-09-21
204145,Anders Thomsen,1995-07-29
204180,Atabey Cicek,1995-07-24
204189,Okan Kocuk,1995-07-27
204642,Mite Cikarski,1993-01-06
205325,Ryan McLaughlin,1994-09-30
205550,Marco Ilaimaharitra,1995-07-26
206544,Osman Sow,1990-04-22
206573,Manolis Rovithis,1992-09-16
206808,Janis Ikaunieks,1995-02-16
206947,Kévin Rodrigues,1994-03-05
208848,Emre Kilinc,1994-08-23
209315,Nikita Salamatov,1994-02-23
210249,Pavel Rozhkov,1986-12-31
210363,Mariusz Stepinski,1995-05-12
210667,Ümit Eminoglu,1994-09-14
211530,Omer Hanin,1998-05-14
212191,Issa Kallon,1996-01-03
212391,Roger Martí,1991-01-03
212430,Diamantis Chouchoumis,1994-07-17
213398,Cole Stockton,1994-03-13
214654,Junior Ponce,1994-02-16
216240,Lucas Olaza,1994-07-21
216564,Marvin Johnson,1990-12-01
217069,Filip Rogic,1993-06-14
217918,Aleksandar Damcevski,1992-11-21
220807,Sergiy Semenyuk,1991-01-27
221992,Anton Shvets,1993-04-26
222209,Thomas Strakosha,1995-03-19
222598,Ilias Tsiligiris,1987-10-03
223050,Louis Longridge,1991-07-05
223263,Darnell Fisher,1994-04-04
223967,Konrad Laimer,1997-05-27
224044,Tiago Casasola,1995-08-11
224662,Esben Petersen,1993-01-11
224736,Artem Baranovskyi,1990-03-17
224874,Mahmut Bilir,1994-08-18
225166,Josh Wakefield,1993-11-06
225546,Marvin Novotny,1993-03-19
226006,Emanuel Insúa,1991-04-10
226009,Cléber Reis,1990-12-05
226208,Volodymyr Doronin,1993-01-15
226273,Bryan Constant,1994-03-27
226404,Bady,1989-04-27
226958,Gboly Ariyibi,1995-01-18
227532,Aleksandar Boljevic,1995-12-12
227967,Francisco Rodríguez,1995-09-14
228048,Daan Blij,1993-09-25
228253,Filip Sachpekidis,1997-07-03
228574,Peter Gommeren,1992-03-09
228949,Tufan Kelleci,1993-10-24
229292,Edvinas Gertmonas,1996-06-01
229398,Kevin Spanjaard,1992-07-23
229796,Mark Kongstedt,1995-07-08
229798,Ander Bardají,1995-05-03
229804,Aritz Elustondo,1994-03-28
230611,Matteo Mancosu,1984-12-22
230845,Ylldren Ibrahimaj,1995-12-24
231572,Nélson Semedo,1993-11-16
232144,Milos Pantovic,1996-07-07
232644,Oleksandr Kalitov,1993-09-29
232949,Daniel Kutev,1991-03-06
234029,Grischa Prömel,1995-01-09
234161,Conor Pepper,1994-05-04
234761,Danny Bejarano,1994-01-03
234802,Renaud Ripart,1993-03-14
235339,Dmitriy Chistyakov,1994-01-13
235634,Rui Areias,1993-11-22
235639,Luís Rocha,1993-06-27
236549,Cleyton,1990-02-24
236748,Luís Aurélio,1988-08-17
236960,Tomas Dabo,1993-10-20
237000,Afonso Figueiredo,1993-01-06
237444,Robin Becker,1997-01-18
237473,Añete,1985-10-01
237655,Viktor Ryashko,1992-11-27
237829,Mathias Schils,1993-05-01
238029,Liam Gordon,1996-01-26
238223,Ederson,1993-08-17
238998,Alberto Tibolla,1996-01-31
239810,Anil Sahin,1993-03-26
239941,Lukas Haraslin,1996-05-26
240195,Yago Del Piero,1994-01-14
240349,Cristiano Lombardi,1995-08-19
241109,Aristote Madiani,1995-08-22
241701,Devrim Taskaya,1997-01-07
241742,Panagiotis Plavoukos,1994-10-21
242482,Ismail Köse,1996-01-01
242497,Pere Pons,1993-02-20
242575,Mehmet Tas,1991-03-20
242632,Glen Kamara,1995-10-28
242648,Amos Nasha,1995-09-04
242661,Manolis Saliakas,1996-09-12
242681,Josh Vickers,1995-12-01
243239,Nikolas Spalek,1997-02-12
243298,Ismael Díaz,1997-05-12
243631,Craig Tanner,1994-10-27
244273,Craig Wighton,1997-07-27
244309,Luke Croll,1995-01-10
244930,Hikmet Ciftci,1998-03-10
246051,Martin Haesum,
247555,Edimilson Fernandes,1996-04-15
247672,Rodrigo Gómez,1993-01-02
248870,Jorge Mediavilla,1993-06-16
248999,Lucas Höler,1994-07-10
249166,Marco Sordi,1995-09-07
249331,François Massimi,1993-10-12
250526,Yan De Maeyer,1997-05-25
251058,James Weir,1995-08-04
251070,Übeyd Adiyaman,1997-10-02
251098,Hasan Özkan,1997-11-14
251322,Philipp Köhn,1998-04-02
251452,Tugay Kaya,1995-01-27
251680,Brandon Thomas,1995-02-04
252005,Murat Torun,1994-05-27
252345,Ken Sema,1993-09-30
252639,Isaac Oliseh,1993-08-03
252689,Carlos Strandberg,1996-04-14
253734,Ismael Silva,1994-12-01
255729,Awer Mabil,1995-09-15
256339,Emil Audero,1997-01-18
256691,Pana,1992-03-09
256780,Christos Agrodimos,1995-03-16
257062,Álvaro García,1992-10-27
257808,Runar Espejord,1996-02-26
257851,Rúben Vezo,1994-04-25
257980,Jeroen Houwen,1996-02-18
258188,Rolando Aarons,1995-11-16
258482,Boris Radunović,1996-05-26
258513,Laros Duarte,1997-02-28
258516,Jeffrey Neral,1997-12-09
258886,Demetri Mitchell,1997-01-11
259135,Nicolas Sessa,1996-03-23
259892,Charlie Ward,1995-02-19
259953,Rade Krunic,1993-10-07
260265,Vladislav Levin,1995-03-28
260316,Komnen Andric,1995-07-01
260370,Othman El Kabir,1991-07-17
260668,Danila Buranov,1996-02-11
261060,Antonis Vatousiadis,1996-04-01
261905,Suat Serdar,1997-04-11
265051,Ondrej Mihalik,1997-04-02
265282,Sergey Bozhin,1994-09-12
265671,George Fochive,1992-03-24
265763,Thierry Ambrose,1997-03-28
266302,Sergej Milinković-Savić,1995-02-27
266761,Panagiotis Ladas,1994-08-26
266807,Ángel Correa,1995-03-09
266911,Georgios Peppas,1994-07-20
266950,Andrea Mira,1995-01-17
267356,Sergey Makarov,1996-10-03
267497,Kristi Qose,1995-06-10
269374,Sergiy Gryn,1994-06-06
269393,Ali Karimi,1994-02-11
269503,Sander Svendsen,1997-08-06
269817,Leonardo Villalba,1994-11-29
270027,Frank Ronstadt,1997-07-21
270051,Andrei Girotto,1992-02-17
270486,Hasan Hüseyin Akinay,1994-01-01
270566,Mustafa Acun,1995-01-11
270901,Milos Vulic,1996-08-19
271282,Andrei Ivan,1997-01-04
271371,Ebinho,1988-01-18
271455,Mihailo Ristić,1995-10-31
271506,Aleksandr Strokov,1991-01-31
272587,Daniel-Kofi Kyereh,1996-03-08
272844,Jordy Vleugels,1996-05-17
273004,Aleksandar Bjelica,1994-01-07
273218,Cristiano Vasconcelos,1989-07-10
275956,Nader Ghandri,1995-02-18
276002,Emil Hansson,1998-06-15
276111,David Costas,1995-03-26
276792,Roman Kalyuzhnyi,1995-07-08
277692,Abass Alhassan,1995-01-21
278296,Antonio Raíllo,1991-10-08
278323,Alexander Fuchs,1997-01-05
278690,Michal Marcjanik,1994-12-15
278985,Flávio Ramos,1994-05-12
279079,Lukas Mühl,1997-01-27
279090,Samu Araújo,1995-12-09
279110,Thaylor,1994-02-27
279455,Harry Wilson,1997-03-22
280064,Oleksandr Aksyonov,1994-01-07
280283,Raphael Silva,1992-04-20
281492,Mads Kaalund,1996-08-16
281963,Lucas Hernández,1996-02-14
282410,José Carlos Lazo,1996-02-16
282435,David Tejero,1996-03-05
283167,Bruno Lopes,1995-05-19
283528,Ignacio Pussetto,1995-12-21
284000,Carlos Júnior,1995-08-15
284020,Florian Kamberi,1995-03-08
285472,Daouda Bamba,1995-03-05
285738,Mahmut Seydan,1993-09-04
285858,Artem Galadzhan,1998-05-22
285916,Ivan Santagiuliana,1996-01-12
286005,Julien Ngoy,1997-11-02
286047,Guglielmo Vicario,1996-10-07
286779,Jorge Meré,1997-04-17
286841,Ramón Folch,1989-10-04
287343,Lorenzo Saporetti,1996-03-19
287640,Andrea Gemignani,1996-02-13
287700,Mohamed Fares,1996-02-15
287940,Dean Patricio,1994-05-24
288430,Magnus Pedersen,1996-11-23
288506,Caio Rangel,1996-01-16
288855,Oleksiy Larin,1994-06-04
288858,Murat Paluli,1994-08-09
289075,Oleksandr Zubkov,1996-08-03
289117,Federico Álvarez,1994-08-07
289843,Sean Goss,1995-10-01
289898,Özer Özdemir,1998-02-05
290346,André Ferreira,1996-05-29
290391,Nuno Santos,1995-02-13
290551,Vincent Koziello,1995-10-28
290558,Georgios Makrostergios,1997-03-01
290788,Kaylen Hinds,1998-01-28
292174,Gastón Campi,1991-04-06
292221,PC,1994-03-10
292422,Simone Pontisso,1997-03-20
292509,Ismail Erdogan,1993-07-12
292528,Berat Satilmis,1993-02-05
292813,Sami Larabi,1996-04-13
292845,Ivan Zirikov,1998-02-06
293194,Borna Sosa,1998-01-21
293272,Lasse Mikkelsen,1998-01-18
293964,Okan Baydemir,1990-03-26
293998,Onur Ergün,1992-11-15
294221,Callumn Morrison,1999-07-05
294746,Volodymyr Shepelev,1997-06-01
294987,Andrija Vukcevic,1996-10-11
295401,Hazem Haj-Hassen,1996-02-15
295613,Ivan Brikner,1993-06-30
295810,Alexandru Cicaldau,1997-07-08
295851,Stelios Makridis,1991-09-09
296659,Dmytro Rudyk,1992-08-26
296681,Eugene Ansah,1994-12-16
297009,Oleg Kramarenko,1994-08-27
297202,Niklas Feierabend,1997-04-28
297241,Liam Burt,1999-02-01
298276,José García,1997-01-13
298575,Kike Barja,1997-04-01
300129,Andrius Rukas,1996-09-04
300309,Javier Mendoza,1992-09-02
301037,Aleksandr Filin,1996-06-25
302991,Erick Cabaco,1995-04-19
303157,Jacob Pryts,1998-06-25
305957,Dani Molina,1996-03-14
306462,Mert Hakan Yandas,1994-08-19
307058,Mehdi Taremi,1992-07-18
307277,Mark Waddington,1996-10-11
309041,Zak Jules,1997-02-07
309843,Rick Ketting,1996-01-15
312239,Percy Tau,1994-05-13
314245,Emmanuel Iyoha,1997-10-11
314288,Lukas Nmecha,1998-12-14
314645,Tarik Evre,1996-05-29
314886,Tiago Dias,1998-05-04
314944,Ricardo Mangas,1998-03-19
315129,Lassana Faye,1998-06-15
315139,Dani Koks,1998-01-25
315149,Mink Peeters,1998-05-28
315202,Mücahit Can Akcay,1998-04-13
315212,Yigithan Güveli,1998-05-16
315437,Furkan Zorba,1998-02-25
315568,Lorenzo Di Livio,1997-01-11
315779,Christian Pulisic,1998-09-18
315867,Gianluca Scamacca,1999-01-01
315969,Scott McTominay,1996-12-08
316828,Adul Seidi,1992-11-20
316934,Nikola Moro,1998-03-12
317034,Michalis Kallergis,1996-08-26
317114,Alican Özfesli,1997-01-01
318529,Guevin Tormin,1997-10-28
319176,Martin Graiciar,1999-04-11
319700,Lomalisa Mutambala,1993-06-18
319817,Niall Mason,1997-01-10
320271,Toni Lato,1997-11-21
320426,Andrea Gulli,1997-11-09
320829,Jeroen Buitenhuis,1996-06-22
321079,Svante Ingelsson,1998-06-14
322812,Matty Smyth,1998-05-08
322912,Andriy Nykytyuk,1994-08-16
323963,Sam Valcke,1992-12-16
324993,Denis Baumgartner,1998-02-02
326337,Dylan Nieuwenhuijs,1995-01-27
328784,Robin Koch,1996-07-17
330223,Hendrik Weydandt,1995-07-16
330635,Felix Götze,1998-02-11
330783,Shamsiddin Shanbiev,1997-02-18
331207,Lazaros Orfanidis,1995-03-10
332705,Tyler Adams,1999-02-14
333275,Serge Atakayi,1999-01-30
333355,Milad Mohammadi,1993-09-29
333450,Jozo Stanic,1999-04-06
333655,Giannis Liouras,1994-01-24
334432,Savva Knyazev,1997-09-09
334441,Timur Ayupov,1993-07-26
335541,Oliver Shenton,1997-11-06
336168,Shaq Moore,1996-11-02
336828,Pape Cheikh,1997-08-08
337027,Fabian Benko,1998-06-05
337082,Julian Krahl,2000-01-22
337284,Ovie Ejaria,1997-11-18
337310,Lamin Jallow,1995-12-18
337458,Yusuf Cataloluk,1995-03-06
337514,Paolo Scannapieco,1997-12-13
337726,Moussa Souare,1998-07-01
337748,Denis Pineda,1995-08-10
338068,Hamza Kücükköylü,1996-06-10
338635,Hannes Delcroix,1999-02-28
338637,Daam Foulon,1999-03-23
338668,Senne Lynen,1999-02-19
338670,Mile Svilar,1999-08-27
339339,Jordy Wehrmann,1999-03-25
339560,Αbdul Razak,1990-09-20
339816,Tete Morente,1996-12-04
339892,Francesco Corsinelli,1997-11-21
340360,Jared Thompson,1999-02-23
340511,Roberto Criscuolo,1997-02-21
341396,Théo Valls,1995-12-18
342012,Rody de Boer,1997-08-22
342013,Trevor David,1997-01-28
342216,Julien Serrano,1998-02-13
343052,Nicolas Pépé,1995-05-29
344565,Vitaliy Lisakovich,1998-02-08
344870,Ivan Inzoudine,1996-12-10
344892,Gauthier Hein,1996-08-07
345078,Justin Plautz,1999-04-09
345323,Yuma Suzuki,1996-04-26
345408,Anton Chichkan,1995-07-10
346153,Riza Cetiner,1995-08-26
346776,Ghaylen Chaaleli,1994-02-28
347617,Jack McMillan,1997-12-18
347619,Allan Campbell,1998-07-04
347695,Blair MacLennan,1997-05-05
348431,Cazim Suljic,1996-10-29
348528,Georgios Lolos,1999-06-01
348769,Marcelo Hermes,1995-02-01
348791,Junya Ito,1993-03-09
348875,Hugo Andersson,1999-01-01
349567,Juan Familia-Castillo,2000-01-13
349599,Pervis Estupiñán,1998-01-21
350396,Rafael Furlan,1994-09-20
351745,Reza Shekari,1998-05-31
352332,Florian Le Joncour,1995-02-03
352392,Lucas Perrin,1998-11-19
352567,Jeison Lucumí,1995-04-08
352721,Ilker Karakas,1999-01-11
353147,Dennis Adeniran,1999-01-02
353892,Hiroki Ito,1999-05-12
354042,Salim Iyik,1998-02-03
354381,Maurice Gomis,1997-11-10
354909,Giorgio Altare,1998-08-09
355350,Abdoulaye Sanogo,1996-10-14
356099,Cristián Borja,1993-02-18
357796,Domagoj Bradaric,1999-12-10
357997,Thomas Schirò,2000-04-25
358003,Simone Canestrelli,2000-09-11
358021,Shawn Adewoye,2000-06-29
358509,Mehdi Chahiri,1996-07-25
360102,Aaron Comrie,1997-02-03
360517,Jay-Roy Grot,1998-03-13
360519,Ferdy Druijf,1998-02-12
361086,Abdallah Aberkane,2000-05-05
361108,Jomar Gomes,2000-05-25
363330,Josh Skelly,1997-04-11
364574,Artur Kuznetsov,1995-03-09
364633,Emrah Bostanci,1996-03-16
364861,Fousseni Diabaté,1995-10-18
365544,Pontus Dahlberg,1999-01-21
366723,Vladyslav Dubinchak,1998-07-01
367469,Leandro Cardoso,1999-05-11
367651,Ignacio de Arruabarrena,1997-01-16
368559,Ádám Nagy,1995-06-17
368582,Pablo Fernández,1996-09-17
369098,Lars Dendoncker,2001-04-03
369384,Mohamed Badamosi,1998-12-27
370276,Gauthier Libbrecht,1994-03-09
370836,Ali Göcmen,2000-03-15
371345,Dimitar Sheytanov,1999-03-15
371926,Baba Traoré,1996-02-21
372535,Danil Krugovoy,1998-05-28
373353,Pablo Larrea,1994-02-04
373898,Nicholas Pennington,1998-12-18
373984,Jesse Schuurman,1998-03-11
373985,Marlon Versteeg,1997-07-29
374081,Aitor Buñuel,1998-02-10
374082,Antonio Otegui,1998-03-07
374220,Joerie Church,1998-03-23
375039,Emmanuel Hackman,1995-05-14
375668,Leon Musaev,1999-01-25
375856,Zvonimir Sarlija,1996-08-29
376106,Anel Sabanadzovic,1999-05-24
378947,Marc Vito,1996-03-10
379687,Didi,1991-05-25
379714,Roberto Corral,1997-09-14
379989,Jonathan Meier,1999-11-11
380376,Yevgeniy Morozko,1993-02-15
381134,Johannes Wolff,
381268,Glib Bukhal,1995-11-12
381913,Vasilios Vitlis,1993-10-28
383315,Oleksandr Golovko,1995-03-11
386057,Julien Laporte,1993-11-04
386148,Joe Quigley,1996-12-10
386446,Alessandro Buongiorno,1999-06-06
386449,Emanuele Valerio,1999-04-07
386458,Alessandro Iacuaniello,1999-05-22
387378,Luther Singh,1997-08-05
387667,Scott McLean,1997-08-30
388519,Kike Saverio,1999-06-19
388588,Jadson,1991-11-05
389324,Fernandinho,1994-09-11
390548,Valentin Voisin,1996-06-19
391474,Victor Nirennold,1991-04-05
391496,Mustafa Seyhan,1996-04-23
392085,Nicolò Zaniolo,1999-07-02
392110,Oleg Chernyshov,1986-12-23
392131,Simon Asta,2001-01-25
392530,Alessandro Guarnone,1999-03-27
392717,Lennart Moser,1999-12-06
392926,Alessandro Gori,1999-01-04
393605,Andrea Tessiore,1999-10-01
394849,Lorenzo Sarini,1999-02-27
395083,Andreaw Gravillon,1998-02-08
395597,Andrea Cadili,1999-06-05
396342,Toni Borevkovic,1997-06-18
396402,Volodymyr Yakimets,1998-03-03
396537,Archie Meekison,2002-05-04
396831,Yassine Abdelali,1998-07-13
397676,Dani Cárdenas,1997-03-28
398057,João Ricciulli,1999-10-10
398063,Luke Southwood,1997-12-06
398184,Ferran Torres,2000-02-29
398576,Giuseppe Carriero,1997-09-04
399758,Ruster,1996-08-24
401604,Michal Karbownik,2001-03-13
401802,Danilo Ventola,2000-09-11
401920,Kingsley Michael,1999-08-26
402112,Morlaye Sylla,1998-07-27
402647,Theodoros Lampiris,1997-04-13
402770,Matthew Millar,1996-08-23
402964,Marios Pavlis,1998-06-07
405620,Farid Ali,1992-02-11
405670,Yannik Engelhardt,2001-02-07
405679,Frederik Jäkel,2001-03-07
406614,Oliver Batista Meier,2001-02-16
406842,Riccardo Capellini,2000-03-01
406973,Moritz Broschinski,2000-09-23
408471,Javi Puado,1998-05-25
410225,Ismaïla Sarr,1998-02-25
411119,Reno Wilmots,1997-03-16
411420,Pierrick Fito,1996-06-01
411838,Bruno Viana,1995-02-05
412095,Ihsan Sacko,1997-07-19
412941,Thomas van den Belt,2001-06-18
412949,Denzel Hall,2001-05-22
413403,Ezri Konsa,1997-10-23
414933,Mihail Caimacov,1998-07-22
415333,Tiago Martins,1998-09-28
415859,Mateus Mendes,1992-01-22
415860,Sílvio Junior,1994-05-04
415970,Joe Worrall,1997-01-10
416393,Lorenzo Fonseca,1998-01-17
417278,Arnaud Bodart,1998-03-11
417818,Tommaso Brignoli,1999-12-23
418173,Djihad Bizimana,1996-12-12
418652,Leroy Abanda,2000-06-07
418752,Alex,1997-01-28
419325,Lewis Gibson,2000-07-19
419545,Arkadiy Tumanyan,1998-01-23
419666,Rail Abdullin,2000-08-06
420215,Nordin Musampa,2001-10-13
422932,Niklas Vesterlund,1999-06-06
423440,Martín Zubimendi,1999-02-02
423571,Alfie Lewis,1999-09-28
425026,Josh Knight,1997-09-07
425894,Cameron John,1999-08-24
425939,Leandrinho,1996-09-21
426179,Andrea Cisco,1998-10-08
426280,Melle Meulensteen,1999-07-04
427668,Igor Boychuk,1994-01-10
427683,Josua Mejías,1998-06-09
428041,Tyler Magloire,1998-12-21
428563,Lewis Ferguson,1999-08-24
428948,Andoni Zubiaurre,1996-12-04
429901,Paul Akouokou,1997-12-20
430482,Sergey Eshchenko,2001-03-01
431561,Roberto Massimo,2000-10-12
432085,Yunus Emre Cakir,1997-01-12
433991,Ethan Galbraith,2001-05-11
435288,Ioannis Kosti,2000-03-17
435406,Demba Thiam,1998-03-05
435666,Stanislav Kotyo,1994-04-06
439072,Matías Viña,1997-11-09
440886,Yannick Mamilonne,1992-02-09
441287,Mateo García,1996-09-10
442802,Cristian Rodríguez,1996-03-15
444725,Patrick Burner,1996-04-11
444849,Giannis Tsiolis,1998-06-04
445804,Emirhan Emir,1997-05-22
445926,Joseph Tetteh,1999-05-30
446490,Mohammed Adi Monkez,1997-01-22
448212,João Favaro,1992-04-22
448257,Ogechika Heil,2000-11-27
448632,Yehvann Diouf,1999-11-16
448869,Andriy Lyashenko,1998-06-11
448901,Nikolay Giorgobiani,1997-07-16
448915,Georgios Vakrakos,1997-10-18
448919,Alexandros Malis,1997-03-19
449020,Warren O'Hora,1999-04-19
450108,Mohammad Naderi,1996-10-05
450706,Taylor Queen,1998-09-24
450853,Curtis Lyle,1999-09-08
451251,Nikita Makarov,2001-01-02
451403,Laurenz Dehl,2001-12-12
452300,Tyron Ivanof,1997-07-17
452607,Alexander Bah,1997-12-09
453594,Adama Diakhaby,1996-07-05
454287,Kristo Shehu,2000-03-01
455016,Arsen Adamov,1999-10-20
455017,Idris Musluev,1997-01-21
455059,Yasin Yavuz,1998-07-01
456182,Danil Stepanov,2000-01-25
456898,Vladan Danilovic,1999-07-27
457681,Shaka Mawuli Eklu,1998-05-16
457743,Mohamed Konaté,1997-12-12
457967,Leonard Senka,1997-02-26
460218,Furkan Beklevic,1999-01-31
460644,Maroine Mihoubi,1999-07-26
460898,Damir Ceter,1997-11-02
460985,Higor Vidal,1996-09-26
461258,Gabriel Nunes,1994-07-11
461512,Oleg Reabciuk,1998-01-16
462781,Berat Sahiner,1997-11-12
462820,Andreas Söndergaard,2001-01-17
463133,Wagane Faye,1993-11-20
465542,Adriano Skenderaj,2000-04-26
465604,Daniel Thögersen,2000-01-08
465715,Élie Youan,1999-04-07
466806,Álvaro Sanz,2001-02-14
467783,Augustinas Klimavicius,2001-04-27
468332,Ismael,1999-03-25
470607,Brennan Johnson,2001-05-23
470832,Volodymyr Rudyuk,2000-04-22
470833,Artem Kholod,2000-01-22
471692,Jason Meerstadt,2001-07-10
472271,Thadée Kaleba,1999-04-20
473887,David Heidenreich,2000-06-24
476079,Lucas Dias,1999-05-22
476532,Andrew Eleftheriou,1997-11-08
476701,Manuel Ugarte,2001-04-11
480955,Miguel Atienza,1999-05-27
481676,Georgios Liavas,2001-02-12
483046,Josip Stanisic,2000-04-02
483742,Antonio Perera,1997-06-08
484215,Toby Sibbick,1999-05-23
484367,Theocharis Iliadis,1996-09-05
484988,Logan Costa,2001-04-01
485591,Mohamed Taabouni,2002-03-29
486083,Danila Prokhin,2001-05-24
487421,Juan Manuel Boselli,1999-11-09
487466,Pedro Ganchas,2000-05-31
487469,Vitinha,2000-02-13
487834,Lorenzo Pirola,2002-02-20
489611,Filippo Ranocchia,2001-05-14
489613,Batuhan Kurt,1998-10-05
492556,Oston Urunov,2000-12-19
493330,Georgios Papaioannou,1998-06-30
495621,Antonio Blanco,2000-07-23
496857,Edon Zhegrova,1999-03-31
497808,Vasilios Zogos,1999-07-29
500762,Julian Von Moos,2001-04-01
501156,Ákos Onódi,2001-09-02
501609,Oleg Ostapenko,1997-06-11
502020,Bojan Roganovic,2000-09-28
502842,Eduardo Guerrero,2000-02-21
503685,Ibragim-Sayfullakh Gaziev,1996-11-13
503770,Folarin Balogun,2001-07-03
504087,Tomás Araújo,2002-05-16
504104,Alejandro Gómez,2002-01-31
505493,Diego Pampín,2000-03-15
507479,Darian Males,2001-05-03
508961,Malik Talabidi,2001-07-16
509022,Federico Gatti,1998-06-24
511168,Abdul Nurudeen,1999-02-08
511802,Rocky Bushiri,1999-11-30
512995,Ethan Ross,2001-08-15
513257,Vitaliy Sychev,2000-03-02
513972,Juan Flere,1998-05-12
514892,Mathias Brems,2002-03-13
514914,Mads Zaar,2002-04-16
515744,Eduard Spertsyan,2000-06-07
516948,Clément Libertiaux,1998-02-21
517294,Victor Timmers,2000-06-24
517518,Arthur,1999-06-17
517842,Aihen Muñoz,1997-08-16
519226,Jabez Makanda,2001-08-08
519817,Nikolay Bochko,1999-03-01
520517,Mihail Ghecev,1997-11-05
520665,Val Soares,1997-03-12
520858,Lipe Veloso,1997-04-07
522084,Marvin Obuz,2002-01-25
522142,Mikhail Volkov,2003-04-10
524210,Sean McLoughlin,1996-11-13
524299,Yevgeniy Mogil,1999-01-11
524315,Hidemasa Morita,1995-05-10
524839,Andrey Danilov,1991-09-19
525287,Carlos Vinícius,1995-03-25
526469,Jenthe Mertens,1999-10-18
527698,Kike Pérez,1997-02-14
529198,Fynn Otto,2002-03-08
530032,Quaresma,1996-08-22
530289,Luiz Henrique,1997-04-19
530807,Dilan Markanday,2001-08-20
531332,Emirhan Topcu,2000-10-11
531461,Armstrong Oko-Flex,2002-03-02
534482,Gurjinder Singh,1997-04-12
535834,Eliot Matazo,2002-02-15
537602,João Mário,2000-01-03
537762,Sergio Arribas,2001-09-30
538057,Eliano Reijnders,2000-10-23
538072,Ibrahim Karamoko,2001-07-23
539632,Lorenzo Moretti,2002-02-26
540059,Andreas Athanasakopoulos,2001-11-27
540469,Oscar Piris,1989-06-06
541282,Antonio Russo,2000-02-01
542680,Kasper Kristensen,1999-08-04
542796,Mathias Jörgensen,2000-09-20
543727,Botond Balogh,2002-06-06
543729,Márk Kosznovszky,2002-04-17
545400,Billal Messaoudi,1997-12-21
545576,Lilian Fournier,1998-05-18
546529,Bernardo Calabrese,2002-04-25
546926,Jay Idzes,2000-06-02
547553,João Lopes,1996-01-16
548031,Yusuf Demir,2003-06-02
548298,Fábio Gomes,1997-05-25
550696,Ibrahim Kargbo Jr.,2000-01-03
551182,Fran Vieites,1999-05-07
554284,Kacper Kozlowski,2003-10-16
554389,Konstantinos Tzolakis,2002-11-08
554398,Vasilios Sourlis,2002-11-16
556566,Vincent Peugnet,1998-02-05
557132,Matteo Saccani,2001-01-01
557147,José Gragera,2000-05-14
557149,Kang-in Lee,2001-02-19
559161,Owen Jochmans,2003-01-28
561653,Yves Kouadio,1999-12-12
562484,Oleg Vyshnevskyi,1995-10-04
564890,André Clóvis,1997-11-21
564972,Gonzalo Paz,1993-06-06
566036,Borja Garcés,1999-08-06
566798,Serkan Sarikaya,1999-08-05
566799,James Trafford,2002-10-10
566823,Achraf Dari,1999-05-06
567449,Pascal Debacker,1974-07-15
567497,Filipe Relvas,1999-09-20
567587,Habib Sylla,1999-02-12
568148,Mario Soriano,2002-04-22
568183,Iván Martínez,2002-02-19
569488,Giannis Sardelis,2000-11-03
569769,Theodoros Katsaras,1998-08-14
570520,Jeison Medina,1995-02-27
570722,Fostave Mabani,2002-04-10
574671,Strahinja Pavlovic,2001-05-24
575375,Jonas Toró,1999-05-30
576729,Sergiy Rusyan,
576994,Mahmut Altinkaya,2000-07-07
578292,Omar Rekik,2001-12-20
581912,Diego Zuppel,2002-10-13
582949,Vangelis Nikokyrakis,2001-10-04
583255,Antoine Semenyo,2000-01-07
583520,Nuno Borges,1988-03-31
585013,Ramazan Gadzhimuradov,1998-01-09
585149,Beau Ponnet,1999-07-20
585973,Johann Lepenant,2002-10-22
586834,Jesurun Rak-Sakyi,2002-10-05
587458,Kevin Agudelo,1998-11-14
589646,Mohanad Ali,2000-06-20
591195,Yahya Soumaré,2000-06-23
592336,Max Walef,1993-10-23
592398,Aïssa Boudechicha,2000-04-13
592735,Gonzalo Plata,2000-11-01
593193,Augustin Drakpe,2001-12-08
593320,Evens Joseph,1999-07-16
593834,Jesse Vermaning,2002-06-22
594092,Andy Dales,1994-11-13
594550,Anderson Oliveira,1998-07-16
594556,Oskar Fallenius,2001-11-01
595201,Ismail Zehir,2003-06-29
597732,Theodoros Bifsas,1998-03-30
598379,Afonso Valente,2001-03-10
598575,Joshua Schwirten,2002-01-07
598992,Rafael Sabino,1996-06-17
599046,Marat Apshatsev,2001-05-27
599215,Tonni Adamsen,1994-11-15
599829,Oussama Falouh,1999-07-12
600836,Ricardo Schutte,1998-05-21
601524,Stepan Ostanin,2000-07-07
603692,Klemen Hvalic,2002-04-18
605266,Yalcin Kayan,1999-01-30
605306,Mehmet Ibrahimi,2003-02-09
605427,Johan Guadagno,2003-02-21
605633,Emirhan Kayalar,1999-08-02
605893,Lucas Ribeiro,1999-01-19
607226,Loum Tchaouna,2003-09-08
607253,Emir Dede,2001-05-02
610331,Magnus Nissen,2002-08-05
610863,Filip Marschall,2003-04-24
611816,Daijiro Chirino,2002-01-24
612571,Göksu Mutlu,1999-02-17
612869,Aleksey Kashtanov,1996-03-13
613393,Gaetano Oristanio,2002-09-28
614085,Florent Hoti,2000-12-11
614500,Mattia Sangalli,2002-02-27
616430,Joel King,2000-10-30
617751,Michael Mulder,2001-01-10
618465,Kayne Bonnevie,2001-07-22
618809,Manu Sánchez,2000-08-24
619892,Danté Roethof,2001-03-03
620321,Noah Françoise,2003-07-05
621346,Eugenio Bracelli,2002-01-25
622029,Lorenzo Cannavale,2002-01-29
622862,Yusuf Tunc,2000-09-18
624119,Apostolos Kotsianoulis,2001-01-29
624134,Vangelis Karachalios,2003-02-03
624151,Giannis Saltas,2002-03-05
627198,Chituru Odunze,2002-10-14
627443,Mahamadou Ba,1999-09-21
628570,Sergiy Mayboroda,1997-11-21
630998,José Calderón,2000-01-07
631002,Raúl García,2000-11-03
633169,Nil Garrido,2001-03-26
633754,Jay Hogarth,2003-07-18
635162,Deniz Yilmaz,2000-01-12
636092,Iago Domínguez,2001-11-22
637782,André Amaro,2002-08-13
638647,Tim Akinola,2001-05-08
639142,Nacho Uche,1999-07-03
641426,Vadym Vitenchuk,1997-01-13
646750,Cristhian Mosquera,2004-06-27
648020,Alexsandro,1999-08-09
648541,Gabi Caschili,2003-07-14
648638,Felipe Estrella,2001-01-10
650255,Lorenzo Di Stefano,2002-09-19
650582,Robin Voisine,2002-04-07
651182,Rhys Caves,2003-11-23
652270,Evgeniy Morozov,2001-02-14
652275,Hákon Arnar Haraldsson,2003-04-10
652461,Moris Nusuyev,1997-06-28
654986,Bram Lagae,2004-01-14
655177,Zeno Ibsen Rossi,2000-10-28
657386,Bruno Rodrigues,2001-06-08
657387,Fabiano Silva,2000-03-14
659517,Noa Cervantes,2003-04-16
661241,Diego Acosta,2002-11-12
662147,Emirhan Tak,2003-04-10
663900,Giovanni Bonfanti,2003-01-17
665390,Jaden Philogene,2002-02-08
666924,Algassime Bah,2002-11-12
667398,Oguzhan Özcan,2001-05-18
668503,Naël Jaby,2001-04-20
671657,Ricardinho,1998-08-06
672537,Flynn Duffy,2003-08-13
672792,Antonio Ranieri,2003-05-29
673998,Yuriy Zheleznov,2002-11-15
674261,Sebbe Augustijns,1999-09-03
678441,Daniele Montevago,2003-03-18
679754,Niklas Pyyhtiä,2003-09-25
684253,Sergio Cubero,1999-09-05
684519,Gerasimos Mitoglou,1999-10-20
686454,Ivann Botella,1999-06-28
689628,Lucas Vera,1997-04-18
691529,Valerio Biagini,2003-10-20
699632,Abraham Marcus,2000-01-02
699771,Pedro Alemañ,2002-03-21
700006,Vefa Temel,2002-11-03
700437,Benjamin Besic,2002-06-02
702361,Ümran Zambak,2000-11-27
704347,Antonio Pio Iervolino,2003-05-23
704711,Raed Jaziri,2003-04-13
706699,Lennon Walker,2003-11-30
706797,Victor Aznar,2002-10-17
707231,Simon Ramet,2003-03-13
708784,Yusuf Erdogan,2000-01-08
709654,Arda Keser,2002-02-27
709986,Giacomo Toniolo,2004-04-01
711517,Kevin Paredes,2003-05-07
711976,Andy Diouf,2003-05-17
711999,Lesley Ugochukwu,2004-03-26
712560,Mikhail Sukhoruchenko,2003-04-13
717199,Bogdan Slyubyk,2004-02-11
717346,Sanoussy Ba,2004-01-05
718029,Unai Ropero,2001-11-20
718289,David Byazrov,2003-02-12
719442,David Costa,2001-01-05
724537,Andy Moran,2003-10-15
726485,Nikolaos Tropoulos,2004-06-21
726721,Gonçalo Esteves,2004-02-27
728033,Jeimes,2001-04-28
729638,Oleksandr Kemkin,2002-08-05
729814,Georges Mikautadze,2000-10-31
731738,Teddy Rowe,2003-10-17
737740,Stanislav Koval,2002-05-01
740515,Gökhan Altiparmak,2001-04-20
740517,Eldin Lolic,2004-05-15
740674,Issouf Sissokho,2002-01-30
743230,Timofey Kalistratov,2003-02-18
743386,Malick Fofana,2005-03-31
743500,William Mikelbrencis,2004-02-25
745427,Gabriele Guarino,2004-04-14
745910,Kirill Girnyk,2003-03-31
747112,Bora Cuha,2003-04-10
748382,Amin Sarr,2001-03-11
755327,Mykhaylo Khromey,2003-11-19
767384,Sergiy Mashtalir,1998-08-20
780147,Rafiki Saïd,2000-03-15
789562,Guerric Verbrugge,2002-03-20
790411,Deron Payne,2002-09-25
796897,Sandro Trémoulet,1999-11-18
801734,Mathys Tel,2005-04-27
804717,Andriy Kireev,2001-09-27
807165,Bamo Meïté,2001-12-03
807475,William Kaastrup,2004-03-21
807689,Frank Magri,1999-09-04
813229,Volnei,2000-04-15
815563,Lapo Nava,2004-01-22
815780,Emrecan Uzun,2002-01-29
817133,Moisés Mosquera,2001-05-24
818882,Riccardo Stivanello,2004-04-24
819036,Dennis Curatolo,2004-04-03
820252,Benchimol,2001-12-29
822991,Iason Kyrkos,2003-03-21
826375,Chevaughn Thiam,2001-01-22
835410,Alex Greive,1999-05-13
836546,Luís Bastos,2001-09-10
842384,Matheus Índio,1999-08-27
848762,Ahmet Kagan Malatyali,2003-07-10
863202,Sergiy Demchenko,2000-10-12
875249,Batuhan Celik,2005-01-12
876665,Firat Arslan,2003-04-27
876862,Enes Savucu,2004-02-27
877140,Gonçalo Nogueira,2003-12-28
880245,Mateus Fernandes,2004-07-10
882772,Álvaro Bastida,2004-05-12
889137,Berkant Alpsanli,2004-11-29
892025,Anton Salabay,2002-06-12
893661,Joel Ordóñez,2004-04-21
894205,Erwan Belhadji,2001-06-22
904712,Justin Smith,2003-02-04
904922,Ewan Wilson,2004-11-19
904931,Corey O’Donnell,2003-10-28
923831,Leny Yoro,2005-11-13
926603,Romain Donnez,2003-01-15
926850,Diego Piñeiro,2004-02-13
928832,Mustafa Caliskan,2004-04-19
930056,Kadir Seven,2003-05-05
931764,Arthur Poncelet,2003-08-06
936822,Oleg Kozishkurt,2003-09-09
964036,Oleg Kryvoruchko,2004-11-10
969154,Oliver Kamdem,2002-10-15
969296,Jordy Brock,2001-01-15
976271,Lassine Soumaoro,2002-12-19
1009300,Berkay Aydogmus,2004-01-07
1014243,Vivaldo,2005-01-28
1014338,Harun Akaydin,2005-08-13
1041552,Denys Bunchukov,2003-06-20
1043003,Yasin Özcan,2006-04-20
1043471,Augusto Dabo,2004-03-13
1048097,Yagiz Efe Erataman,2005-08-18
1063263,Bilal Bafdili,2004-08-03
1108145,Cheick Oumar Konaté,2004-04-02
557,Simon Jentzsch,1976-05-04
1381,Maik Franz,1981-08-05
1659,Dennis Kruppke,1980-04-01
2726,Romuald Peiser,1979-08-03
3118,Kieron Dyer,1978-12-29
3391,Markus Neumayr,1986-03-26
3417,Nicolás Burdisso,1981-04-12
3428,Dejan Stanković,1978-09-11
3640,Mark Hudson,1982-03-30
3668,Lloyd Dyer,1982-09-13
3881,Glen Johnson,1984-08-23
4056,Simon Davies,1979-10-23
4115,Chris Baird,1982-02-25
4314,Cristian Chivu,1980-10-26
4317,Maxwell,1981-08-27
4425,Theo Janssen,1981-07-27
4456,Arne Slot,1978-09-17
4672,Nigel de Jong,1984-11-30
5023,Gianluigi Buffon,1978-01-28
5281,Flavio Roma,1974-06-21
5452,Steeve Joseph-Reinette,1983-12-02
5592,Cyril Jeunechamp,1975-12-18
5635,Matthieu Chalmé,1980-10-07
5782,Emre Belözoglu,1980-09-07
6106,Georgios Karagounis,1977-03-06
6448,Mirko Vucinic,1983-10-01
6791,Kai Herdling,1984-06-27
6852,Maurizio Lanzaro,1982-03-14
6968,Sancak Kaplan,1982-05-25
7096,Daniele Gastaldello,1983-06-25
7152,Yalcin Ayhan,1982-05-01
7153,Mehmet Nas,1979-11-20
7264,Ibrahim Toraman,1981-11-20
7575,David Albelda,1977-09-01
7611,Javier Saviola,1981-12-11
7629,Carlos Merino,1980-03-15
7739,Patxi Puñal,1975-09-06
7821,David Aganzo,1981-01-10
7923,Roberto Trashorras,1981-02-28
8548,Kerim Zengin,1985-04-13
9594,Vincent Kompany,1986-04-10
9638,Hans Cornelis,1982-10-13
9786,Georgi Peev,1979-03-11
9794,Oleg Gusev,1983-04-25
10375,Shaun MacDonald,1988-06-17
11354,Jim Goodwin,1981-11-20
12093,Sylvain Marchal,1980-02-10
12503,Souleymane Diawara,1978-12-24
12518,Silvio Proto,1983-05-23
12836,Lee Mair,1980-12-09
13959,Igor,1980-02-12
14555,Scott Carson,1985-09-03
14792,Simon Lappin,1983-01-25
14948,Brandão,1980-06-16
14963,Martin Bergvold,1984-02-20
15052,Thomas Kahlenberg,1983-03-20
15165,Chris Hogg,1985-03-21
15166,Liam Rosenior,1984-07-09
15472,Hakon Opdal,1982-06-11
15583,Dmitriy Kirichenko,1977-01-17
16394,Iosif Daskalakis,1982-08-07
16519,Aleksey Eremenko Jr.,1983-03-24
16599,Vangelis Koutsopoulos,1980-02-02
16911,Kasper Schmeichel,1986-11-05
17352,Carlitos,1982-09-06
17441,Julien Sablé,1980-09-11
17804,Sébastien Pocognoli,1987-08-01
18006,Michael Krohn-Dehli,1983-06-06
18310,Benoît Assou-Ekotto,1984-03-24
18418,Anthony Portier,1982-06-01
18429,Denis Epstein,1986-07-02
18975,Alexandre D'Acol,1986-07-18
19450,Mohamed Sarr,1983-12-23
19979,Germán Lux,1982-07-06
20137,José Sosa,1985-06-19
20587,Nicolas Lombaerts,1985-03-20
21345,Alexander Stephan,1986-09-15
21515,Paul Mulders,1981-01-16
21905,Valon Behrami,1985-04-19
22053,Mario Licka,1982-04-30
22131,Jaime Valdés,1981-01-11
22227,Arturo Lupoli,1987-06-24
22489,Frank Kristensen,1977-03-10
22810,Vangelis Nastos,1980-09-13
22920,Mikkel Rask,1983-06-22
22923,Steffen Rasmussen,1982-09-30
22943,Dudu Cearense,1983-04-15
22972,Rubén Pulido,1979-02-02
23584,Mads Toppel,1982-01-30
23888,Fatih Atik,1984-06-25
24006,Volodymyr Yezerskyi,1976-11-15
24401,Andriy Glushchenko,1974-03-18
24637,Jonathan Spector,1986-03-01
24700,Pedrinho,1985-03-06
24846,Ricardo Batista,1986-11-19
24984,Anton Bober,1982-09-28
24994,Roman Gerus,1980-09-14
25035,Sergey Ryzhikov,1980-09-19
25049,Denis Vavilin,1982-07-04
25101,Rúben Amorim,1985-01-27
25508,Salvatore Sirigu,1987-01-12
25520,Remko Pasveer,1983-11-08
25633,Petr Trapp,1985-12-06
25785,Erwin Hoffer,1987-04-14
26082,Dmitriy Yatchenko,1986-08-25
26162,Athanasios Moulopoulos,1985-06-09
26399,Sergio Agüero,1988-06-02
26432,Pablo Batalla,1984-01-16
26485,Jérôme Boateng,1988-09-03
26774,Atle Roar Haland,1977-07-26
26876,Mirnes Sisic,1981-08-08
27053,Conrad Logan,1986-04-18
27151,Pavlo Ivanov,1984-09-28
27304,Gianni Zuiverloon,1986-12-30
27305,Mathieu Bodmer,1982-11-22
28179,Mladen Bartulovic,1986-10-05
28336,Mile Jedinak,1984-08-03
28348,Olivier Sorin,1981-04-16
28463,Shikabala,1986-03-05
28490,Diego León,1984-01-16
28800,Lewis Guy,1985-08-22
29061,Javier Baraja,1980-08-24
29091,Nenê,1981-07-19
29159,Ross Turnbull,1985-01-04
29208,Davide Succi,1981-10-11
29280,Jérémy Blayac,1983-06-13
29392,Kjartan Finnbogason,1986-07-09
29671,Oleg Shandruk,1983-01-30
29865,Julian Schuster,1985-04-15
29993,Sven Bender,1989-04-27
30687,Maxi Moralez,1987-02-27
31067,Jonathan de Guzmán,1987-09-13
31069,Charles Diers,1981-06-06
31169,Bernd Nehrig,1986-09-28
31182,Andreas Beck,1987-03-13
31886,Dusan Kuciak,1985-05-21
32306,Jakub Tosik,1987-05-21
33222,Ugo Ukah,1984-01-18
33718,François Marque,1983-07-31
33862,Sinan Bolat,1988-09-03
33869,Kristof Maes,1988-04-19
33914,Mouhamadou Dabo,1986-11-28
33947,Rafinha,1985-09-07
34091,João Real,1983-05-13
34129,Wesley Verhoek,1986-09-25
34160,Jean-Jacques Pierre,1981-01-23
34283,Lazaros Christodoulopoulos,1986-12-19
34593,Serdar Tasci,1987-04-24
34670,Vitaliy Postranskyi,1977-08-02
35099,Steven Fletcher,1987-03-26
35527,John Goossens,1988-07-25
35532,Javi Acuña,1988-06-23
35664,Mesut Özil,1988-10-15
35852,Victor Obinna,1987-03-25
35871,Fernando Tissone,1986-07-24
35872,Änis Ben-Hatira,1988-07-18
35939,Ezequiel Garay,1986-10-10
36211,Marco Pinto,1988-03-22
36350,Javi García,1987-02-08
36356,Marco Andreolli,1986-06-10
36593,Steven Anderson,1985-12-19
36802,Colin Kazim-Richards,1986-08-26
36898,Sascha Burchert,1989-10-30
37527,Christian Sivebaek,1988-02-19
37633,Guillermo Rodríguez,1984-03-21
37676,John Gibson,1989-01-31
38360,Mevlüt Erdinc,1987-02-25
38681,Evgeniy Gorodov,1985-12-13
39010,Jordi Gómez,1985-05-24
39037,Rob Elliot,1986-04-30
39087,Cata Díaz,1979-07-13
39185,Akès da Costa Goore,1984-12-31
39533,Genséric Kusunga,1988-03-12
39928,Joachim Mununga,1988-06-30
40446,Jirès Kembo Ekoko,1988-01-08
40673,Matthias Jaissle,1988-04-05
40975,Marcos,1979-09-29
41007,Sinan Özkan,1986-03-22
41102,David Destorme,1979-08-30
41362,Gustav Svensson,1987-02-07
41414,Lucas Leiva,1987-01-09
41416,James McArthur,1987-10-07
42062,Greg Halford,1984-12-08
42109,Maciej Wilusz,1988-09-25
42191,Seth De Witte,1987-10-18
42266,Yves De Winter,1987-05-25
42678,Salvatore Bocchetti,1986-11-30
42735,Sven Kums,1988-02-26
42874,Kyle Letheren,1987-12-26
42940,Kyriakos Stratilatis,1988-01-05
43252,Dougie Imrie,1983-08-03
43261,Gabriel Obertan,1989-02-26
43299,Edmar Galovskyi,1980-06-16
43393,Grygoriy Yarmash,1985-01-04
43414,Lucas Favalli,1985-07-16
43938,Razvan Cocis,1983-02-19
44367,Roman Eremenko,1987-03-19
44629,Manolis Papasterianos,1987-08-15
44675,Bojan Krkic,1990-08-28
44699,Antunes,1987-04-01
44717,Nicolaj Agger,1988-10-23
44720,Matti Lund Nielsen,1988-05-08
44741,Beram Kayal,1988-05-02
44787,Nacer Barazite,1990-05-27
44948,Fernando Forestieri,1990-01-15
45025,Paulo Vinícius,1984-08-12
45368,Carlos Saleiro,1986-02-25
45593,Welliton,1986-10-22
45644,Juan Antonio,1988-01-05
45666,Björn Kopplin,1989-01-07
45671,Cenk Tosun,1991-06-07
45758,Michael Schulze,1989-01-13
45985,Stratos Valios,1989-01-09
46062,Sotiris Ninis,1990-04-03
46109,Rory Fallon,1982-03-20
46180,Zoran Tosic,1987-04-28
46185,Dalibor Veselinovic,1987-09-21
46340,Semir Stilic,1987-10-08
46602,Gabriel Muresan,1982-02-13
46687,Marko Blazic,1985-08-02
46831,Modibo Maïga,1987-09-03
46955,Nikola Mikic,1985-09-13
47172,Iasmin Latovlevici,1986-05-11
47344,Eyong Enoh,1986-03-23
47426,Petros Kaminiotis,1989-05-13
47737,Thilo Leugers,1991-01-09
48206,Nuno Pinto,1986-08-06
49024,Sergiy Symonenko,1981-06-12
49656,Rémi Maréval,1983-02-24
49734,Jan Kirchhoff,1990-10-01
50057,Aaron Ramsey,1990-12-26
50580,Janus Drachmann,1988-05-11
50655,Efecan Karaca,1989-11-16
51046,Héctor Moreno,1988-01-17
51088,Ignacio Scocco,1985-05-29
51152,Aleksandar Mitrović,1994-09-16
51369,Fabien Robert,1989-01-06
51531,Artem Kasyanov,1983-04-20
51864,Mickaël Seoudi,1986-01-28
52453,Haris Handzic,1990-06-20
52472,Ivan Komissarov,1988-05-28
52475,Artur Maloyan,1989-02-04
52676,Ney Santos,1981-02-23
52746,Nill De Pauw,1990-01-06
53071,Rafael Miranda,1984-08-11
53139,Santiago Morero,1982-04-18
53309,Jeffrén,1988-01-20
53523,Marco Torsiglieri,1988-01-12
54135,Leonardo Pettinari,1986-07-23
54235,Iker Muniain,1992-12-19
54284,Vadim Gagloev,1989-01-18
54512,Michal Pazdan,1987-09-21
54846,Fabian Holland,1990-07-11
54929,Leandro Castán,1986-11-05
55247,Ádám Bogdán,1987-09-27
55360,Sergey Kotov,1982-03-17
55494,Johnny Russell,1990-04-08
55508,Lewis Holtby,1990-09-18
55769,Danilo D'Ambrosio,1988-09-09
55800,Jorge Martínez,1983-04-05
55851,Rob Milsom,1987-01-02
55994,Ukra,1988-03-16
56014,Yazalde,1988-09-21
56046,Daniel Candeias,1988-02-25
56795,Cheikh M'Bengue,1988-07-23
56811,David Pollet,1988-08-12
57162,Sofiane Feghouli,1989-12-26
57172,Gábor Horváth,1985-07-04
57180,Giannis Karalis,1988-11-06
57285,Simone Colombi,1991-07-01
57574,Timo Kern,1990-01-16
57657,Andrea Tozzo,1992-08-30
57814,Miguel Vítor,1989-06-30
57842,Christopher Schindler,1990-04-29
57956,Dani Abalo,1987-09-29
58076,Piti,1981-05-26
58238,Mykyta Kamenyuka,1985-06-03
58342,Sheran Yeini,1986-12-08
58346,Matías Degra,1983-06-18
58378,Mehmet Batdal,1986-02-24
58381,Tom,1985-07-23
58392,Vitaliy Fedoriv,1987-10-21
58606,Sergiy Politylo,1989-01-09
58933,Yevgen Bokhashvili,1993-01-05
59269,Lucky Idahor,1980-08-30
59606,Craig Cathcart,1989-02-06
59713,Omar Jarun,1983-12-10
59950,Damien Le Tallec,1990-04-19
59964,Yevgen Pisotskyi,1987-04-22
59985,Yevgen Santrapynskykh,1987-10-21
60028,Edgar Prib,1989-12-15
60191,Maksim Lepskiy,1985-12-07
60289,Rajko Brezancic,1989-08-21
60324,Gregory Nelson,1988-01-31
60567,Francesco Migliore,1988-04-17
60653,Dmitriy Abakumov,1989-07-08
60838,Marko Miric,1987-03-26
61358,Filippo Porcari,1984-04-28
61397,Sergey Pesjakov,1988-12-16
61549,Sean Scannell,1990-09-17
61583,Eunan O'Kane,1990-07-10
61783,Mirko Eramo,1989-07-12
61814,David Button,1989-02-27
61819,Charlie Daniels,1986-09-07
62514,Aleksandr Belenov,1986-09-13
63226,Jules Goda,1989-05-30
63252,Tomas Hubocan,1985-09-17
63487,Nikolaos Karelis,1992-02-24
63955,Vaclav Pilar,1988-10-13
64000,Tomas Vaclik,1989-03-29
64308,Brown Ideye,1988-10-10
64344,Igor Vartsaba,1991-01-28
64511,Jeroen Tesselaar,1989-01-16
64635,João Luiz,1985-06-24
64672,Jean Sony Alcénat,1986-01-23
66333,Ahmed Elmohamady,1987-09-09
66660,Matías Suárez,1988-05-09
67078,Christos Tzanis,1985-04-22
67221,Alex Fisher,1990-06-30
67235,Martín Rolle,1985-02-02
67416,Neil Taylor,1989-02-07
67544,Dani Nieto,1991-05-04
68405,Xenofon Fetsis,1991-05-05
68711,Diogo,1987-05-26
68803,Maurício Ramos,1985-04-10
68947,Randy Wolters,1990-04-06
69004,Yevgen Khacheridi,1987-07-28
69819,Baba,1988-01-05
70164,Christopher Knett,1990-08-01
70170,Lukas Marecek,1990-04-17
70784,Ytalo,1988-01-12
71026,Davide Grassi,1986-01-13
71292,Jonjo Shelvey,1992-02-27
71579,Iñigo Pérez,1988-01-18
71662,Marco Paixão,1984-09-19
71725,Oleksandr Nad,1985-09-02
72047,Iago Aspas,1987-08-01
72203,Juanan,1987-04-27
72496,Roland Gigolaev,1990-01-04
72836,João Pereira,1990-05-10
72855,Diogo Viana,1990-02-22
73408,Matías Campos Toro,1989-06-22
73932,Alessio Luciani,1990-01-16
73980,Zié Diabaté,1989-03-02
74641,Ismail Köybasi,1989-07-10
75296,Radosav Petrovic,1989-03-08
75611,Nicolás Gorobsov,1989-11-25
76032,Aridai Cabrera,1988-09-26
76297,Xavier Tomas,1986-01-04
76387,Carlos Carmona,1987-02-21
76569,Kerim Avci,1989-12-16
76699,Adrián Gunino,1989-02-03
77348,Julien Cétout,1988-01-02
77720,Iván Pillud,1986-04-24
78569,Xavier Luissint,1984-01-13
78570,Anthony Moris,1990-04-29
78726,Aleksandar Miljkovic,1990-02-26
79014,Muarem Muarem,1988-10-22
79128,Braga,1983-06-17
79422,Keylor Navas,1986-12-15
79642,Shinji Okazaki,1986-04-16
80191,Mehdi Mostefa,1983-08-30
80351,Josip Ilicic,1988-01-29
81163,Danny Hoesen,1991-01-15
81831,Efe Ambrose,1988-10-18
83692,Ali Gökdemir,1991-09-17
83947,Imad Najah,1991-02-19
84162,Marcel Ritzmaier,1993-04-22
84301,Benjamin André,1990-08-03
84846,Gianluca Sansone,1987-05-12
84913,Leonard Nienhuis,1990-03-16
85000,Cebio Soukou,1992-10-02
85320,Cristian Galas,1993-02-15
85928,Danny Lafferty,1989-05-18
86270,Kai Heerings,1990-01-12
86614,Severin Bikoko,1988-09-24
86915,Mana Dembélé,1988-11-29
87097,Sergiy Rudyka,1988-06-14
87143,Donald Djousse,1990-03-18
87479,Alexander Söderlund,1987-08-03
87663,Maksym Skorokhodov,1986-12-03
88262,Dedryck Boyata,1990-11-28
88684,Giulio Donati,1990-02-05
88713,Luca Tremolada,1991-11-25
88971,Jonathan Kodjia,1989-10-22
89086,Aleksandr Kokorin,1991-03-19
89278,Sebastián Bartolini,1982-02-01
89604,Sébastien Atlan,1984-11-14
89654,Edisson Jordanov,1993-06-08
90604,Patrick De Vlamynck,1977-10-01
91312,Anton Shendrik,1986-05-26
91384,Adama François,1989-11-30
92163,Quentin Pottiez,1991-05-15
92548,James Dayton,1988-12-12
92947,Sergi Gómez,1992-03-28
93690,Brice Dja Djedje,1990-12-23
93739,Cédric N'Koum,1989-11-24
93818,Marcus Mlynikowski,1992-07-06
95129,Yevgen Morozenko,1991-12-16
95267,Pedro Queirós,1984-08-08
96043,Mikael Dyrestam,1991-12-10
96092,Miguel Villarejo,1988-08-24
96476,Angelos Vertzos,1983-05-27
96498,Oleksandr Nasonov,1992-04-28
96754,Fabio Borini,1991-03-29
96766,Cristian Galano,1991-04-01
96853,Adrian Stoian,1991-02-11
96915,Konstantinos Kourtesiotis,1984-06-05
96957,Vyacheslav Akimov,1989-10-17
97013,Marlon de Jesús,1991-09-04
97205,Nikita Bezlikhotnov,1990-08-19
97738,Nikolaos Tzimogiannis,1987-11-17
98249,Takashi Inui,1988-06-02
99352,Rubén Pardo,1992-10-22
100188,Denis Dorozhkin,1987-06-08
101304,Douglas,1990-04-04
102045,Izunna Uzochukwu,1990-04-11
102142,Mathias Wichmann,1991-08-06
102382,Michael Hefele,1990-09-01
102432,Santiago García,1990-09-14
102660,Jeffry Fortes,1989-03-22
102679,Clément Tainmont,1986-02-12
103547,Artjoms Rudnevs,1988-01-13
103600,Vicente Arze,1985-11-22
104324,Luciano Balbi,1989-04-04
104514,Georgiy Nurov,1992-06-08
104697,Alisher Dzhalilov,1993-08-29
105497,Irakliy Chezhia,1992-05-22
105817,Giannis Loukinas,1991-09-20
106536,Aleksey Nikitin,1992-01-27
106837,Abdoulaye Ba,1991-01-01
107184,Okan Aydin,1994-05-08
108541,Filippo Scardina,1992-02-26
109154,Bob Schepers,1992-03-30
110693,Sercan Hacioglu,1992-01-22
110697,Sezer Özmen,1992-07-07
110861,Gary Gardner,1992-06-29
111494,John Tshibumbu,1989-01-06
111783,Alejandro Bedoya,1987-04-29
112953,Dmytro Bezotosnyi,1983-11-15
113192,Anton Maglica,1991-11-11
116611,Loret Sadiku,1991-07-28
117793,Liam Boyce,1991-04-08
119031,Kaan Ayhan,1994-11-10
119044,Marcel Sobottka,1994-04-25
119291,Steffen Schäfer,1994-05-01
120095,José Campaña,1993-05-31
120985,Robbie Thomson,1993-03-07
121030,Igor Semenyna,1989-01-01
121218,Yevgen Yeliseev,1989-03-06
121257,Adam Forshaw,1991-10-08
123539,Darryl Westlake,1991-03-01
123628,Jeferson,1986-01-15
124180,Zarko Tomasevic,1990-02-22
124244,Leonel Galeano,1991-08-02
124517,Sebastian Kerk,1994-04-17
124761,Roland Bergkamp,1991-04-03
124863,Tom Boere,1992-11-24
124891,Aras Özbiliz,1990-03-09
124911,Karim Laribi,1991-04-20
125020,José Luis Palomino,1990-01-05
125700,Tony Taylor,1989-07-13
126558,Hugo Guichard,1992-05-16
126599,Jamie McKernon,1992-04-01
126643,Seok-yeong Yun,1990-02-13
126673,Adama Soumaoro,1992-06-18
127242,Denis Perger,1993-06-10
127770,Nurudeen Orelesi,1989-04-10
127826,Anastasios Karamanos,1990-09-21
127984,Josh Meekings,1992-09-02
128105,Peter Zulj,1993-06-09
128223,Álvaro Morata,1992-10-23
128262,Scott Wootton,1991-09-12
128287,Derrick Williams,1993-01-17
128320,Aleksandar Gojkovic,1988-08-10
128407,Jacob Egeris,1990-05-19
128660,Anton Piskunov,1989-02-13
129038,Andrey Vasiljev,1992-02-11
129495,Jorge Ortí,1993-04-28
55763,Ivan Lietava,1983-07-20
56354,Andreas Bjelland,1988-07-11
57079,Jack Rodwell,1991-03-11
57213,Damien Tibéri,1985-08-23
59893,Oleksandr Romanchuk,1984-10-21
66960,Ignacio Fideleff,1989-07-04
67850,Andreas Ludwig,1990-09-11
69683,Alan Dzagoev,1990-06-17
70574,Milan Milanovic,1991-03-31
72402,Frederik Gytkjaer,1993-03-16
72883,Hans Martínez,1987-01-04
73137,Marc Castells,1990-03-12
73504,Sander Fischer,1988-09-03
74294,Nemanja Gudelj,1991-11-16
75680,Thomas Bertels,1986-11-05
76090,Cauê Silva,1989-05-24
78950,Sonny Kittel,1993-01-06
82110,Thanos Petsos,1991-06-05
89783,Carlos Labrín,1990-12-02
95255,Vítor Bastos,1990-05-01
96189,Matic Kotnik,1990-07-23
98349,Romain Hamouma,1987-03-29
99632,Cicinho,1986-08-04
104397,Aleksandr Krivoruchko,1984-09-23
105653,Recep Niyaz,1995-08-02
106628,Dmitriy Polyanin,1980-03-30
119104,Riad Nouri,1985-06-07
121388,Jake Kean,1991-02-04
124670,Rúben Saldanha,1988-01-26
126249,Adam Buxton,1992-05-12
126695,Jérémy Labor,1992-03-19
129505,Marcello Trotta,1992-09-29
131789,Roberto Firmino,1991-10-02
132553,Kaveh Rezaei,1992-04-05
140747,Julian Rullier,1990-04-04
144723,Gökhan Alsan,1990-04-01
146795,Ryan Fraser,1994-02-24
148809,Barnabás Bese,1994-05-06
151636,Marlon Ritter,1994-10-15
152858,Nick Spaenhoven,1993-05-11
153628,Lukas Fröde,1995-01-23
158703,Kieron Freeman,1992-03-21
162029,Javier Manquillo,1994-05-05
163675,Filippo Moscati,1992-09-19
164756,Manolis Zacharakis,1992-08-10
170321,Paul Dummett,1991-09-26
171072,Sasa Zdjelar,1995-03-20
171730,Gleb Rassadkin,1995-04-05
172153,Mickaël Alphonse,1989-07-12
182284,Jeppe Illum,1992-03-25
187300,Stefan van der Lei,1993-03-05
187622,Kwame Karikari,1992-01-21
188010,Nils Rütten,1995-07-20
191852,Georgios Vlachos,1991-08-21
192635,Nico Elvedi,1996-09-30
197852,Derick Ogbu,1990-03-19
198614,Tomas Chory,1995-01-26
203361,Manuel Arteaga,1994-06-17
206225,Isaac Hayden,1995-03-22
216818,Romano van der Stoep,1994-11-11
221272,Mahmut Emir,1995-07-28
226070,Ivan Fiolic,1996-04-29
226261,César de la Hoz,1992-03-30
257103,Tobias Christensen,1995-01-04
257366,Godsway Donyoh,1994-10-14
257678,Betinho,1994-03-18
264403,Hayrettin Cengiz,1994-09-13
268949,Borja Lasso,1994-01-01
272930,Jamiro Monteiro,1993-11-23
284954,Angelos Kerasidis,1997-01-02
285866,Semen Matviychuk,1998-05-01
289585,Kirill Leonov,1998-07-26
306793,Sebastian Czajkowski,1996-09-15
310782,Andriy Batsula,1992-02-06
310796,Nordine Aït Yahia,1992-07-10
315185,Jake Hesketh,1996-03-27
320889,Thomas Blomeyer,1996-04-24
321096,Keanan Bennetts,1999-03-09
321182,Oussama Darfalou,1993-09-29
333241,Joelinton,1996-08-14
335244,Hamza Boukhari,1995-03-28
335721,Ben White,1997-10-08
337333,Alex Kral,1998-05-19
339151,Sven Sonnenberg,1999-01-19
340918,Caoimhín Kelleher,1998-11-23
345739,Shayon Harrison,1997-07-13
346707,Sean Longstaff,1997-10-30
354259,Ulas Zengin,1997-06-25
355514,Mohammad Adnan,1996-07-02
355861,Arnaut Danjuma,1997-01-31
355915,Cristian Romero,1998-04-27
357608,Yan Vorogovskiy,1996-08-07
357701,Marius Noubissi,1996-11-28
366746,Yahia Attiyat Allah,1995-03-02
384598,Andy Faustin,1997-03-25
384879,Vaclav Jemelka,1995-06-23
387321,Felipe Chacartegui,1998-02-23
394152,Emanuel Aiwu,2000-12-25
401025,Delano Grootenhuis,1997-05-31
401712,Simón Ramírez,1998-11-03
404586,Tyreke Johnson,1998-11-03
406609,Can Bozdogan,2001-04-05
424043,Joaquín Pereyra,1998-12-01
425306,Matt Turner,1994-06-24
427664,José Rivas Gamboa,1998-09-01
445126,Emanuele Valeri,1998-12-07
448331,Ardin Dallku,1994-11-01
457221,Lucas Robertone,1997-03-18
458734,Tommy St. Jago,2000-01-03
461895,Diogo Sousa,1998-09-16
462832,Mads Bidstrup,2001-02-25
471582,Zaydou Youssouf,1999-07-11
476344,Emerson Royal,1999-01-14
504042,Daniel Barden,2001-01-02
506965,James Olayinka,2000-10-05
513295,Alioune Ndour,1997-10-21
521846,Bogdan Mytsyk,1998-03-08
532464,Daniel Adshead,2001-09-02
535537,Omar Imeri,1999-12-13
537373,Valentino Fattore,2001-08-10
539437,Danyil Khondak,2001-04-19
542845,Simon Pedersen,1999-04-10
545538,Lameck Banda,2001-01-29
550137,Danylo Ryabenko,1998-10-09
570864,Tony Springett,2002-09-22
581674,Charlie Patino,2003-10-17
586712,Symeon Papadopoulos,2000-04-18
599686,Isaac Atanga,2000-06-14
610881,Christian Acella,2002-07-07
612496,Marcos Paulo,2001-02-01
614770,Sergey Samok,2001-02-15
618083,Sem Scheperman,2002-06-24
623071,Konstantinos Tsirigotis,2001-03-10
623570,Iliman Ndiaye,2000-03-06
638649,Femi Seriki,2002-04-28
647534,Joel Voelkerling Persson,2003-01-15
649457,Jean Botué,2002-08-07
654787,Denys Taraduda,2000-08-17
658534,Lasso Coulibaly,2002-10-19
662338,Miguel,2003-03-26
662950,Amarildo,1999-01-19
684196,David Mukuna Trouet,2001-10-02
684340,Ibrahima Cissé,2001-02-15
698047,César Sousa,2000-05-20
712911,Jasper Samooja,2003-07-21
746753,Frankie Maguire,2003-07-29
746778,Harry Boyes,2001-11-02
774545,Radion Posyevkin,2001-05-18
775830,Semen Vovchenko,1999-06-13
817275,Filippo Mozzo,2004-04-21
818495,Otávio,2002-04-21
834258,Luís Mota,2003-09-25
884849,Daniil Khrypchuk,2003-12-09
889438,Ilya Krupskyi,2004-10-02
996847,Kobe Hosten,2004-12-26
1363,Christian Wetklo,1980-01-11
2453,Mahir Saglik,1983-01-18
3156,William Gallas,1977-08-17
3333,James Milner,1986-01-04
4678,Markus Berger,1985-01-21
9335,Rui Fonte,1990-04-23
9369,Dele Adeleye,1988-12-25
12502,Sigamary Diarra,1984-01-10
13354,Wim Raymaekers,1985-04-04
13520,Phil Jagielka,1982-08-17
15379,Dmitriy Bulykin,1979-11-20
16993,Jérémy Ménez,1987-05-07
19896,Wouter Biebauw,1984-05-21
20005,Papu Gómez,1988-02-15
21988,Leandro Rinaudo,1983-05-09
22513,Nicolai Stokholm,1976-04-01
22515,Dennis Sörensen,1981-05-24
23410,Sören Christensen,1986-06-29
24026,Kostyantyn Kravchenko,1986-09-24
26751,Johan Björdal,1986-05-05
29544,Gunther Vanaudenaerde,1984-01-23
31336,Ruud Boffin,1987-11-05
31653,Tobias Sippel,1988-03-22
32611,Sezer Badur,
34357,Rawez Lawan,1987-10-04
34400,Vladimir Stojkovic,1983-07-28
34514,Ciprian Vasilache,1983-09-14
35959,Henrik Kildentoft,1985-03-18
37462,Aleksei Kangaskolkka,1988-10-29
38978,Christian Brüls,1988-09-30
39637,Roman Miroshnyk,1994-01-03
42033,Philipp Bargfrede,1989-03-03
44398,Veselin Minev,1980-10-14
44588,Nicklas Pedersen,1987-10-10
44679,Jean-Baptiste Pierazzi,1985-06-07
44825,Andreas Laudrup,1990-11-10
46715,Frédéric Frans,1989-01-03
46897,Mirkan Aydin,1987-07-08
49327,Bradley Johnson,1987-04-28
51164,Aleksandrs Cauna,1988-01-19
51349,Mikkel Rygaard,1990-12-25
52811,David Hubert,1988-02-12
54383,John Fleck,1991-08-24
55709,Emmanuel Mayuka,1990-11-21
57683,Niklas Dams,1990-05-28
59148,Oleksandr Volovyk,1985-10-28
60632,Theodor Gebre Selassie,1986-12-24
68948,Osama Akharraz,1990-11-26
69609,José Alberto Cañas,1987-05-27
70627,Andreas Larsen,1990-05-22
70950,Mohamed Diamé,1987-06-14
73733,Giorgi Navalovski,1986-06-28
73783,Joãozinho,1988-12-25
75413,Emanuel Sakic,1991-01-25
75647,Ilias Anastasakos,1978-03-03
80709,Willie Overtoom,1986-09-02
81168,Miroslav Markovic,1989-11-04
89650,Johannes Geis,1993-08-17
91479,Sergiy Yavorskyi,1989-07-05
93768,Richard Strebinger,1993-02-14
93831,Tom Trybull,1993-03-09
96006,Jonas Thomsen,1991-02-05
96140,Jorge Correa,1993-04-04
99106,Emil Larsen,1991-06-22
102463,Christopher Verbist,1991-10-08
107114,Mathias Kristensen,1993-06-24
108104,Ibrahim Ayew,1988-04-16
110726,Brice Ntambwe,1993-04-29
114430,Nurullah Kaya,1986-07-20
126600,Kenny McLean,1992-01-08
130841,Kevin McHattie,1993-07-15
132236,Josh Parker,1990-12-01
132764,Tony Watt,1993-12-29
132931,Georgios Theos,1991-08-22
133089,Felipe Gutiérrez,1990-10-08
133480,Alessandro Cerigioni,1992-09-30
134426,Blair Turgott,1994-05-22
134530,Willie Robertson,1993-04-14
135208,Riza Durmisi,1994-01-08
135209,Frederik Holst,1994-09-24
136169,Andy Boyle,1991-03-07
136368,George Williams,1995-09-07
136515,Kenny Otigba,1992-08-29
136547,Anastasios Tzirakis,1992-03-06
136897,Gabriel Rodríguez,1989-01-05
137179,Sergey Bryzgalov,1992-11-15
137710,Danilo Dias,1985-11-06
137841,Romain Amalfitano,1989-08-27
137939,Tornike Okriashvili,1992-02-12
138642,João Afonso,1982-02-11
138651,Joãozinho,1989-07-02
138935,Sergio Álvarez,1992-01-23
139173,Achraf Lazaar,1992-01-22
139914,Sinisa Babic,1991-02-13
140702,Arbi Mezhiev,1993-06-29
142122,Nicky Riley,1986-05-10
143090,Dino Martinovic,1990-07-20
145339,Radomir Milosavljevic,1992-07-28
145484,Lucas Dawson,1993-11-12
145602,Nicolás Castillo,1993-02-14
145981,Evgeniy Shlyakov,1991-08-30
147072,Yuriy Nesterenko,1991-06-12
148215,Nicky Devlin,1993-10-17
148252,Remo Freuler,1992-04-15
148372,Nicolae Stanciu,1993-05-07
149354,Jan-Marc Schneider,1994-03-25
149412,Ahmed Sassi,1993-09-24
149526,Marco Crimi,1990-03-17
151540,Kevin Visser,1988-07-19
151659,Torbjörn Agdestein,1991-09-18
152241,Besar Halimi,1994-12-12
152962,Vladislav Kamilov,1995-08-29
155158,Filip Bednarek,1992-09-26
155275,Andriy Slinkin,1991-02-19
156109,Vadym Bovtruk,1991-08-18
156128,Andriy Pylyavskyi,1988-12-04
156496,Kristof D'Haene,1990-06-06
156618,Maxime Colin,1991-11-15
156715,Marco Thiede,1992-05-20
157058,Ibrahim Sissoko,1991-11-29
157500,Lenny Nangis,1994-03-24
157884,Rambé,1989-10-04
158022,Fredrik Ulvestad,1992-06-17
159153,Daniel Jara,1993-12-22
159906,Yigitcan Gölboyu,1992-05-12
160510,Dimitrios Stamou,1991-04-27
161011,Filip Kostić,1992-11-01
161356,Filip Markovic,1992-03-03
162079,Fede Vico,1994-07-04
162427,Idrissa Coulibaly,1987-12-19
163222,Grégoire Defrel,1991-06-17
163515,Craig Storie,1996-01-13
163549,Marco Chiosa,1993-11-19
164015,Pedro Henrique,1992-12-18
164254,Gabriel Iancu,1994-04-15
164915,Lionel Mpasi-Nzau,1994-08-01
165338,Denny Johnstone,1995-01-09
165820,Lasha Gvalia,1991-10-06
165825,Davit Khocholava,1993-02-08
165894,Giammario Piscitella,1993-03-24
167472,Youssouf M'Changama,1990-08-29
167796,Paolo Faragò,1993-02-12
168159,Corentin Fiore,1995-03-24
168162,Sébastien Locigno,1995-09-02
168188,Mario Bria,1993-04-30
168346,Nana Welbeck,1994-11-24
168416,David Ivan,1995-02-26
169511,Uros Radakovic,1994-03-31
169533,Alejandro Rodríguez,1991-07-30
170424,Liam Hughes,1992-08-10
170475,Franck Héry,1993-04-26
170481,Jean-Daniel Akpa Akpro,1992-10-11
170516,Tim Dierßen,1996-01-15
170530,Sinan Kurt,1996-07-23
170767,Andre Poko,1993-01-01
170911,Donovan Léon,1992-11-03
171167,Jairo Samperio,1993-07-11
172471,Georgios Nikoltsis,1992-04-06
172546,Rodion Syamuk,1989-03-11
175247,Gideão,1987-12-19
175446,Jonny Otto,1994-03-03
175593,Euan Murray,1994-01-20
175921,Álex Menéndez,1991-07-15
176023,Alexis Ferrante,1995-06-27
176439,Okan Deniz,1994-05-20
176995,Kerem Cagatay,1994-01-01
177010,Sergey Melnik,1993-06-25
177821,Daryl van Mieghem,1989-12-05
178400,Wilker Ángel,1993-03-18
179422,Manolis Nikolakakis,1991-02-19
179467,James Jeggo,1992-02-12
179985,Artem Fedchuk,1994-12-20
180189,Jorge Rojas,1993-01-07
180437,Kadir Ari,1994-11-27
180834,Aleksandr Seraskhov,1994-02-05
181619,Robert Mazan,1994-02-09
182079,Ibrahim Akdag,1991-07-21
182242,Jake Carroll,1991-08-11
182578,Menno Koch,1994-07-02
182614,Scott Pittman,1992-07-09
182910,Hervin Ongenda,1995-06-24
182936,Filipe Ferreira,1990-09-27
183142,Dzambolat Khastsaev,1995-05-22
183154,Albert Tskhovrebov,1993-05-02
183247,João Patrão,1990-01-22
183385,Fábio Lopes,1993-01-10
184299,Thomás,1993-02-24
184948,Uche Nwofor,1991-09-17
185699,Tim Leibold,1993-11-30
185823,Gökhan Korkmaz,1991-01-22
186260,Yuya Kubo,1993-12-24
186614,Nikolaos Angeloudis,1991-05-14
188335,Marko Bakic,1993-11-01
189549,Denys Bilous,1991-05-10
190570,Lazaros Moysiadis,1992-07-01
191654,Antonis Kelaidis,1993-03-31
192009,Unai López,1995-10-30
192985,Simon Tibbling,1994-09-07
193105,James Thomson,1994-11-07
193110,Ally Gilchrist,1995-03-03
193142,Mathieu Michel,1991-09-04
193319,Luís Silva,1992-09-29
193585,Nicolas Sumsky,1993-11-13
193883,Paul McMullan,1996-02-25
195274,Zlatko Tripic,1992-12-02
196139,Robert Glatzel,1994-01-08
196240,Mathias Pogba,1990-08-19
197154,Jô,1988-09-19
197157,Gerso,1991-02-23
197272,Andrea Demontis,1995-01-10
197300,Federico Bernardeschi,1994-02-16
197473,Alberto Grassi,1995-03-07
197610,Mickaël Meira,1994-01-25
197929,Ivan Provedel,1994-03-17
198495,Tokelo Rantie,1990-09-08
198613,Stefan Simic,1995-01-20
198859,João Schmidt,1993-05-19
199134,Carlos García,1993-09-17
199243,Kingsley Boateng,1994-04-07
199299,Damian Kadzior,1992-06-16
199763,Sergio Garufi,1995-09-16
201570,George Glendon,1995-05-03
202984,Roque Mesa,1989-06-07
203344,Jonathan Kindermans,1994-12-27
203460,Jack Grealish,1995-09-10
203507,Adrien Hunou,1994-01-19
203510,Yuriy Kovalev,1993-01-27
203516,Nuke Mfulu,1994-03-20
203522,Sébastien Pennacchio,1983-02-01
204141,Jakob Blaabjerg,1995-01-11
204453,Brito,1987-11-16
205938,Mario Pasalic,1995-02-09
206559,Giannis Goumas,1988-06-07
206701,Mario Piccinocchi,1995-02-21
206843,Andrija Zivkovic,1996-07-11
206888,Georgiy Bushchan,1994-05-31
207109,Dale Keenan,1994-06-27
207519,Vitaliy Lystsov,1995-07-11
207592,Philipp Ochs,1997-04-17
209015,Carlos Santos,1989-03-31
209587,Salim Kouider-Aïssa,1996-03-22
210747,Willian Arão,1992-03-12
210854,Ross Barbour,1993-02-01
212863,Jaime Sánchez,1995-03-11
213762,Giannis Dermitzakis,1992-11-05
213875,Juanto Ortuño,1992-02-11
213988,Mauro Caballero,1994-10-08
214023,David Ferguson,1994-06-07
214579,Vlad Marin,1995-05-15
217754,Dmitri Arapov,1993-06-09
218144,Mikael Mandron,1994-10-11
220496,Charles Dunne,1993-02-13
220671,Aleksey Skvortsov,1992-01-13
220785,Ludovico Palumbo,1995-07-22
220999,Fabrice Ondoa,1995-12-24
221285,Furkan Soyalp,1995-06-12
221414,Carlo Chueca del Río,1993-03-23
222332,Lasha Dvali,1995-05-14
222825,Nemanja Mihajlovic,1996-01-19
223319,Mohamed Slim Ben Othman,1989-11-18
223431,Juwon Oshaniwa,1990-09-14
223917,Sebastián Rincón,1994-01-14
225077,Jackson Longridge,1995-04-12
225477,Fernando Neto,1993-01-27
225742,Miguel Rodrigues,1993-03-16
225817,Michel van Veen,1993-02-21
226146,Valmir Berisha,1996-06-06
226524,Morten Thorsby,1996-05-05
226542,Tars Notteboom,1996-01-18
226739,Anthony Cáceres,1992-09-29
226973,Harrison Reed,1995-01-27
226978,Jordan Turnbull,1994-10-30
227039,Younes Namli,1994-06-20
227382,Leeroy Makovora,2002-02-05
227436,João Mário,1993-10-11
228912,Liam Lindsay,1995-10-12
229004,Moussa Dembélé,1996-07-12
229695,Bersant Celina,1996-09-09
229826,Elliot Lee,1994-12-16
231447,Yannick Derix,1991-06-28
231932,Nikola Stankovic,1993-12-18
232612,Yevgen Smirnov,1993-04-16
232691,Djeremy Zandvliet,1993-01-21
234787,Lucas João,1993-09-04
235247,Wolke Janssens,1995-01-11
235341,Aleksey Gasilin,1996-03-01
235767,John Souttar,1996-09-25
235771,Ross Fisher,1992-09-28
236693,Ghayas Zahid,1994-09-08
237113,John-Patrick Strauß,1996-01-28
237499,Aleksandar Sedlar,1991-12-13
237665,André Ferreira,1990-06-15
237923,Sotiris Tsiloulis,1995-02-14
238437,Mohamed El-Bouazzati,1997-01-09
238584,Mehdi Tahrat,1990-01-24
238628,Fabrice Apruzesse,1985-05-08
240252,Karlo Lulic,1996-05-10
240303,Ousmane Diop,1994-06-03
240400,Agostino Camigliano,1994-07-11
240773,Edson Farias,1992-01-12
241162,Jean-Landry Bassilekin,1992-01-23
241231,Yoan Cardinale,1994-03-27
241502,Achille Vaarnold,1996-01-26
242272,Yevgen Banada,1992-02-29
242301,Miquel Parera,1996-05-18
242631,Alex Iwobi,1996-05-03
242652,Lewis Page,1996-05-20
242724,Ezekiel Henty,1993-05-13
242965,Mamadou Tounkara,1996-01-19
243679,Goran Karacic,1996-08-18
244165,Nikita Korzun,1995-03-06
244252,Steven Boyd,1997-04-12
244264,Vladyslav Pavlenko,1994-04-05
244271,Oleksandr Svatok,1994-09-27
244275,Gabriel Barbosa,1996-08-30
244706,Koray Yildiz,1995-02-16
244802,Giorgio Costanzo,1996-06-14
245186,Dylan Zwartjes,1993-06-06
245902,Rodny Lopes Cabral,1995-01-28
246044,Jonas Arweiler,1997-04-10
246335,Rubén Yáñez,1993-10-12
248454,Nikola Vasilj,1995-12-02
248738,Sergio Herrera,1993-06-05
248935,Pavlo Lukyanchuk,1996-05-19
248938,Maksym Tretyakov,1996-03-06
248958,Andy Black,1995-09-20
249747,Aleksandr Pavlovets,1996-08-13
250137,Preben De Man,1996-09-27
250416,Frane Cirjak,1995-06-23
250464,Clint Leemans,1995-09-15
250844,Alexander Djiku,1994-08-09
250907,Jemal Tabidze,1996-03-18
251074,Liban Abdulahi,1995-11-02
251531,Sanny Monteiro,1989-12-11
251676,Rifet Kapic,1995-07-03
251845,Sergi Canós,1997-02-02
251860,Javi Jiménez,1997-03-11
251877,Carlos Marín,1997-02-20
251896,Jesús Vallejo,1997-01-05
251897,Asier Villalibre,1997-09-30
252864,Keverley Albertus,1990-04-11
253125,Joao Rodríguez,1996-05-19
253153,Álvaro Traver,1993-04-01
253232,Miguel Lázaro,1995-04-24
253766,Robby Holder,1993-01-31
253973,Christos Tasoulis,1991-05-03
254039,José Antonio Caro,1993-03-08
254476,Aldo One,1995-01-05
254903,Quique Cebriá,1995-04-01
255093,Joe Gorman,1994-09-01
255284,Álex Granell,1988-08-02
255744,Samir Caetano,1994-12-05
255901,Rodrigo de Paul,1994-05-24
256338,Matteo Adamo,1996-07-29
256696,Perdigão,1991-07-17
257468,Nemanja Glavcic,1997-02-19
257533,Greg Olley,1996-02-02
257707,João Graça,1995-06-18
258032,Yuri Ribeiro,1997-01-24
258263,Marcos Vinícius,1991-06-27
258478,Basem Morsy,1992-01-01
260197,Ji-su Park,1994-06-13
260840,Mikkel Hedegaard,1996-07-03
261041,Alessio Agrifogli,1996-02-28
261056,Giacomo Ricci,1996-09-02
261741,Tobi Sho-Silva,1995-03-27
262182,Roman Debelko,1993-08-08
262183,Alper Ademoglu,1998-04-10
262523,Davide Calabria,1996-12-06
262688,Aminu Umar,1995-03-06
263546,Joseph Attamah,1994-05-22
263553,Peet Bijen,1995-01-28
263557,Marcelo Meli,1992-06-20
263932,Aleksey Kuznetsov,1996-08-20
264193,Dan Cleary,1996-03-09
264796,Rafal Augustyniak,1993-10-14
265075,Stefano Ciavattini,1998-03-30
266203,Makis Giannikoglou,1993-03-25
267382,Denis Yakuba,1996-05-26
267383,Rifat Zhemaletdinov,1996-09-20
267614,Julian Kristoffersen,1997-05-10
268112,Gyrano Kerk,1995-12-02
268527,Shaun Donnellan,1996-10-16
269866,Roni,1991-01-26
270541,Serhou Guirassy,1996-03-12
271486,Konstantin Kertanov,1995-07-22
271584,Selman Sevinc,1995-04-12
271635,Dmytro Fateev,1994-06-21
271743,Henk Veerman,1991-02-26
271773,Franz Brorsson,1996-01-30
271988,Borja Fernández,1995-08-16
272634,Joris Mendy,1997-05-13
272732,Willem Huizing,1995-02-01
273438,Danilo Barbosa,1996-02-28
273542,Noureddine Boutzamar,1994-04-09
276474,Vítor São Bento,1992-08-09
277093,Carlos Castro,1995-06-01
277111,Jorginho,1995-09-21
277112,Elso Brito,1994-04-02
277114,Jason Denayer,1995-06-28
277272,Kjetil Borry,1994-08-16
278678,Aleksey Ivanushkin,1996-11-20
278796,Aníbal Chalá,1996-05-09
279009,Marco Richter,1997-11-24
279133,Andy Firth,1996-09-26
281831,Christian,1989-06-14
281881,Aslanbek Sikoev,1995-03-11
282371,Ivi López,1994-06-29
282409,Marcos Lavín,1996-09-02
282483,Federico Rasic,1992-03-24
282560,Ramazan Civelek,1996-01-22
283135,Stanley Segarel,1994-03-04
283170,Iñaki Peña,1999-03-02
284010,Robin Hack,1998-08-27
284728,Luciano Nequecaur,1992-07-19
284846,Innokentiy Samokhvalov,1997-10-03
284847,Anton Terekhov,1998-01-30
284876,Paolo Fernandes,1998-08-09
285033,Will Norris,1993-08-12
285091,Luca Bruno,1996-08-24
285920,Gaston Camara,1996-03-31
285928,Giovanni Tortora,1996-07-02
286217,Joan Bonilla,1996-02-12
286710,Konstantin Shcherbakov,1997-03-20
287631,Pierluigi Cappelluzzo,1996-06-09
287762,Gonzalo Martinez,1996-04-02
287903,Simone Minelli,1997-01-08
288153,Tom Deman,1995-03-10
288245,Segun Owobowale,1997-03-22
288952,Callum Roberts,1997-04-14
289182,Christopher Antwi-Adjei,1994-02-07
289236,Jon Bautista,1995-07-03
289487,Rostyslav Rusyn,1995-10-26
289643,Roman Tugarev,1998-07-22
289648,Dante Vanzeir,1998-04-16
289854,Yones Felfel,1995-11-24
290017,Hassane Kamara,1994-03-05
290530,Bilel Aouacheria,1994-04-02
290540,Jonathan Correia,1994-02-13
290780,Bruno Moura,1992-07-13
290862,Maxime López,1997-12-04
290876,Simone Solinas,1996-03-03
291128,Mohamed Mara,1996-12-12
291178,Demba Camara,1994-11-07
291241,Nick Borgman,1996-12-07
291422,Lys Mousset,1996-02-08
291856,Ricardo Bagadur,1995-09-16
292200,Mertcan Cam,1995-11-16
292353,Victor Massaia,1992-02-09
293298,Martin Holm,1998-05-27
293324,Marco Lund,1996-06-30
293383,Èric Montes,1998-04-17
293729,Daniel Harvie,1998-07-14
294142,Ahmet Özer,1994-06-02
294701,Kianz Froese,1996-04-16
294817,Thiago Silva,1996-06-12
295755,Georgios Saramantas,1992-01-29
296429,Manuel Wintzheimer,1999-01-10
297006,Grigoriy Kalyuzhnyi,1994-08-29
297011,Oleksiy Mosendz,1994-06-29
297070,Hamari Traoré,1992-01-27
297198,Christian Ilic,1996-07-22
297239,Jack Breen,1999-06-11
297784,Yan Eteki,1997-08-26
298231,Courtney Baker-Richardson,1995-12-05
298410,João Pedro,1996-11-13
298583,Eray Cömert,1998-02-04
300138,Aleksandr Ageev,1996-05-22
301240,Samuele Perisan,1997-08-21
301815,Lewis Enoh,1992-10-23
301840,Uygar Zeybek,1995-06-04
303414,Julien Romain,1996-02-23
304319,Milos Zukanovic,1996-02-08
306795,Oliver Drost,1995-11-04
308279,Rolando Mandragora,1997-06-29
309397,Lennart Grill,1999-01-25
312486,Berend Schootstra,1995-03-11
312719,Niels Wouters,1996-05-04
313094,Jordan Lotomba,1998-09-29
314140,Dael Fry,1997-08-30
314366,Kyle Edwards,1998-02-17
314678,Brahim Díaz,1999-08-03
314965,Pedro Pereira,1998-01-22
315844,Alessandro Bordin,1998-08-01
315857,Marco Curto,1999-01-05
315859,Gabriele Gori,1999-02-13
317740,Florian Krüger,1999-02-13
318257,Stratos Svarnas,1997-11-11
318361,Dzhemal Kyzylatesh,1994-03-14
318521,Tristan Muyumba,1997-03-07
318928,Nicklas Halse,1997-05-03
320279,Sammy Skytte,1997-02-20
320411,Philip Billing,1996-06-11
321308,Dmytro Litvinenko,1994-11-13
321686,Giovanni Nuti,1998-11-06
322305,Jean-Victor Makengo,1998-06-12
322524,Andrey Demchenko,1993-07-01
323169,Sergio García,1996-12-27
323379,Racine Coly,1995-12-08
323872,Andrés Cubas,1996-05-22
324321,Bernard Mensah,1994-10-17
324378,Valerio Mantovani,1996-04-18
325410,Maksym Babiychuk,1994-04-28
326330,Frenkie de Jong,1997-05-12
326843,Erhun Öztümer,1991-05-29
329497,Antonis Iliadis,1993-07-27
330574,Oleg Boroday,1993-01-07
330894,Yunus Öz,1996-02-12
331094,Lewis McLear,1996-05-26
331975,Jeppe Simonsen,1995-11-21
332041,Onurcan Güler,1995-03-24
332054,Médéric Deher,1994-10-11
332061,Azad Toptik,1999-02-12
332144,Volodymyr Krynskyi,1997-01-14
332929,Georgios Goutsidis,1996-07-12
332973,Ahmad Mendes Moreira,1995-06-27
333386,Jérémy Houzé,1996-10-22
333859,Lubambo Musonda,1995-03-01
334157,Bruce Kamau,1995-03-28
334207,Maxim Leitsch,1998-05-18
335002,Elias Abouchabaka,2000-03-31
336080,Eycan Kaya,1998-05-05
336587,Nikolay Todorov,1996-08-24
337179,José Carrillo,1995-03-04
337321,Nathan Holland,1998-06-19
337356,Christos Mavridis,1998-08-10
337705,Abdullahi Nura,1997-08-17
337799,Pedro Ferreira,1998-01-05
338170,Matías Orihuela,1992-02-17
338424,Mikel Merino,1996-06-22
338628,Adrien Bongiovanni,1999-09-20
339501,Aleksandar Radovanovic,1993-11-11
339576,Édson Almeida,1994-01-28
339601,Ibrahima Sory Bah,1999-01-01
340070,Simone Edera,1997-01-09
340343,Antoine Bernier,1997-09-10
340445,Simone Ricozzi,1997-03-24
340447,Emanuele Spinozzi,1998-07-23
340456,Noussair Mazraoui,1997-11-14
340866,Maksym Slyusar,1997-07-01
341133,Ismael Taider,1997-08-01
341263,Adrián de la Fuente,1999-02-26
341486,Danila Sagutkin,1996-04-19
341501,Hamza Choudhury,1997-10-01
342047,Jack Fitzwater,1997-09-23
342083,Dan Wilks,1996-06-08
342138,Rodion Budchenko,1994-04-26
342385,Guido Rodríguez,1994-04-12
342878,Yassin Fortuné,1999-01-30
343318,Vitaliy Mykytyn,1998-11-04
344009,Nathan Broadhead,1998-04-05
344072,Kelvin Amian,1998-02-08
344311,Jan Bernat,2001-01-10
344588,Glenn Middleton,2000-01-01
344599,Yassine Benrahou,1999-01-24
344627,Rafael Silva,1990-10-08
345008,Conor O'Keefe,1998-07-21
345458,Sebastian Walukiewicz,2000-04-05
345961,Djair Parfitt-Williams,1996-10-01
346566,Edoardo Bianchi,1999-04-30
346647,Yuta Nakayama,1997-02-16
347542,Burak Kavlak,1996-07-07
348026,Nordi Mukiele,1997-11-01
348040,Ismail Ayaz,1995-01-04
348332,Flavio Ciampichetti,1988-03-07
348676,Diego Faccioli,1998-07-08
348953,Athanasios Kostanasios,1999-01-11
349106,Dmytro Antonov,1996-08-28
349389,Pierluigi Pinto,1998-09-22
349443,Ricardo Ryller,1994-02-27
349890,Dudu Lima,1989-03-14
350828,Shahab Zahedi,1995-08-18
351071,Ryan Johansson,2001-02-15
351503,Kevin Silva,1998-01-05
351738,Lincoln,1998-11-07
351816,Ismaël Bennacer,1997-12-01
353559,Dominik Oroz,2000-10-29
353658,Yilmaz Daler,1999-05-30
353799,Lorenzo Adorni,1998-12-01
355496,Lucas Cunha,1997-01-23
355611,Filippo Berardi,1997-05-18
356009,Alessandro Giacomel,1998-07-09
356197,Alfonso Pedraza,1996-04-09
357656,Jayson Molumby,1999-08-06
358143,Chidozie Awaziem,1997-01-01
358907,Din Sula,1998-03-02
359667,Vadym Granchar,1998-03-07
361032,Bilal Bayazit,1999-04-08
361207,Kik Pierie,2000-07-20
363610,Georgi Tunjov,2001-04-17
363714,Abukar Mohamed,1999-01-01
364370,Mory Konaté,1993-11-15
364635,Francesco Mele,1998-06-23
368887,Loïs Openda,2000-02-16
369103,Argyris Kampetsis,1999-05-06
369381,Modou Badjie,1997-01-02
370399,Mykyta Kravchenko,1997-06-14
371021,Arijanet Muric,1998-11-07
371247,Gabriel Brazão,2000-10-05
371461,Marco Tol,1998-04-25
371686,Carlens Arcus,1996-06-28
372015,Ricardo Fernandes,1994-10-28
372240,Mads Bech Sörensen,1999-01-07
372459,André Sousa,1998-02-26
373358,Enrico Vencato,1998-12-19
373669,Ibrahim Icuz,1996-01-01
376484,Carles Soria,1996-10-08
378463,Franco Russo,1994-10-25
378972,Guy Hadida,1995-07-23
379634,Aleksey Gritsaenko,1995-05-25
379980,Meritan Shabani,1999-03-15
380913,Demeaco Duhaney,1998-10-13
381430,Fabricio Alvarenga,1996-02-17
381794,Lorenzo Carissoni,1997-02-07
381921,Ivan Komlev,1994-07-22
381965,Joachim Carcela-Gonzalez,1999-12-16
383198,Ilya Shevtsov,2000-04-13
383600,Evgeni Shumikhin,1995-04-05
384461,Jakub Moder,1999-04-07
385920,Brad Jackson,1996-10-20
386062,Simon Lefebvre,1997-05-06
386541,Sigurd Haugen,1997-07-17
386571,Leonardo Merio,1999-05-28
387036,Joe Riley,1996-12-06
387191,Daiki Hashioka,1999-05-17
387198,Yegor Demchenko,1997-07-25
387201,Clint Essers,1997-01-21
388236,Rodrigo Soares,1992-12-26
388269,Hasan Emiroglu,1997-06-29
388361,Yusuf Acer,1997-01-28
388545,Ricard Sánchez,2000-02-22
389578,Thomas Bolis,1998-08-02
390117,Samuele Damiani,1998-01-30
390379,Mustafa Eskihellac,1997-05-05
391127,Viv Solomon-Otabor,1996-01-02
391470,Marcus Browne,1997-12-18
392113,Andrey Chasovskikh,1991-05-31
392139,Sebastian Müller,2001-01-23
392276,Timothée Taufflieb,1992-12-01
392375,Jake Hastie,1999-03-18
392681,Giacomo Figliuzzi,2000-11-12
392766,George McEachran,2000-08-30
392963,Salvatore Elia,1999-06-30
392964,Emmanuel Latte Lath,1999-01-01
393621,Douglas Augusto,1997-01-13
393904,Filippo Delli Carri,1999-05-03
394301,Edoardo Rezzi,1999-07-03
395228,Till Cissokho,2000-02-08
395676,Zachary Brault-Guillard,1998-12-30
396087,Andrea Di Maggio,2000-08-14
397033,Sandro Tonali,2000-05-08
397486,Dennis Man,1998-08-26
398845,Nikita Kovalev,1996-03-31
398971,Samuel Brolin,2000-09-29
399273,Íñigo Barrenetxea,1994-01-10
399340,Hakeem Odoffin,1998-04-13
399593,Alper Önal,1996-06-06
399887,Esteban Rolón,1995-03-25
400485,Adam Ounas,1996-11-11
401639,Lukas Petkov,2000-11-01
401938,Amine Khammas,1999-04-06
402106,Fodé Camara,1998-04-17
402613,Artem Poplevchenkov,2000-06-09
402893,Vangelis Theocharis,1998-07-06
403577,Jack Paterson,2000-05-24
404632,Pedro Martínez,1996-02-09
404688,Waldo Rubio,1995-08-17
404851,Denis Yanakov,1999-01-01
405197,Kader Kouakou,1998-12-24
405399,Denis Dragus,1999-07-06
405676,Oliver Bias,2001-06-15
406734,Carlo Pignatiello,2000-01-16
407347,Alessandro Albanese,2000-01-12
408438,Asumah Abubakar,1997-05-10
409087,Wessel Sprangers,1998-10-09
409511,Damjan Pavlovic,2001-07-09
410183,João Basso,1997-01-13
410184,Kyrylo Demidov,1996-08-18
410649,Afimico Pululu,1999-03-23
411149,Curtis Yebli,1997-03-30
411465,Andrea Rizzo Pinna,2000-01-13
411482,Gerald Postma,1997-10-12
415646,Bruno Jordão,1998-10-12
417235,Denys Pidruchnyi,2001-07-10
418553,Jesper Daland,2000-01-06
419067,Georgiy Tsitaishvili,2000-11-18
420330,Jeremy Betancor,1998-09-10
420474,Gökay Eser,1999-08-01
421110,Nathan Mingiedi,1997-12-22
422715,Arial Mendy,1994-11-07
422764,Jamie Yayi Mpie,2001-05-22
422950,Mads Emil Madsen,1998-01-14
423436,Santiago Ascacíbar,1997-02-25
423897,Leonid Mironov,1998-09-14
424071,Victor Paillon,1998-06-30
425031,Michalis Bousis,1999-01-02
426142,Jan de Boer,2000-05-20
426906,Manuel Lombardoni,1998-12-19
427653,Abou Ba,1998-07-29
430800,Naoufal Bannis,2002-03-11
431470,Alessandro Minelli,1999-07-23
431706,Vitaliy Botnar,2001-05-19
432048,Shaher Mansour,1992-04-28
432094,Shemmy Mayembe,1997-11-22
432141,Niccolò Cabras,2001-02-11
432658,Yuriy Kopyna,1996-07-04
434718,Brian Gómez,1994-02-15
434990,Álex Sola,1999-06-09
435213,Léo Sena,1995-12-31
438682,Daniel Fuzato,1997-07-04
439456,Sebastian Grönning,1997-02-03
440135,Nikita Goylo,1998-08-10
440371,Adrián Spörle,1995-07-13
441213,Jari Koenraat,1995-09-26
441987,Leon Klassen,2000-05-29
444833,Nikita Glushkov,1994-06-23
445510,Martin Selak,1995-06-22
445939,Omar Marmoush,1999-02-07
447661,Douglas Luiz,1998-05-09
448764,Nemanja Calasan,1996-03-17
448854,Emmanuel Dennis,1997-11-15
449019,Louis Appéré,1999-03-26
449385,Roman Minaev,1997-12-24
450724,Cammy Ballantyne,2000-04-22
450844,Shaun Struthers,2000-01-10
451244,David Volk,2001-04-11
451317,Kennedy Boateng,1996-11-29
456535,Agustín Rogel,1997-10-17
457486,Arda Kaya,1997-11-15
457873,Gianluca Volzone,2000-07-21
457979,Lucas Lund,2000-03-19
459322,Callum Rowe,1999-09-02
459707,Eduard Dutu,2001-04-18
459821,Davide Sibilia,1999-07-29
460620,Steff Kaptein,1999-08-27
461618,Andrés Solano,1998-02-24
461704,Vladimir Kobakhidze,1999-09-09
461717,Vedad Radonja,2001-09-06
461963,Celton Biai,2000-08-13
462829,Thomas Christiansen,2001-04-19
463620,Willem Geubbels,2001-08-16
463755,Dean Campbell,2001-03-19
464599,Nicolas Madsen,2000-03-17
465253,Noam Debaisieux,1999-12-15
465537,Georgios Antzoulas,2000-02-04
466783,Arnau Tenas,2001-05-30
468700,Neyder Lozano,1994-03-04
470375,Mateusz Zukowski,2001-11-23
470391,Jayden Braaf,2002-08-31
470802,Batuhan Tekin,1999-01-27
473169,Brian Brobbey,2002-02-01
474811,Sulaiman Oyewale,2000-11-10
475149,Marco Imperiale,1999-05-01
476101,Sergio Segura,1995-08-30
478198,Franck Kanouté,1998-12-13
479037,Keanu Baccus,1998-06-07
481116,Youssef Maziz,1998-06-24
481688,Sotiris Alexandropoulos,2001-11-26
483334,Sinan Yazici,1997-08-14
485582,Sontje Hansen,2002-05-18
485657,Danila Proshlyakov,2000-03-08
485703,Berkant Kök,1998-04-23
487210,Vladimir Bradonjic,1999-12-11
487829,Christian Dalle Mura,2002-02-02
488626,Jesús Areso,1999-07-02
488656,Siriki Dembélé,1996-09-07
491765,Ruslan Salakhutdinov,1996-04-01
491960,Benito,1998-09-07
495627,Álvaro Fernández,2000-04-10
495722,Devis Vásquez,1998-05-12
498015,Kirill Pechenin,1997-03-18
501612,Yuriy Klymchuk,1997-05-05
502661,Diogo Teixeira,1999-01-20
503096,Jorge Hernández,2000-11-08
503518,Aboubakar Sidibé,1996-05-03
503635,Nouri El Harmazi,2002-05-15
503642,Joël van Kaam,2002-03-08
504386,Emmanuel Longelo,2000-12-27
504503,João Mendes,1994-10-21
508994,Firatcan Üzüm,1999-06-04
509116,Babacar Dione,1997-03-22
510262,Ryan Bouallak,1999-08-19
511246,Jomaine Consbruch,2002-01-26
511677,Yunus Sencay,1997-02-04
511813,Sidnei Tavares,2001-09-29
514887,Aral Simsir,2002-06-19
514897,Casper Gedsted,2002-02-04
515054,Ilya Petukhov,2001-01-08
516761,Achraf Douiri,1999-11-27
517619,Mats van Kins,1998-12-17
518505,Jamie Leweling,2001-02-26
518854,Valance Nambishi,1997-11-30
520067,Svyatoslav Kozhedub,2002-05-22
520662,Pepê,1997-02-24
520815,Ousseynou Ba,1995-11-11
522190,Davo,1994-12-18
522245,Lasse Günther,2003-03-21
522248,Jamie Lawrence,2002-11-10
522336,Artem Mingazov,1996-10-01
523965,Lirim Qamili,1998-06-04
524572,Paulo Vitor,1999-06-24
526098,Dennis Stojkovic,2002-08-03
527881,Maga,1999-04-19
527959,Henry Uzochukwu,1999-01-22
528451,Tobias Bech,2002-02-19
529595,Nikolaos Kousiadis,1997-05-20
532745,David Kokoev,2002-08-29
532905,Arda Kizildag,1998-10-15
533237,Georgios Zisis,1999-04-23
533523,Haydon Roberts,2002-05-10
533568,Nahuel Tenaglia,1996-02-21
533732,Aleksandro Zaimaj,1998-01-19
533913,Jordan Stevens,2000-03-25
534678,Grigoris Fotopoulos,2000-04-27
535974,Konstantin Maradishvili,2000-02-07
536476,Trey Vimalin,2001-01-28
537847,Dmitriy Pavlish,1999-09-30
538253,Simão,1993-07-02
538971,Naouirou Ahamada,2002-03-29
539232,Jessy Deminguet,1998-01-07
539442,Yaroslav Nadolskyi,2001-03-01
539665,Fredrik Oppegard,2002-08-07
540060,Spyros Tzavidas,2001-08-21
540333,Tomas Suslov,2002-06-07
540678,Anthony Dekono,2000-10-07
541270,Jaap Fischer,2000-01-25
545331,Mathias Ross,2001-01-15
545520,Kelyan Guessoum,1999-02-05
545647,Sergio Carreira,2000-10-13
546133,Johannes Frahm,
546185,Giannis Leontsakos,2001-03-15
547354,Pascu,2000-04-02
547985,Fabiano Parisi,2000-11-09
549016,Iuri Tavares,2001-03-08
549815,Thuler,1999-03-10
550108,Nicola Zalewski,2002-01-23
555074,Oliwier Zych,2004-06-28
556865,Saad Agouzoul,1997-08-10
557614,Nathanaël Mbuku,2002-03-16
557942,Berkay Yilmaz,1998-08-28
558244,Ahmed Daghim,2001-04-07
558721,Furkan Cetinkaya,2001-01-21
558726,Ahmet Kürsat Kilic,2001-01-01
559327,Youri Baas,2003-03-17
562030,Musa Juwara,2001-12-26
562478,Aramis Kouzine,1998-10-03
564489,Kamal Sowah,2000-01-09
565675,Jayden Richardson,2000-09-04
567129,Josh Doig,2002-05-18
567309,Naatan Skyttä,2002-05-07
567445,Marco Somma,2002-02-07
568156,Antonio Pacheco,2002-01-03
569349,Frederik Winther,2001-01-04
569842,Dimi Carré,2000-06-13
569979,Marcel Lizak,1996-07-15
570267,Ostap Malashevskyi,1999-01-25
570421,Nico Melamed,2001-04-11
570743,Anatoliy Nuriyev,1996-05-20
572810,Jaze Kabia,2000-08-07
574164,Marco Molla,2002-06-19
576099,Joseph Anang,2000-06-08
576681,Brend Leeflang,2001-10-22
578756,Cristian Parano,1999-08-16
579930,Armand Laurienté,1998-12-04
581701,Ignasi Vilarrasa,1999-08-23
581782,Andriy Shtogrin,1998-12-14
583970,Mirza Cihan,2000-10-26
584809,Ivan Durdov,2000-07-17
585202,Marcus Bundgaard Sörensen,2001-08-05
585264,Pedrão,1997-05-03
585291,Emre Eser,1997-12-09
585951,Alexandre Phliponeau,2000-01-26
586564,Dimitrios Gianniotis,1999-01-28
587335,Milan van Ewijk,2000-09-08
588020,Ömer Beyaz,2003-08-29
588260,Vladimir Pisarskiy,1996-02-27
591375,Stiven Plaza,1999-03-11
593318,Brice Tutu,1998-01-11
596067,Felippe Cardoso,1998-10-04
596216,Max Haygarth,2002-01-21
596217,Mark Helm,2001-10-21
597733,Leonidas Rossi,1999-04-19
601526,Maksim Sedov,2000-07-02
606301,Arne Schulz,2003-03-23
606967,Arbnor Muja,1998-11-29
608832,Merlin Röhl,2002-07-05
609518,Luís Esteves,1998-04-09
610621,James Morris,2001-11-23
613964,Stelios Andreou,2002-07-24
614700,Dara Costelloe,2002-12-11
615314,Andriy Artym,2000-02-21
616283,Louis Pelletier,2000-02-03
616893,Murat Berk Colak,1999-09-21
618801,Alejandro Iturbe,2003-09-02
620912,Théo Vermot,1997-01-27
621151,Denis Fedenko,1999-02-09
621589,Evgeniy Livadnov,2000-04-27
622623,Sergio Bono,2000-07-24
623072,Nikolaos Athanasiou,2001-03-16
624163,Michalis Pardalos,2001-03-02
626475,Mykola Mykhaylenko,2001-05-22
627221,Gabriel Veron,2002-09-03
627276,Antonio Leal,1999-01-28
627750,Filip Stevanovic,2002-09-25
631404,Gorby,2002-07-25
632498,Miguelito,2001-01-12
632499,Pablo Gálvez,2001-10-30
632741,Iker Losada,2001-08-01
635846,Oleg Vakulenko,1999-03-10
635993,Mert Topuz,2001-02-19
641553,Alessio Rizza,2003-03-07
642002,Balthazar Pierret,2000-05-15
644613,Sadik Fofana,2003-05-16
646710,Sil Swinkels,2004-01-06
646741,César Fernández,2004-01-28
648779,Stephane Singo,2000-12-25
648812,Sabit Abdulai,1999-05-11
648886,Samuel Loric,2000-07-05
649032,Dialy Ndiaye,1999-07-04
649490,Konan N’Dri,2000-10-27
649716,Micheal Gopey Stephen,2000-01-15
655456,Saba Sazonov,2002-02-01
655895,Bartug Elmaz,2003-02-19
656132,Aske Adelgaard,2003-11-10
656681,Victor Boniface,2000-12-23
657863,Lewis Richardson,2003-02-07
659331,John-Kymani Gordon,2003-02-13
661208,Leo Fuhr Hjelde,2003-08-26
662142,Amir Arli,2003-01-05
665392,Christos Liatsos,2003-09-01
665618,Satoshi Tanaka,2002-08-13
666953,Steve Mvoué,2002-02-02
667552,Muhammed Emin Yavas,2000-09-05
667754,Osman Can Cötür,2001-09-13
668069,Eren Sahin,2001-05-01
668273,Ibra Cámara,2003-01-18
669312,Yevgeniy Ryazantsev,2002-01-28
670877,Sonny Perkins,2004-02-10
671829,Nikolay Tolstopyatov,2002-05-12
672100,Darius Johnson,2000-03-15
672202,Camilo,1999-02-23
672694,Christos Marmaridis,2002-05-25
673173,Frederik Ihler,2003-06-25
678088,Luca Wollschläger,2003-02-08
678783,Yevgen Pidlepenets,1998-11-10
679050,Gary Magnée,1999-10-12
686255,Nikita Khlynov,2002-04-02
686332,Edson Fernando,1998-04-24
687560,Tom Hendriks,2002-05-14
688593,Santiago Ramos Mingo,2001-11-21
689091,Abdoulaye Ousmane,2000-02-22
690625,Lars Groenendijk,2004-10-29
690799,Anthony Rouault,2001-05-29
691828,Asan Mata,2003-08-18
692462,Ben Klefisch,2003-06-02
692573,Kirill Fateev,2002-02-19
692713,Maximilian Somnitz,2003-06-09
694207,Michael McFarlane,2002-09-18
694236,Craig Ross,2002-06-09
694498,Jonathan Bumbu,1999-02-11
694499,Boris Essele,2000-01-25
696617,Massimiliano Mignogna,2003-02-18
696883,Juan Brunet,1998-01-24
698246,Brice Verkerken,2001-03-21
698547,Stefan Melentijevic,2004-03-20
698776,Niklas Petzsch,2004-06-18
700079,Halit Cokyasar,2002-01-02
700106,Brajan Gruda,2004-05-31
700144,Mackenzie Kirk,2004-02-06
701057,Rico Lewis,2004-11-21
702148,Dmitriy Malykhin,2000-11-13
702372,Steeve-Mike Eyango,2001-02-20
702830,Jafar Bynoe,2003-08-17
703772,Milan Smit,2003-02-13
704156,Nicholas Gioacchini,2000-07-25
704260,Eugenio Fusco,2003-05-19
704710,Jacopo Fedrizzi,2003-03-18
704729,Andrei Anton,2003-08-23
704801,Joe McGlynn,2002-09-27
705242,Mattia Timmoneri,2003-02-01
705810,Lluís Recasens,2002-02-19
706138,Javi Llabrés,2002-09-11
706584,Aleksandr Dyachkov,2003-06-06
707242,Badredine Bouanani,2004-12-08
707447,Emiliano Martínez,1999-08-17
708111,Talha Ülvan,2001-04-20
708876,Moustafa Ava Dongo,1996-01-27
710051,Bedirhan Özyurt,2003-03-25
711232,Stanislav Demkiv,2000-05-10
711988,Trésor Matondo,2003-07-24
717118,Darlin Yongwa,2000-09-22
717345,Sidney Raebiger,2005-04-17
718032,Stephane Keller,2001-08-20
718351,Valentin Guillaume,2001-04-17
720613,Emirhan Delibas,2003-01-01
723666,Loick Ayina,2003-04-20
724529,Tayo Adaramola,2003-11-14
724535,Robbie Mahon,2003-06-06
724876,Georgios Sideras,2002-05-30
724969,Luka Gagnidze,2003-02-28
726013,Glib Savchuk,2003-02-17
726120,Simon Simoni,2004-07-14
726460,Simar Hasanoglou,2003-03-22
726992,Charlie Whitaker,2003-09-16
727081,Emir Ortakaya,2004-06-22
727111,Anastasios Papadopoulos,2002-03-15
727152,Hamza Akman,2004-09-27
728695,Ekhi Bravo,1997-11-30
729818,Luca Valls,1998-09-25
731879,Hernâni,2001-04-03
738720,Mathieu Cachbach,2001-05-23
739745,Wassim Essanoussi,2003-10-28
743384,Chemsdine Talbi,2005-05-09
744072,Zé Pedro,2002-01-16
745201,Aurélien Platret,2003-02-20
746094,Alex Mitchell,2001-10-07
747003,Tarek Abed,2002-04-19
747316,Maksym Brama,2002-02-01
747681,Isaac Olaofe,1999-11-21
748023,Zakaria Atteri,2002-02-11
750903,Jaouen Hadjam,2003-03-26
764859,Williot Swedberg,2004-02-01
766709,Maksym Sasovskyi,2001-08-23
766810,Jhondly van der Meer,2002-03-22
773748,Mykyta Makhynya,2003-01-16
789419,Teddy Boulhendi,2001-04-09
789478,Bogdan Kobzar,2002-04-22
790620,Malamine Doumbouya,2000-03-14
796047,Yusuf Eren Göktas,2004-06-23
797461,Keo Boets,2003-12-21
800246,Mohamed Cissé,2001-04-26
806792,Rayan Djédjé,2001-07-04
812902,Jonathan Varane,2001-09-09
820662,Burak Gümüstas,2001-06-26
822331,Omar El Hilali,2003-09-12
825229,Valeriy Samar,2001-08-31
826377,Eric Ndizeye,1999-08-22
836132,Boubacar Fall,2001-02-03
836160,Juan Moreno,2002-09-21
842597,Dogac Cifci,2003-02-24
854488,Joffrey Bazie,2003-10-27
856156,Carlos Benítez,2002-11-25
861410,Arda Güler,2005-02-25
862972,Josué Escartin,2003-03-21
875113,Yusuf Kocatürk,2004-07-27
891091,Diego López,2001-10-21
898099,Omar Jebali,2000-02-19
902116,Goldeson,2001-02-04
910864,Ilyes Ziani,2003-06-20
912601,Baptiste Boit,2001-11-17
916701,Robin Denuit,2002-02-21
921543,Daniel McManus,2003-07-09
922693,Archie Gray,2006-03-12
929867,Isaac,2004-03-04
931359,Liam Harvey,2005-01-20
938300,Yaroslav Bazaev,2004-06-22
956102,Metin Caner Akbayrak,2004-01-11
972473,Anas Namri,2001-11-12
973852,Jocelyn Janneh,2002-12-06
982267,Ibrahim Sulemana,2003-05-22
1001901,Rui Santos,2003-10-22
1014342,Samil Öztürk,2005-05-09
1028566,Mert Kurt,2002-10-25
1032864,Emre Gökay,2006-02-18
1045568,Danylo Golub,2003-07-03
1109816,Ivan Demydenko,2003-06-11
1075,Andriy Voronin,1979-07-21
1126,Matthias Lehmann,1983-05-28
1532,Wesley Sonck,1978-08-09
1684,Milorad Pekovic,1977-08-05
1791,Halil Altintop,1982-12-08
2154,Patric Klandt,1983-09-29
2219,Philipp Lahm,1983-11-11
2421,Michael Rensing,1984-05-14
2963,Martín Demichelis,1980-12-20
3256,Roberto Hilbert,1984-10-16
3296,Paul Konchesky,1981-05-15
3356,Sylvain Distin,1977-12-16
3395,Gábor Babos,1974-10-24
3535,Ricardo,1971-12-30
3698,Anton Ferdinand,1985-02-18
4311,Maarten Stekelenburg,1982-09-22
4531,Frank Demouge,1982-06-25
4538,Theo Zwarthoed,1982-11-19
4638,Joost Broerse,1979-05-08
4691,Peter Niemeyer,1983-11-22
4763,Bo Storm,1987-02-03
5339,Jérémie Bréchet,1979-08-14
5404,Jérémy Mathieu,1983-10-29
5470,Charles Itandje,1982-11-02
5513,Jérémy Toulalan,1983-09-10
5543,Cédric Varrault,1980-01-30
5586,Anthar Yahia,1982-03-21
5938,Walter Samuel,1978-03-23
5962,Antonio Cassano,1982-07-12
6053,Diomansy Kamara,1980-11-08
6270,Yohann Pelé,1982-11-04
6322,Patrick Helmes,
6792,Luca Antonini,1982-08-04
6911,Gökhan Zan,1981-09-07
7330,Steven Reid,1981-03-10
7358,Javier Pinola,1983-02-24
7499,Lionel Scaloni,1978-05-16
7542,Juanfran,1976-07-15
7663,Joaquín,1981-07-21
7828,Sergio Ballesteros,1975-09-04
7978,Luciano Galletti,1980-04-09
9091,Gustavo Munúa,1978-01-27
9500,David Marshall,1985-03-05
9501,Rab Douglas,1972-04-24
9696,Athanasios Kostoulas,1976-03-24
10288,Igor Duljaj,1979-10-29
11359,Peter MacDonald,1980-11-17
12386,Grégory Bourillon,1984-07-01
12401,Tommy Smith,1980-05-22
12688,Scott Brown,1985-06-25
12763,Steven Naismith,1986-09-14
12817,Jamie Langfield,1979-12-22
13063,Jonas Ivens,1984-10-14
13074,David Meul,1981-07-03
13122,Manuel José,1981-02-04
13147,Moreno,1981-08-19
13460,Lee Grant,1983-01-27
13748,Miljan Mrdakovic,1982-05-06
13783,Lee Cook,1982-08-03
14031,Andy Johnson,1981-02-10
14533,Pirmin Schwegler,1987-03-09
14542,Zvonimir Vukic,1979-07-19
15033,Velizar Dimitrov,1979-04-13
15069,Artem Radkov,1985-08-26
15220,Artur Boruc,1980-02-20
15260,Zhivko Milanov,1984-07-15
15381,Aleksandr Kerzhakov,1982-11-27
15765,Tim Janssen,1986-03-06
15773,Phil Bardsley,1985-06-28
15929,Jamie Mackie,1985-09-22
16124,Ayoze Díaz,1982-05-25
16353,Mickaël Chrétien Basser,1984-07-10
16693,Hakan Arikan,1982-08-17
16726,Markus Steinhöfer,1986-03-07
16868,Alessandro Gamberini,1981-08-27
17348,Steeve Elana,1980-07-11
17372,Ricardo Pessoa,1982-02-05
17689,Sascha Mölders,1985-03-20
18001,Danny Guijt,1981-02-07
18091,Derek Boateng,1983-05-02
18100,Per Nilsson,1982-09-15
18227,Curtis Davies,1985-03-15
18909,Jimmy Briand,1985-08-02
18923,Alexandros Vergonis,1985-12-01
19342,Ronald Graafland,1979-04-30
19446,Riccardo Montolivo,1985-01-18
19708,Boško Janković,1984-03-01
20276,Florian Klein,1986-11-17
20622,Arnold Mvuemba,1985-01-28
21371,Jugoslav Lazic,1979-12-12
21372,Jamie Adams,1987-08-26
21419,Mark Reynolds,1987-05-07
21696,Daniele Portanova,1978-12-17
21770,Gennaro Sardo,1979-05-08
21863,Andrea Dossena,1981-09-11
22169,Kenneth Fabricius,1981-11-03
22467,Christopher Poulsen,1981-09-11
22495,Jesper Mikkelsen,1980-06-26
23364,Francesco Parravicini,1982-01-31
23365,Reginaldo,1983-07-31
23403,Henrik Bödker,1983-06-06
23538,Morten Nordstrand,1983-06-08
24226,Georgios Bantis,1985-04-30
24260,Elvedin Dzinic,1985-08-25
24284,Alexandros Tzorvas,1982-08-12
24404,Johan Sellberg-Wiland,1981-01-24
24661,Milan Bisevac,1983-08-31
25023,Petr Nemov,1983-10-18
25041,David Cerra,1983-08-04
25115,Claudiu Keseru,1986-12-02
25236,Paulo Lopes,1978-06-29
25742,Nikica Jelavic,1985-08-27
25825,Grégory Arnolin,1980-11-10
26239,Pedro Botelho,1989-12-14
26569,Achilleas Sarakatsanos,1982-11-03
26763,Abou Diaby,1986-05-11
26764,Bacary Sagna,1983-02-14
27178,Rúben Fernandes,1986-05-06
27470,Stéphane Mbia,1986-05-20
27490,Jean-Louis Leca,1985-09-21
27581,Stefanos Siontis,1987-09-04
27807,Daniele Padelli,1985-10-25
27986,Tomislav Dujmovic,1981-02-26
28020,Massimo Gobbi,1980-10-31
28328,Julien Féret,1982-07-05
28841,Davide Moro,1982-01-02
28850,Benjamin Onwuachi,1984-04-09
28862,Michael Agazzi,1984-07-03
28868,Tiberio Guarente,1985-11-01
28878,Ryan Nelsen,1977-10-18
28992,Eren Aydin,1982-01-16
29073,Fernando Usero,1984-03-27
29178,Nino,1980-06-10
30290,Kenneth Vermeer,1986-01-10
31003,Ladji Keita,1983-04-29
31050,Damien Perquis,1984-04-10
31115,Tony Koutouan,1983-11-11
31361,Dimitrios Diamantis,1979-09-11
31720,Sebastian Larsson,1985-06-06
32273,Lukasz Zaluska,1982-06-16
33485,Dean Brill,1985-12-02
33549,Marco Soares,1984-06-16
33671,Robert Zwinkels,1983-05-04
33754,Alex Smithies,1990-03-05
33820,Kamil Zayatte,1985-03-07
33894,Jeroen Simaeys,1985-05-12
34284,Dimitrios Kyriakidis,1986-09-24
34361,André Luiz,1980-01-27
34783,Ken Ilsö,1986-12-02
35548,Fernando Amorebieta,1985-03-29
35579,Jan Blazek,1988-03-20
35641,Tomas Cerny,1985-04-10
35645,Kamil Vacek,1987-05-18
35733,Francesco Pisano,1986-04-29
35964,Dusan Andjelkovic,1982-06-15
35989,Nikola Drincic,1984-09-07
36007,Zeljko Kalajdzic,1978-05-11
36119,Marko Markovski,1986-05-26
37157,Stéphane Sessègnon,1984-06-01
37222,Patrick Kristensen,1987-04-28
37516,Larsen Touré,1984-07-20
37795,Astrit Ajdarevic,1990-04-17
37850,Christian Kum,1985-09-13
37852,Démé N'Diaye,1985-02-06
37920,Kamil Grosicki,1988-06-08
37944,Bobô,1985-01-09
38100,Michael Mancienne,1988-01-08
38383,Danny Williams,1989-03-08
39118,Juan Pablo Carrizo,1984-05-06
39316,Serge Akakpo,1987-10-15
39467,Clarence Goodson,1982-05-17
39679,Marouane Fellaini,1987-11-22
39828,Antonino Barillà,1988-04-01
39909,Sylvain Marveaux,1986-04-15
40326,Herve Tchami,1988-02-20
40555,Serginho,1982-12-06
40888,Beñat Etxebarria,1987-02-19
41140,Roel van Hemert,1984-11-21
41384,Marko Arnautovic,1989-04-19
42044,Dennis Diekmeier,1989-10-20
42383,Jeppe Mehl,1986-09-21
42550,Mate Ghvinianidze,1986-12-10
42609,Simon Ferry,1988-01-11
43077,Mike Jensen,1988-02-19
43228,Albert Rusnák,1994-07-07
43250,Jan Vertonghen,1987-04-24
43297,Debatik Curri,1983-12-28
43845,Yannick Djaló,1986-05-05
44069,Pedro Mosquera,1988-04-21
44136,Domenico Criscito,1986-12-30
44352,Luis Suárez,1987-01-24
44429,Timmi Johansen,1987-05-08
44778,Vítor Silva,1984-01-07
44860,Javi Chica,1985-05-17
44966,Adrián López,1987-02-25
45026,Rui Patrício,1988-02-15
45196,Taras Mykhalyk,1983-10-28
45220,Plamen Nikolov,1985-06-12
45343,Oleg Gumenyuk,1983-05-03
45448,Felipe Lopes,1987-08-07
45465,Bakary Bouba Saré,1990-04-05
45542,Nathaniel Will,1989-02-16
45673,Edgar Bruno,1987-01-03
45826,Josip Pivaric,1989-01-30
46580,Andrej Kramaric,1991-06-19
47024,Milan Lukac,1985-10-04
47533,Marko Stanojevic,1988-06-22
47646,Marco Biagianti,1984-04-19
48411,Zoumana Bakayogo,1986-08-17
48512,Kazbek Geteriev,1985-06-30
49589,Ali Gadzhibekov,1989-08-06
50174,Danny Rose,1990-07-02
50202,Eden Hazard,1991-01-07
50628,Florian Hart,1990-05-11
51099,Gonçalo Abreu,1986-06-25
51166,Apostolos Giannou,1990-01-25
51225,Hernán Rengifo,1983-04-18
51274,Rizvan Utsiev,1988-02-07
51311,Anel Hadzic,1989-08-16
51325,Georg Margreitter,1988-11-07
51535,Domingo Cisma,1982-02-09
51559,Mikel Arruabarrena,1983-02-09
51824,Emrah Tuncel,1987-09-14
52089,Gia Grigalava,1989-08-05
52345,Didier Digard,1986-07-12
52403,Dimitrios Siovas,1988-09-16
52408,Adilson,1987-01-16
52848,Fabiano,1988-02-29
52976,Serginho,1986-08-04
54148,Adem Büyük,1987-08-30
54168,Rizvan Sahin,1981-10-30
54178,Renny Vega,1979-07-04
54183,Maicosuel,1986-06-16
54781,Nicolás Otamendi,1988-02-12
55291,Scott Arfield,1988-11-01
55338,Willian Bigode,1986-11-19
55366,Larrys Mabiala,1987-10-08
55389,Pedro Oldoni,1985-11-26
55472,Rafael Marques,1983-09-21
55546,Stanislav Matyash,1991-04-23
55605,Hasan Ali Kaldirim,1989-12-09
55616,Jérémy Huyghebaert,1989-01-07
55687,Ritchie De Laet,1988-11-28
55911,Adrián Calello,1987-05-14
56036,Luís Neto,1988-05-26
56054,Accioly,1981-03-30
56418,Chiró N'Toko,1988-01-30
56490,Jeremy Bokila,1988-11-14
56703,Simone Padoin,1984-03-18
56747,Onur Kivrak,1988-01-01
56761,Vanderson,1984-09-27
56794,Fabien Lemoine,1987-03-16
56796,Pape M'Bow,1988-05-22
56912,Levan Mchedlidze,1990-03-24
56935,Robson,1983-07-10
56986,Davidson Eden,1988-03-26
57196,Francis N'Ganga,1985-06-16
57818,Míchel Madera,1985-11-08
57866,Adrián Colunga,1984-11-17
57900,Vyacheslav Serdyuk,1985-01-28
58150,Andriy Tkachuk,1987-11-18
58252,Sergiy Siminin,1987-10-09
58440,Sergiy Shevchuk,1985-06-18
58500,Alfredo Morales,1990-05-12
58514,Elis Bakaj,1987-06-25
58516,Lucas Barrios,1984-11-13
58830,Birol Hikmet,1982-03-24
59059,Muhammed Ildiz,1991-05-14
59265,Sergey Ferenchak,1984-04-27
59331,Tales,1983-06-11
59340,Iago Falque,1990-01-04
59407,Sergiy Barilko,1987-01-05
59699,Simone Iacoponi,1987-04-30
61267,Mijusko Bojovic,1988-08-09
61758,Kevin Koffi,1986-06-25
61779,Vadym Zhuk,1991-04-15
61953,Mikhail Bagaev,1985-02-28
62233,Javier Cohene,1987-05-03
62402,Martin Thomsen,1982-08-06
62462,Kenan Hajdarevic,1990-01-29
62645,Elliot Parish,1990-05-20
62749,Evariste Ngolok,1988-11-15
62984,Imanol Elías,1990-08-17
63285,Kagisho Dikgacoi,1984-11-24
63290,Víctor Sánchez,1987-09-08
63531,Kwadwo Asamoah,1988-12-09
64371,Pedro Moreira,1989-03-15
65266,Rubén Miño,1989-01-18
65318,Jaume Costa,1988-03-18
65331,Míchel Herrero,1988-07-29
65489,Javi Castellano,1987-11-02
65521,Milos Kosanovic,1990-05-28
66106,Sergio Canales,1991-02-16
66219,Kyle Naughton,1988-11-17
66736,Lisandro Magallán,1993-09-27
67144,Léo Vieira,1990-09-22
67869,Marco Terrazzino,1991-04-15
67920,Ganso,1989-10-12
68203,Moussa Maazou,1988-08-25
68983,Kevin Mensah,1991-05-15
69059,Zsolt Korcsmár,1989-01-09
69246,Préjuce Nakoulma,1987-04-21
69653,Garath McCleary,1987-05-15
70305,Paolo Grbac,1990-07-09
70359,David Simão,1990-05-15
70754,Denys Garmash,1990-04-19
70835,Eduardo Herrera,1988-07-25
70890,Sergio Mantecón,1980-06-08
71918,David Ferreiro,1988-04-01
72462,Luciano Narsingh,1990-09-13
72519,Bobby Wood,1992-11-15
72835,Diogo Amado,1990-01-21
72877,Maksim Klikin,1981-04-30
73333,Vegar Hedenstad,1991-06-26
73484,Tom Cleverley,1989-08-12
74089,Sergiy Kryvtsov,1991-03-15
74228,Marc Muniesa,1992-03-27
74232,Matías Aguirregaray,1989-04-01
74253,Henry Giménez,1986-03-13
74626,Nikola Lekovic,1989-12-19
75062,Frédéric Brillant,1985-06-26
75102,Denis,1987-04-14
75118,Rodrigo Galo,1986-09-19
75214,Dmitriy Verkhovtsov,1986-10-10
75458,Robin Olsen,1990-01-08
75521,Marcos Barrera,1984-03-02
75645,Maurice Dalé,1985-07-12
75820,Juan Aguilera,1985-09-13
76055,Ronny Rodelin,1989-11-18
76984,Braian Rodríguez,1986-08-14
77559,Dean Moxey,1986-01-14
77603,Dejan Lazarevic,1990-02-15
77847,Dmitriy Nepogodov,1988-02-17
78236,Musa Yilmazer,1987-01-31
78339,Rafal Gikiewicz,1987-10-26
78753,Sören Frederiksen,1989-08-07
78798,Mbilla Etame,1988-06-22
78813,Stéphane Dasse,1989-07-05
79027,Davy Pröpper,1991-09-02
79948,James Vincent,1989-09-27
79960,Alex Sandro,1991-01-26
80144,Elízio,1988-02-22
80197,Salomón Rondón,1989-09-16
80444,Philippe Coutinho,1992-06-12
81817,Kamran Agayev,1986-02-09
81999,Joselu,1990-03-27
82367,Petar Sliskovic,1991-02-21
82597,Aleksandr Denisov,1989-02-23
82693,Angelo da Costa,1983-11-12
84435,Kevin Vogt,1991-09-23
84442,Leonardo Capezzi,1995-03-28
84765,Francesco Caputo,1987-08-06
85164,Andre Hoffmann,1993-02-28
85289,Jordi Amat,1992-03-21
85312,Alex Gonçalves,1990-05-20
85430,Jaba Lipartia,1987-11-16
85611,Mathis Bolly,1990-11-14
86062,Adilson,1982-01-01
86645,Henrique,1986-10-19
86804,André Claro,1991-03-31
86863,Nikolay Bodurov,1986-05-30
86916,Toni Leistner,1990-08-19
87162,Simon Makienok,1990-11-21
87245,Borislav Stoychev,1986-11-26
87463,Marcelo Larrondo,1988-08-16
87658,Olly Lee,1991-07-11
87672,Junior Stanislas,1989-11-26
87689,Arber Dhrami,1988-06-23
88717,Rui Sacramento,1985-01-31
88755,Kevin De Bruyne,1991-06-28
89088,Nikolay Markov,1985-04-20
89185,Martin Rauschenberg,1992-01-15
89197,Nicolaj Ritter,1992-05-08
89297,Rodrigo Battaglia,1991-07-12
89313,Eneko Bóveda,1988-12-14
89708,Junior Fernandes,1988-04-10
90222,Aleksandr Katsalapov,1986-04-05
90583,Laurent Depoitre,1988-12-07
90936,Murat Gürbüzerol,1988-02-01
90960,Burak Calik,1989-02-05
91359,Temur Partsvaniya,1991-07-06
91415,Robert Beric,1991-06-17
91450,Oleg Mishchenko,1989-10-10
91914,Davide Bertoncini,1991-05-09
92044,Luisinho,1990-03-27
92109,Ryan Shotton,1988-09-30
92453,Vladimir Rankovic,1993-06-27
92649,Dmytro Zozulya,1988-06-09
92899,Marvin Zeegelaar,1990-08-12
92936,Kelvin Leerdam,1990-06-24
92944,Mohamed Aidara,1989-12-24
93105,Igor Lytovka,1988-06-05
93701,Christopher Glombard,1989-06-05
93707,Christian Günter,1993-02-28
93759,Matthieu Saunier,1990-02-07
93869,Philip Sprint,1993-06-27
93922,Erik Durm,1992-05-12
94199,Tolga Cigerci,1992-03-23
94307,Filip Djuricic,1992-01-30
94783,Santiago Vergini,1988-08-03
94924,Maksym Imerekov,1991-01-23
95234,Simone Emmanuello,1994-04-25
95314,Nemanja Tomic,1988-01-21
95329,Bogdan Borovskyi,1992-09-17
95732,Martin Braithwaite,1991-06-05
95738,Lukas Fernandes,1993-03-01
95755,Viktor Fischer,1994-06-09
95963,Germán Sánchez,1986-12-12
95986,Nicky Low,1992-01-06
96828,Simone Zaza,1991-06-25
97343,Mikkel Vestergaard,1992-11-22
98063,Jon Routledge,1989-11-23
98596,John Guidetti,1992-04-15
99296,Sema Velázquez,1990-09-08
99691,Brian Lluy,1989-04-25
100428,Jannik Löhden,1989-07-16
100497,Alejandro González,1988-03-23
100586,Dimitrios Anastasopoulos,1990-04-11
100910,Renan,1990-12-12
101183,Joel Acosta,1991-01-16
101500,Matej Vydra,1992-05-01
101742,Ángel Trujillo,1987-09-08
102249,Maxwell Acosty,1991-09-10
103428,Björn Paulsen,1991-07-02
103732,Jon Gudni Fjóluson,1989-04-10
103793,Carlão,1986-08-01
104223,Jordy Clasie,1991-06-27
104395,Vitaliy Ustinov,1991-05-03
104606,Aleksandr Kozlov,1993-03-19
104642,Aleksandr Subbotin,1991-10-20
104643,Evgeniy Tyukalov,1992-08-07
105207,David Dzakhov,1988-10-06
105496,Jano Ananidze,1992-10-10
105776,Mihály Korhut,1988-12-01
105892,Lucas Castro,1989-04-09
106210,Aleksey Rybin,1988-01-26
106569,Ivan Markelov,1988-04-17
106619,Andrey Buyvolov,1987-01-12
106641,Kane Hemmings,1991-04-08
106982,Andreas Avraam,1987-06-06
107574,Jonas Meffert,1994-09-04
107965,Jeffrey Ket,1993-04-06
108587,Amara Baby,1989-02-23
109855,Tim Paterok,1992-08-05
110036,Dominique Heintz,1993-08-15
110356,Lee Hodson,1991-10-02
110357,Mark O'Brien,1992-11-20
110692,Orhan Gülle,1992-01-15
110724,Michael Lallemand,1993-02-11
111038,Dennis Appiah,1992-06-09
111183,Rangelo Janga,1992-04-16
111196,Stefan de Vrij,1992-02-05
111227,Andrea Conti,1994-03-02
111277,Tim Rieder,1993-09-03
111811,Florent Hanin,1990-02-04
111893,Giancarlo González,1988-02-08
114019,Vasiliy Pavlov,1990-07-24
114400,Birol Parlak,1990-03-01
114932,Thiago Cardoso,1991-08-04
115607,Vidar Örn Kjartansson,1990-03-11
117812,Aleksey Muldarov,1984-04-24
118284,Jordan Ferri,1992-03-12
118520,Wilson Cuero,1992-01-27
119194,Noah Korczowski,1994-01-08
119549,Ilkay Durmus,1994-05-01
119691,Alessandro Sbaffo,1990-08-27
120070,Paul McGinn,1990-10-22
120241,Jazz Richards,1991-04-12
121391,Josh Morris,1991-09-30
121393,Anthony O'Connor,1992-10-25
122417,Milan Hoek,1991-09-08
122676,Robert Zulj,1992-02-05
122835,Dorian Lévêque,1989-11-22
123189,Mounir Bouziane,1991-02-05
123256,Liviu Antal,1989-06-02
123497,Facundo Pereyra,1987-09-03
123595,Valtteri Moren,1991-06-15
124028,Ismaily,1990-01-11
124083,Ashton Götz,1993-07-16
124160,Andrey Gaydash,1989-01-16
124170,Gonçalo Graça,1990-03-28
125868,Pape Souaré,1990-06-06
126114,Lukas Spendlhofer,1993-06-02
126203,Ricardo Nascimento,1987-02-07
126656,Faouzi Ghoulam,1991-02-01
126699,Vincent Pajot,1990-08-19
127184,Alvin Arrondel,1993-11-11
127204,Yann Benedick,1992-02-01
127643,Kris Jogan,1991-09-14
127813,Luis Caballero,1990-04-22
128011,Petros Mantalos,1991-08-31
128969,Mathew Ryan,1992-04-08
129078,Nathan Redmond,1994-03-06
129200,Giannis Potouridis,1992-02-27
129374,Marc Martínez,1990-04-04
129513,Alexandru Maxim,1990-07-08
130108,Pajtim Kasami,1992-06-02
130394,Gianluca Lapadula,1990-02-07
130614,Hannes Anier,1993-01-16
131096,Fabián Castillo,1992-06-17
131161,Zeca,1988-08-31
131303,Ante Erceg,1989-12-12
131305,Goran Milovic,1989-01-29
131667,Ramon Azeez,1992-12-12
132214,João Carlos Teixeira,1993-01-18
132407,Grégory Mertens,1991-02-02
132694,Vasilios Konstantinidis,1986-04-21
134578,Ondrej Vanek,1990-07-05
134936,Jesé,1993-02-26
135057,André Carrillo,1991-06-14
136401,Daniel Bentley,1993-07-13
137153,Callum Ball,1992-10-08
137614,Ilker Sayan,1993-05-04
137745,Marçal,1989-02-19
138235,Craig Clay,1992-05-05
138476,Numan Cürüksu,1984-12-02
139307,Raffaele Pucino,1991-05-03
139628,Aleksey Berezin,1993-04-16
139634,Ledian Memushaj,1986-12-07
139925,Leon ter Wielen,1988-08-31
140032,Andreas Samaris,1989-06-13
140597,Franck Etoundi,1990-08-30
140799,Jonas Heymans,1993-02-06
141444,Vinicio Angulo,1988-07-26
141573,George Saville,1993-06-01
141654,Michele Fornasier,1993-08-22
142414,Cihan Yildiz,1995-03-03
143045,Alan Pulido,1991-03-08
143223,Mohamed Aoulad,1991-08-29
144128,Matías Dituro,1987-05-08
144619,Sergey Chernyshuk,1992-02-22
146096,Federico Palacios,1995-04-09
146167,Anthony Syhre,1995-03-18
146279,Vladimir Ponomarev,1987-04-22
146587,Tugrul Erat,1992-06-17
146743,Luca Antei,1992-04-19
148081,Maksim Pavlov,1989-05-26
148369,Mads Pedersen,1993-01-17
148967,Konstantinos Stafylidis,1993-12-02
149551,Jonathan Delaplace,1986-03-20
149724,André Teixeira,1993-08-14
151189,Yanic Wildschut,1991-11-01
152745,Alessio Curia,1993-11-24
152873,Julien Vercauteren,1993-01-12
153067,Junior Kabananga,1989-04-04
153751,Nick Hengelman,1989-11-25
155352,Matthew Cooper,1994-07-01
155395,Salvador Agra,1991-11-11
155843,Anton Kicha,1990-05-01
156137,Redvan Memeshev,1993-08-15
156676,Ioannis Gelios,1992-04-24
156730,Arif Ekin,1995-09-14
157387,Anthony D'Alberto,1994-10-13
158049,Hendrik Hansen,1994-11-04
158463,Lorenzo Lollo,1990-12-08
158490,Mamadou Ba,1985-05-08
158795,David Timor,1989-10-17
158851,Julen Etxabeguren,1991-03-07
159088,Robert Andrich,1994-09-22
159570,Bruno Nascimento,1991-05-30
159692,Moritz Bauer,1992-01-25
159778,Federico Rodríguez,1991-04-03
159839,Zoran Kvrzic,1988-08-07
159883,Ernesto Torregrossa,1992-06-28
160380,Ibrahima Cissé,1994-02-28
160514,Josip Tomasevic,1994-03-04
160567,Thibault Moulin,1990-01-13
160920,Brad McKay,1993-03-26
161267,Josep Señé,1991-12-10
161327,Kamal Issah,1992-08-30
161368,Kristoffer Pallesen,1990-04-30
162039,Juan Cámara,1994-02-13
162551,Federico Serra,1997-12-09
163062,Luca Bittante,1993-08-14
163219,Michele Chelo,1993-05-05
163744,Jack Stephens,1994-01-27
164759,Pawel Wszolek,1992-04-30
165893,Mirko Pigliacelli,1993-06-30
166086,Amar Rahmanovic,1994-05-13
166607,Sergio Ayala,1993-03-19
166628,Uri Rosell,1992-07-07
166630,Manuel Perez,1991-05-11
167791,Stefano Beltrame,1993-02-08
168338,Papa Ibrahima Sène,1990-12-13
169006,Simeon Slavchev,1993-09-25
169179,Alan Empereur,1994-03-10
169416,Matt Crooks,1994-01-20
169642,Tryfon Gioudas,1993-02-18
170468,Kévin Beauverger,1993-12-16
170472,Dimitri Foulquier,1993-03-23
170625,Aleksandr Lomakin,1995-02-14
170963,Patrick Fradj,1992-03-11
171165,Mamadou Koné,1991-12-25
171402,Arturo Rodríguez,1989-04-30
171790,Filippos Sachsanidis,1989-10-23
172127,Tyronne,1991-01-27
172202,Thomas Bruns,1992-01-07
174285,Kevin Vandendriessche,1989-08-07
174563,Nikola Zizic,1988-01-23
174869,Leandro Pinto,1994-01-24
175179,Luccas Claro,1991-10-20
175573,Nacho Porcar,1992-07-10
175988,Anthony Nwakaeme,1989-03-21
176182,Luca Maniero,1995-06-12
176409,Igor Duts,1994-04-11
176412,Oleksiy Khoblenko,1994-04-04
176981,Savas Taga,1992-02-21
176998,Berkay Can Degirmencioglu,1993-01-12
177550,Rory McKenzie,1993-10-07
178987,Martín Tonso,1989-10-19
179478,Göksu Türkdogan,1985-04-15
179973,Ilnur Alshin,1993-08-31
182680,Vangelis Anastasopoulos,1994-03-07
182681,Kyriakos Andreopoulos,1994-01-18
182685,Nikolaos Ioannidis,1994-04-26
182711,Carlos Mané,1994-03-11
182882,Franck Bambock,1995-04-07
183150,Temur Mustafin,1995-04-15
183298,Chris Long,1995-02-25
183299,Callum Robinson,1995-02-02
183744,Jean Alassane Mendy,1990-02-02
184123,Alex Pursehouse,1992-05-06
184440,Tayfur Bingöl,1993-01-11
184915,Edgar Salli,1992-08-17
184932,Gbenga Arokoyo,1992-11-01
186486,Rune Frantsen,1991-10-15
186531,Miles Storey,1994-01-04
186590,John Stones,1994-05-28
186878,Jordon Forster,1993-09-23
187090,Igor Bubnjic,1992-07-17
187097,Budu Zivzivadze,1994-03-10
187286,Larbi El Harouchi,1993-12-11
187296,Moreno Rutten,1993-04-28
187594,Nigel Bertrams,1993-01-08
187809,Mats Seuntjens,1992-04-17
188669,Sérgio Marakis,1991-11-11
188889,Matteo Luigi Brunori,1994-11-01
190811,Ognjen Gnjatic,1991-10-16
191255,Vinnie Vermeer,1995-07-02
191680,Spyros Dimogiannis,1992-09-03
191831,Georgios Lazaridis,1992-05-09
192124,Vasilios Triantafyllakos,1991-07-16
192504,Euan Smith,1994-01-29
192505,Sam Stanton,1994-04-19
192539,Kofi Schulz,1989-07-21
192611,Joel Pereira,1996-06-28
192914,Zaurbek Kambolov,1992-03-04
193111,Declan Hughes,1995-05-17
193612,Ahmet Engin,1996-08-09
193861,Ryan Fulton,1996-05-23
193950,Anastasios Papachristos,1993-03-05
195488,Paulo Gazzaniga,1992-01-02
195499,Giovanni Hiwat,1993-11-11
195840,Lincoln Zvasiya,1991-02-25
196357,Jonathan Tah,1996-02-11
196720,Sam Kelly,1993-10-21
196822,Ken Gipson,1996-02-24
196897,Hakan Arslan,1989-03-12
197128,Kike Royo,1991-06-14
197221,Jacob Une Larsson,1994-04-08
197576,Maikel Mesa,1991-06-04
197613,Alexandre Guedes,1994-02-11
197743,Filippo Costa,1995-05-21
197745,Riccardo Fiamozzi,1993-05-18
197919,Ruben D'Incà,1994-03-31
198047,Cristian Gómez,1989-07-27
198084,Marco Frediani,1994-03-13
198629,Moise Adilehou,1995-11-01
198728,Hadi Sacko,1994-03-24
198974,Willyan,1994-02-17
199221,Andreas Linde,1993-07-24
199301,Filip Starzynski,1991-05-27
199480,Donát Zsótér,1996-01-06
199733,Danilo Cataldi,1994-08-06
199747,Andrea Sbraga,1992-01-14
199761,Agostino Gallo,1995-03-05
200056,Elseid Hysaj,1994-02-02
200194,Federico Mattiello,1995-07-14
200525,Florian Julien,1993-07-27
201311,Isaac Kiese Thelin,1992-06-24
201668,Marko Nunic,1993-03-16
201696,Floriano Vanzo,1994-04-28
202836,Yaffa Yusupha,1996-12-31
202925,Bard Finne,1995-02-13
203057,David Mbodj Mbaye,1994-09-15
203446,Rafael Floro,1994-01-19
203617,Rodri Tarín,1996-07-05
203618,Ricardo Alves,1993-03-25
203647,Nikolaos Milios,1995-08-01
203773,Melker Hallberg,1995-10-20
203778,Iván López,1993-08-23
203855,Igor Kyryukhantsev,1996-01-29
204138,Emil Peter Jörgensen,1995-11-14
205276,Pol Llonch,1992-10-07
205522,Diaguely Dabo,1992-08-26
206197,Emre Metin,1993-02-07
206745,Dario Tanda,1995-01-02
207580,Amara Condé,1997-01-06
207715,Ibrahima Mbaye,1994-11-19
207877,Ruslan Malinovskyi,1993-05-04
208602,Can Bartu Günes,1993-03-10
209583,Jason Cummings,1995-08-01
209953,Igor Rocha,1993-03-04
210348,Sondre Tronstad,1995-08-26
210846,Halifa Soulé,1990-11-12
211847,Osher Davida,2001-02-18
212233,Aleksey Fedorov,1994-03-29
213855,Aykut Turan,1993-03-04
213895,Konstantinos Lima,1993-11-13
214056,Daniel Amartey,1994-12-21
214798,Craig Goodwin,1991-12-16
215213,Aleksandr Vasyutin,1995-03-04
216570,Ilya Cherednychenko,1995-06-12
216945,Sam Van Den Abeel,1994-05-09
218352,Marquinhos Pedroso,1993-10-04
221295,Borja Galán,1993-04-26
221317,Eric Warden,1992-12-13
221580,Steven Petkov,1995-05-07
221873,Mikkel Desler,1995-02-19
222024,Nathan Thomas,1994-09-27
222124,Mandé Sayouba,1993-06-15
222275,Nicolai Naess,1993-01-18
222905,Badara Sarr,1994-02-11
223029,Fábio Martins,1993-07-24
223628,Dean Ebbe,1994-07-16
223720,José Aurelio Suárez,1995-12-18
223870,Erik Pärsson,1994-04-07
138421,Lucas Ohlander,1993-02-19
139133,Maksim Kazankov,1987-03-20
144028,Leandro Trossard,1994-12-04
147457,Jérémy Serwy,1991-06-04
149770,Augusto Max,1992-08-10
154919,Ricardo Janota,1987-03-10
156722,Marko Petkovic,1992-09-03
157912,Nicolai Geertsen,1991-06-19
158380,Abel Camará,1990-01-06
162056,Gonzalo Melero,1994-01-02
162434,Niklas Stark,1995-04-14
168175,Frederik Spruyt,1995-05-23
169679,Yaroslav Yampol,1990-04-21
176026,Samy Kehli,1991-01-27
176573,Babacar Niasse,1996-12-20
183301,Luke McGee,1995-09-02
185354,Niels Vandenbroucke,1991-03-15
187301,Yoëll van Nieff,1993-06-17
190146,Xavier Mercier,1989-07-25
197078,David Puclin,1992-06-17
197304,Patrick Da Silva,1994-10-23
199177,Christos Kasapakis,1993-12-09
202840,Maksym Drachenko,1990-01-28
203981,Jean-Pierre Rhyner,1996-03-16
206904,Momar Bangoura,1994-02-24
208116,Curro Sánchez,1996-01-03
209154,Wanderson Lima,1995-02-09
212440,Angelos Spanos,1994-05-01
217776,Kenneth Schuermans,1991-05-25
221125,Tiemoko Konate,1990-03-03
221712,David Aquino,1994-01-13
222062,Gianni Vets,1994-03-25
227085,Jonas Hofmann,1997-02-07
228444,Ridgeciano Haps,1993-06-12
231011,Brandon Deville,1993-02-17
237284,Mert Can,1993-10-09
237641,Amr Warda,1993-09-17
241487,Ali Ulusoy,1996-02-15
241500,Dabney dos Santos,1996-07-21
242199,Wellington Pessoa,1991-02-18
248338,Pepijn Vangansbeke,1993-06-27
256773,Dan Barlaser,1997-01-18
257481,Konstantinos Beglektsis,1995-01-05
258139,Slobodan Urosevic,1994-04-15
258917,Mandela Egbo,1997-08-17
260731,Evgeniy Kozlov,1995-02-04
260795,Anthony Biekman,1994-05-16
266781,Yannick Cortie,1993-05-07
267147,Cyrille Bayala,1996-05-24
267546,Jorgo Meksi,1995-03-21
279292,Pierre Larsen,1994-07-16
282329,Thiago Rômulo,1992-06-11
283566,Jérôme Guihoata,1994-10-07
284616,Michalis Kouiroukidis,1995-01-18
289564,Christophe Janssens,1998-03-09
290083,Souleymane Baba Diomandé,1992-01-21
293063,Kamil Wojtkowski,1998-02-26
293900,Tugay Adamcil,1993-10-25
296394,Nikolaos Loubakis,1992-11-04
298587,Alexandros Fioretos,1995-01-27
312553,Liam Gibson,1997-04-25
333014,Sander Berge,1998-02-14
335003,Jean Manuel Mbom,2000-02-24
335441,Morten Hegaard,1997-10-21
339013,Mason Bloomfield,1996-11-06
340320,Marcus McGuane,1999-02-02
345747,Oskar Snorre,1999-01-26
354145,Jorge Carrascal,1998-05-25
356569,Olufela Olomola,1997-09-05
361066,Davy van den Berg,2000-02-04
362340,Georgiy Kyrnats,1998-06-22
367465,Luís Silva,1999-02-18
368889,Isaac Matondo,2000-04-24
373278,Jonas Elkjaer,1997-06-05
375881,Ismaël Diallo,1997-01-29
377665,Arnór Sigurdsson,1999-05-15
379879,Simon Straudi,1999-01-27
381834,Konstantin Kuchaev,1998-03-18
383804,Álvaro Ramalho,1999-01-20
392133,Tom Gaal,2001-03-03
392545,Frank Tsadjout,1999-07-28
393512,Felix Agu,1999-09-27
395579,Dmytro Makhnev,1996-03-02
396107,Javi Díaz,1997-05-15
399543,Rémi Oudin,1996-11-18
404705,Adrián Szőke,1998-07-01
405720,Diego Gonçalves,1994-07-22
412939,Dennis Vos,2001-11-28
413605,David Okereke,1997-08-29
416432,Kemal Bolat,1997-03-17
419376,Mehmet Ali Kacar,1998-01-18
425784,Leon Krekovic,2000-05-07
444208,Michael Obafemi,2000-07-06
446247,Jeremy Cijntje,1998-01-08
447827,Tim van de Berg,1997-11-23
450241,Angelo Preciado,1998-02-18
456938,Javier Avilés,1997-08-17
461866,Javi Vázquez,2000-09-24
464378,Ekrem Kilicarslan,1997-08-22
476072,Arnaud Guedj,1997-07-19
488296,Rocco Robert Shein,2003-07-14
501610,Oleksiy Lutsenko,1997-03-03
503981,Tino Livramento,2002-11-12
504089,Famana Quizera,2002-04-25
508153,Emmanuel Toku,2000-07-10
520013,Bálint Szabó,2001-01-18
520624,Bruno Guimarães,1997-11-16
521842,Mykola Pavlyuk,1995-10-22
523606,Cleylton,1993-03-19
536475,Moussa Sissako,2000-11-10
538633,Nuno Pina,1999-03-31
542780,Rasmus From,2000-02-16
546225,Mohamed Bouchouari,2000-11-15
554173,Malachi Fagan-Walcott,2002-03-11
567141,Tobias Juul,2002-02-01
570597,Matisse Didden,2001-10-08
581445,Mazeed Ogungbo,2002-10-20
583899,Adnane Abid,2003-08-23
588627,Lucas Robinho,1999-03-07
593856,Lentini Caciano,2001-08-15
597804,Jonas Kersken,2000-09-01
597931,Georgios Manalis,1994-12-21
599687,Thor Höholt,2001-03-19
601029,Ali Ates,1999-01-10
605498,Sebastian Soto,2000-07-28
606752,Rodrigo Zalazar,1999-08-12
607133,Kevin Gadellaa,2003-04-08
608736,Antonio Mico,2000-01-27
610403,Filip Panjeskovic,2003-01-16
623274,Maksim Mukhin,2001-11-04
624340,Matvey Lukin,2004-04-27
630023,Fehmi Koc,2003-08-28
635298,Daniil Pavlov,2002-06-05
646738,Juan Larios,2004-01-12
651753,Mikail Basar,2001-06-20
658529,Maxwell Woledzi,2001-07-02
658531,Mohamed Diomande,2001-10-30
659781,Jack de Vries,2002-03-28
673382,Yira Sor,2000-07-24
678491,Martijn Beernaert,2002-10-03
697282,Zach Awe,2004-01-09
703577,Kgaogelo Chauke,2003-01-08
715836,Tobias Storm,2004-07-04
719857,Mustafa Erdilman,2004-01-01
746695,Kamaldeen Sulemana,2002-02-15
788445,Zidan Sertdemir,2005-02-04
799554,Jakob Vadstrup,2003-07-30
833315,Novatus Miroshi,2002-09-02
860701,Mykola Gayduchyk,1999-12-30
867929,Egor Noskov,2003-03-24
883205,Emir Aydin,2004-06-16
955070,Ernest Nuamah,2003-11-01
982575,Gustavo Sá,2004-11-11
1321,Jermaine Jones,1981-11-03
3216,Milan Baros,1981-10-28
5017,Niklas Moisander,1985-09-29
5658,Petr Cech,1982-05-20
7345,Serkan Balci,1983-08-22
7451,Mikel Arteta,1982-03-26
12112,Per Kröldrup,1979-07-31
12384,Alexander Tettey,1986-04-04
15956,Jesús Navas,1985-11-21
16698,Ömer Aysan Baris,1982-07-23
16731,Edson Braafheid,1983-04-08
18871,Jean Beausejour,1984-06-01
19299,Peter van der Vlag,1977-12-05
19325,Andwelé Slory,1982-09-27
21175,Vedad Ibisevic,1984-08-06
22372,Tom Van Hyfte,1986-04-28
28827,Alessandro Gazzi,1983-01-28
30471,James Vaughan,1988-07-14
36784,Jeppe Brandrup,1985-06-03
38340,Ivelin Popov,1987-10-26
39025,Danny Latza,1989-12-07
41234,Kaká,1981-05-16
41663,Chinedu Obasi,1986-06-01
42513,Gary Hooper,1988-01-26
42622,Leandro,1985-06-26
42733,Fazli Kocabas,1990-01-01
43359,Pavlo Rebenok,1985-07-23
45187,Cyriaque Louvion,1987-07-24
49239,Guido Burgstaller,1989-04-29
51174,Fernando,1987-07-25
51232,Danilo,1990-01-13
51540,Henri Saivet,1990-10-26
52397,Lefteris Matsoukas,1990-03-07
58035,Mykola Ishchenko,1983-03-09
58930,Volodymyr Chesnakov,1988-02-12
59636,Boy Deul,1987-08-30
61823,Tommy Forecast,1986-10-15
65233,Teerasil Dangda,1988-06-06
66022,Innocent Emeghara,1989-05-27
66109,Fabio Daprelà,1991-02-19
66616,Daniel Mojsov,1987-12-25
67322,Anthony Pilkington,1988-06-06
77707,Emre Çolak,1991-05-20
79242,Gabriel,1992-09-27
81793,Tadanari Lee,1985-12-19
83902,Hasan Demir,1990-08-28
84281,Dennis Telgenkamp,1987-05-09
85113,Aleksandar Noskovic,1988-12-12
86057,Kanu,1984-05-03
88614,Mikhail Komarov,1984-04-03
88879,Artem Kychak,1989-05-16
89318,Borja Ekiza,1988-03-06
90489,Santiago García,1988-07-08
91949,Pedro Trigueira,1988-01-04
92381,Sammy Ameobi,1992-05-01
99508,Danny Verbeek,1990-08-15
105337,Charni Ekangamene,1994-02-16
105899,Guido Pizarro,1990-02-26
108119,Aljaz Struna,1990-08-04
111556,Joonas Tamm,1992-02-02
114341,Anselmo,1989-02-20
126284,Christos Kontochristos,1991-01-03
128904,Ben Gibson,1993-01-15
131257,Jonathan Moya,1992-01-06
132098,Harry Kane,1993-07-28
138409,Joseph Boum,1989-09-26
138691,Stijn Wertelaers,1994-04-19
139278,Luca Zander,1995-08-09
139405,Stergios Dimopoulos,1990-05-25
140686,Amadaiya Rennie,1990-03-17
145025,Haydar Yilmaz,1984-01-19
147007,Lennert Vanherberghen,1989-12-03
147265,Jens Naessens,1991-04-01
166584,Mykyta Polyulyakh,1993-03-15
168672,Feliz,1989-04-09
170540,Cody Cropper,1993-02-16
170607,Sergey Revyakin,1995-04-02
181204,Artem Samsonov,1994-01-05
187298,Luciano Slagveer,1993-10-05
188914,Musashi Suzuki,1994-02-11
190941,Ángelo Sagal,1993-04-18
192409,Taxiarchis Fountas,1995-09-04
194214,Gonçalo Silva,1991-06-04
200798,Jarne Vrijsen,1996-03-21
203127,Conor McGrandles,1995-09-24
205757,Dejan Iliev,1995-02-25
206053,Gor Malakyan,1994-06-12
208552,Siebe Schrijvers,1996-07-18
209933,Ibrahima Seck,1989-08-10
211331,Mart Lieder,1990-05-01
217760,Oleksiy Kazakov,1990-02-22
223031,Tarik Altuntas,1991-08-23
223248,Tom Rosenthal,1996-09-03
224499,Dren Feka,1997-06-09
224513,Lars Dietz,1997-01-07
225536,Cheikhou Dieng,1993-11-23
226080,Anton Kresic,1996-01-29
226097,Ivan Sunjic,1996-10-09
226450,Iver Fossum,1996-07-15
227078,Lukas Boeder,1997-04-18
227081,Joaquín Correa,1994-08-13
227901,Bruninho,1989-09-29
228645,Wout Weghorst,1992-08-07
228818,Mimoun Eloisghiri,1989-09-15
228940,João Novais,1993-07-10
228948,Thilo Kehrer,1996-09-21
228953,Richard Neudecker,1996-10-29
230222,Álvaro Lemos,1993-03-30
230552,Diego Laxalt,1993-02-07
231193,Konstantinos Tsamouris,1994-11-14
231387,Mikhail Merkulov,1994-01-26
232463,Luca Pfeiffer,1996-08-20
233124,Kortney Hause,1995-07-16
233998,Freddie Ladapo,1993-02-01
234499,Frédéric Maciel,1994-03-15
234781,Maxwel Cornet,1996-09-27
234820,Rodrigo Vargas,1994-10-19
234884,Giacomo Lucarini,1995-05-02
234893,Tom Broekhuizen,1991-11-30
236886,Costinha,1992-08-25
238468,Drey Wright,1995-04-30
238752,Keita Baldé,1995-03-08
238966,Nicholas Lentini,1996-08-20
239802,Adam Marusic,1992-10-17
239962,Denis Vavro,1996-04-10
240197,Isaac Donkor,1995-08-15
240338,Luigi Carillo,1996-08-08
240342,Lorenzo Filippini,1995-07-28
240657,Lorenzo Caselli,1995-01-15
240900,Matías Kranevitter,1993-05-21
241135,Gianluca Rizzitelli,1994-02-17
241160,Nassim Zitouni,1994-03-31
241347,Yuta Toyokawa,1994-09-09
241706,Danny Williams,1988-01-25
241889,Antonio Barreca,1995-03-18
242755,Morten Ohlsen Hansen,1993-09-04
242813,Filip Jagiello,1997-08-08
243616,Paschalis Kassos,1991-11-07
243704,Dorian Grange,1996-05-10
244221,Christian Burgess,1991-10-07
244260,Robby McCrorie,1998-03-18
244262,Denys Miroshnichenko,1994-10-11
244548,Andreias Calcan,1994-04-09
245056,Sasa Lukic,1996-08-13
245537,Nabil Bentaleb,1994-11-24
246244,Sergio Aguza,1992-09-02
248213,Jonathan Bijimine,1994-07-09
248215,Duhan Caglar Akdag,1996-01-17
248651,Luca Tagliavacche,1995-01-05
248901,Platiny,1990-10-02
249062,Júlio César,1994-08-12
249089,Lewis Cook,1997-02-03
249360,Ali Alipour,1995-11-11
249552,Senna Miangue,1997-02-05
249644,Albian Muzaqi,1994-11-24
250512,Jeff Callebaut,1997-01-23
250779,Brendan Chardonnet,1994-12-22
251029,Saba Lobzhanidze,1994-12-18
251089,Ahmethan Köse,1997-01-07
251299,Finn Dahmen,1998-03-27
251432,Enock Barwuah,1993-02-20
251914,Jacob Blyth,1992-08-14
252437,Konstantinos Apostolopoulos,1993-07-08
255451,Anton Miranchuk,1995-10-17
255626,Conor Shaughnessy,1996-06-30
256380,Artem Kulishev,1993-08-26
256381,Magomed Kurbanov,1992-04-11
256680,Juanpi,1994-01-24
256698,Gertin Hoxhalli,1996-11-05
256859,Dmitriy Kuzmichev,1996-06-19
257252,Ferhat Aksoy,1992-10-15
258004,Rúben Dias,1997-05-14
258369,Georgemy,1995-08-15
258827,Jari Vandeputte,1996-02-14
258884,Ryan Ledson,1997-08-19
259849,Aleksandr Zhirov,1991-01-24
260139,Alexandru Tudorie,1996-03-19
260166,Ui-jo Hwang,1992-08-28
260230,Moi Delgado,1994-04-18
260677,Anton Mitryushkin,1996-02-08
261072,Vasilios Fasidis,1996-06-22
261498,Diego Altamirano,1997-03-13
262365,Antonio Puertas,1992-02-21
262682,Kingsley Madu,1995-12-12
262711,Evgeniy Alferov,1995-01-31
262731,Konstantin Troyanov,1995-11-18
263027,Alexis Zapata,1995-05-10
263380,Attila Szalai,1998-01-20
264046,Sulayman Marreh,1996-01-15
264299,Silas Songani,1989-06-28
265082,Luciano Guaycochea,1992-04-24
265153,Aleksandr Selikhov,1994-04-07
268174,Casper Olesen,1996-05-10
269585,Daryl Werker,1994-06-27
269669,Volodymyr Barilko,1994-01-29
270596,Cammy Kerr,1995-09-10
270878,Diego Reyes,1990-01-11
271495,Abdülkadir Ömür,1999-06-25
271665,Igor Zagalskyi,1991-05-19
271816,Victor Wernersson,1995-07-06
272619,Romain Cagnon,1997-05-12
272785,Andriy Markovych,1995-06-25
273000,Júnior Alonso,1993-02-09
273547,Maarten de Fockert,1995-02-20
273548,Maurice de Ruiter,1991-08-14
275273,Mikhail Belov,1992-04-22
275457,Kylian Hazard,1995-08-05
276428,Alessio Staelens,1994-07-30
277179,Angeliño,1997-01-04
277785,David Ferguson,1996-03-24
277962,Hector Hevel,1996-05-15
278496,Andrea Chukanov,1995-12-18
278917,Roman Pidkivka,1995-05-09
281683,Eser Elmali,1995-06-06
281769,Mario Hermoso,1995-06-18
281919,Adam Tzanetopoulos,1995-02-10
282058,Cheikh N'Doye,1986-03-29
282414,Rafa Málaga,1995-10-09
282429,Sergio Reguilón,1996-12-16
282434,Jean Carlos Silva,1996-05-10
282558,Metincan Cici,1995-02-18
282820,Easah Suliman,1998-01-26
283748,Souleymane Sawadogo,1993-01-09
284321,Germán Conti,1994-06-03
284701,Samuel,1994-03-29
285127,Domingo Blanco,1995-04-22
285289,Teit Jacobsen,1998-03-16
285946,Dieter Creemers,1997-09-02
286406,Oguzhan Kayar,1995-04-02
287254,Alessandro Comentale,1995-01-25
287836,Alessandro Speri,1996-09-25
288005,Joaquín Arzura,1993-05-18
288252,Aleksey Shirokov,1989-04-06
288496,Boschilia,1996-03-05
288721,Egor Sorokin,1995-11-04
289085,Simone Mattia,1996-01-19
289272,Martín Merquelanz,1995-06-12
289287,Imanol Sarriegi,1995-04-27
289434,Cécé Pepe,1996-11-09
289584,Laurent Lemoine,1998-04-24
289640,Jens Teunckens,1998-01-30
290534,Maxime Borges,1995-07-20
290774,Silvije Begic,1993-06-03
291200,Moussa Niakhaté,1996-03-08
291266,Godfred Donsah,1996-06-07
291520,Luca Clemenza,1997-07-09
291522,Tommaso Fantacci,1997-03-17
291592,Brad Smith,1997-04-23
291657,Mahmut Akan,1994-07-14
291986,Miguel Cid,1992-05-21
291997,Theo Ryuki,1995-07-31
292621,Stelios Pozoglou,1996-01-22
292787,Erman Taskin,1995-01-01
293106,Georgi Kopaliani,1994-03-07
293231,Darko Todorovic,1997-05-05
293385,Dani Olmo,1998-05-07
293492,Sören Christensen,1996-05-01
293828,Mikhail Oparin,1993-05-22
294100,Metehan Mimaroglu,1994-07-07
294730,Bogdan Mykhaylichenko,1997-03-21
294788,Junior Ahissan,1996-11-10
295309,Aliyu Abubakar,1996-06-15
295330,Kelechi Iheanacho,1996-10-03
295663,Kristjan Kushta,1997-12-16
295764,Aschraf El Mahdioui,1996-05-24
295807,Michalis Chatzidimitriou,1995-05-19
297238,Jamie Boyd,1999-09-16
297583,Woo-yeong Jeong,1999-09-20
298576,Tugrul Baskan,1996-01-30
299400,Pedro Sá,1993-12-01
301824,Nené,1995-06-10
302478,Davide Arras,1998-04-02
303254,Fikayo Tomori,1997-12-19
306131,Stefan Milosevic,1996-06-23
306164,Franck Betra,1996-12-18
306191,Jason Berthomier,1990-01-06
306208,Mustafa Güner,1991-10-15
308431,Dillon Phillips,1995-06-11
310822,Koki Anzai,1995-05-31
311044,Alfonso Espino,1992-01-05
311178,Georgios Kyriakopoulos,1996-02-05
311680,Fran Villalba,1998-05-11
311745,Igor Kirienko,1986-03-05
312745,Stefano Pellizzari,1997-01-03
312862,Dalbert,1993-09-08
314295,Reece Oxford,1998-12-16
314463,Mehdi Lazaar,1993-03-09
315124,Tristan Dekker,1998-03-27
315283,Kaj Sierhuis,1998-04-27
315289,Myrto Uzuni,1995-05-31
315846,Luca Matarese,1998-04-16
315862,Filippo Melegoni,1999-02-18
316296,Maksim Maksimov,1995-11-04
316915,Davor Lovren,1998-10-03
319180,Andrea Marcucci,1999-02-07
321403,Kyle Bradley,1999-02-14
321629,Moctar El Hacen,1997-12-31
322077,Besard Sabovic,1998-01-05
323200,Denis Kavlinov,1995-01-10
323426,Andrea Magrini,1997-08-26
324278,Christoph Baumgartner,1999-08-01
324344,Dimitrios Limnios,1998-05-27
324351,Panagiotis Retsos,1998-08-09
325992,Sebastian Denius,1995-06-08
326030,Ché Nunnely,1999-02-04
326195,Andreas Vlachomitros,1997-07-03
327536,Stephan Ambrosius,1998-12-18
328480,Pepelu,1998-08-11
328687,Puck Postma,1997-02-18
328770,Kjetil Haug,1998-06-12
329055,Enes Mahmutovic,1997-05-22
329517,Georgios Masouras,1994-01-01
329714,Tobias Heintz,1998-07-13
330126,Karol Swiderski,1997-01-23
330839,Ramazan Keskin,1999-01-04
331057,Luis Orejuela,1995-08-20
331460,Ivan Sondey,1994-01-15
331840,Samy Mmaee,1996-09-08
332554,Senin Sebai,1993-12-18
332802,Petros Giakoumakis,1992-07-03
333004,Karim Hafez,1996-03-12
333117,Leandro Ribeiro,1995-01-13
333227,Silvio Anocic,1997-09-10
333802,François Kamano,1996-05-02
334058,Franco Bellocq,1993-10-15
335100,Sam Schreck,1999-01-29
335400,Nick Wolters,1993-08-05
335516,Idrissa Touré,1998-04-29
335646,Nick Volk,
335856,Gyamfi Kyeremeh,1995-03-09
335954,Iba May,1998-06-06
336248,Eslem Öztürk,1997-12-01
336637,Antonis Efthymakis,1998-03-17
337198,Bogdan Boychuk,1996-05-30
337316,Edoardo Stanghellini,1997-09-12
337459,Günay Halis,1995-04-17
337715,Umar Sadiq,1997-02-02
337781,Arturo Molina,1996-07-18
338031,Jurich Carolina,1998-07-15
338032,Deyovaisio Zeefuik,1998-03-11
339559,Pedro Monteiro,1994-01-30
339839,Ibson Melo,1989-10-08
340162,Kobe Cools,1997-07-25
340264,Leonardo Vitali,1998-08-07
340289,Alessandro Dalmasso,1996-05-07
340453,Mike Grim,1996-09-07
340639,Ngissah Bismark,1998-01-09
340867,Jaime Seoane,1997-01-22
341228,Juan Agüero,1999-05-27
342098,Idriz Voca,1997-05-15
342876,Didier Desprez,1999-03-13
343184,Sylla Sow,1996-08-08
343492,Oleg Kozhushko,1998-02-17
344596,Malang Sarr,1999-01-23
345083,Álex Martín,1998-01-25
345746,Andreas Poulsen,1999-10-13
346329,Georgios Siadas,1999-12-27
346528,Stefano Mazzini,1998-12-06
347185,Suéliton,1991-06-26
347885,Fabio Morselli,1998-04-07
348298,Stefanos Stroungis,1997-10-09
348537,Vangelis Xepapadakis,1999-01-12
348542,Giannis Kontogiannopoulos,1999-07-03
348671,Rauf Öktem,1997-03-12
349622,Renan Diniz,1993-02-27
349796,Evren Korkmaz,1997-04-27
349803,Lugman Bezzat,1997-02-17
349962,Douglas Abner,1996-01-30
350644,Rafail Melissopoulos,1997-02-19
351540,José Fran,1992-06-01
351749,Kalvin Phillips,1995-12-02
353205,Hamadou Karamoko,1995-10-31
353211,Vagner,1996-01-10
353212,Rui Batalha,1996-06-29
353253,Caleb Gomina,1996-09-24
353366,Benjamin Pavard,1996-03-28
353843,Iuri Gomes,1996-11-10
353860,Oytun Özdogan,1998-06-16
353933,Sacha Valéry,1995-08-24
353959,Kévin Soni,1998-04-17
354326,Navid Nasimi,1995-03-01
354775,Deybi Flores,1996-06-16
356010,Alessio Zini,1998-01-03
356471,Michel Stöcker,1999-04-14
356473,Paschal Okoli,1997-10-17
357003,Martin Erlic,1998-01-24
357147,Diogo Dalot,1999-03-18
357191,Athanasios Margaritis,1997-03-17
357233,Leandro Barreiro,2000-01-03
357662,Declan Rice,1999-01-14
357745,Recep Gül,2000-11-05
357884,Fernando Calero,1995-09-14
357885,Pablo Fornals,1996-02-22
357991,Alessandro Plizzari,2000-03-12
357995,Davide Bettella,2000-04-07
359239,Mykyta Kryukov,1991-04-30
359247,Maryan Shved,1997-07-16
359461,Stanley Awurum,1990-06-24
361263,Hasan Ali Adigüzel,2000-04-03
363010,Evgeniy Goshev,1997-06-17
364135,Moise Kean,2000-02-28
364173,Jesús Collado,1992-06-06
364233,Sidy Sarr,1996-06-05
364405,Adama Traoré,1995-06-05
364525,Bevic Moussiti-Oko,1995-01-28
365565,Giuseppe Cuomo,1998-02-02
365769,Adrian Petre,1998-02-11
368620,Gustav Dahl,1996-01-21
369086,Jurrian Jouvenaar,1998-09-20
370435,Ludovico D'Orazio,2000-02-19
370704,Mario Ierardi,1998-02-19
370844,Brady Scott,1999-06-30
372445,Dani Silva,2000-04-11
372710,Louis Deschateaux,1997-04-16
372712,Ibrahima Sissoko,1997-10-27
372808,Mateo Stamatov,1999-03-22
373251,Vladyslav Shchetinin,1997-08-29
373916,Marcelo Saracchi,1998-04-23
374077,Christian Rivera,1997-07-09
374735,Bartu Kurtuldu,1996-03-22
375655,Roman Vorobey,1995-06-07
375710,Jeando Fuchs,1997-10-11
376211,Matías Vargas,1997-05-08
376226,Yevgen Tsymbalyuk,1996-06-19
377393,Pierre Lees-Melou,1993-05-25
377451,Clément Petit,1998-01-11
379449,Jordan Marshall,1996-10-27
379870,David Kiki,1993-11-25
379960,Noel Knothe,1999-05-05
380173,Tjorven Melens,1997-02-03
380696,Kaká,1991-05-20
381128,Can Luka Aydogan,1998-12-31
381132,Daniel Thur,
383325,Denys Antyukh,1997-07-30
383774,Ziga Frelih,1998-02-06
384741,Vítor Costa,1994-07-01
385105,Gabriel Suazo,1997-08-09
386021,Keram Onayli,1995-08-19
386047,Axel Disasi,1998-03-11
386164,Silvester van der Water,1996-09-30
386726,Yusuf Yazici,1997-01-29
386824,Alberto Parpinel,1998-03-27
387212,Robin Lauwers,1999-03-18
387923,Christopher,1995-01-22
388376,Ramazan Yüksel,1998-01-04
388548,Jandro Orellana,2000-08-07
390120,Davide Zappella,1998-04-29
390131,Dimitrios Skouloudakis,1998-10-01
391405,Alessio Pagliarini,2000-01-09
392333,Aldo Caiazza,1999-03-20
392500,Felice D'Amico,2000-08-22
392540,Riccardo Forte,1999-05-17
392773,Alex Cochrane,2000-04-21
392961,Denis Hergheligiu,1999-12-09
393238,Zakaria Aboukhlal,2000-02-18
394198,Roman Khodunov,1997-03-28
394309,Denis Petro,1999-06-18
394980,Marat Bystrov,1992-06-19
395102,Alessandro Santopadre,1998-10-04
395539,Marco Acatullo,1998-01-03
395602,Alexandre Olliero,1996-02-15
396165,Callum Whelan,1998-09-24
396324,Carlos Isaac,1998-04-30
396400,Ilya Putrya,1998-05-15
396427,Diogo Ferreira,1997-10-12
396823,Viktor Boone,1998-01-25
396894,Maxi Gómez,1996-08-14
396899,Hamit Yildirim,1996-06-06
397604,Michalandreas Nyktaris,1999-12-30
397609,Joel Fameyeh,1997-05-14
397824,Andrea Sana,1999-01-31
398061,Ibourahima Baldé,1999-03-23
398131,Cristian Rivero,1998-03-21
398402,Sam Surridge,1998-07-28
398725,Vladislav Tyufyakov,1996-08-29
398728,Kirill Volchkov,1996-03-21
398738,Miguel Marí,1997-06-30
398837,Andrey Sidenko,1995-08-30
399162,Cammy Devlin,1998-06-07
399382,Paul-André Guerin,1997-09-26
399907,Ognjen Stijepovic,1999-10-22
400671,Daan Klomp,1998-08-10
400708,Oliver Ottesen,1998-08-22
401530,Éder Militão,1998-01-18
401539,Messias,1994-11-03
401979,Abdoul Karim Danté,1998-10-29
402043,Mohamed Zeroual,1999-02-27
402536,Yusuf Can Abay,1998-02-04
402624,Anton Shitov,2000-01-29
404384,Rabbi Matondo,2000-09-09
404418,David Hancko,1997-12-13
405685,Fabrice Hartmann,2001-03-02
406806,Emil Bohinen,1999-03-12
409517,Yorbe Vertessen,2001-01-08
410237,Moussa Seydi,1996-08-21
411027,Vladyslav Ignatyev,1997-10-25
411379,Killian Sanson,1997-06-07
411454,Bas van Wijnen,1997-07-31
411544,Sherwin Seedorf,1998-03-17
411975,Jules Koundé,1998-11-12
412085,Malik Tchokounté,1988-09-11
412688,Matheus,1992-01-22
412943,Kenzo Goudmijn,2001-12-18
412945,Enric Llansana,2001-04-12
414015,Alexander Samizadeh,1998-11-10
414908,Marshall Munetsi,1996-06-22
416074,Mattéo Petitgenet,1997-05-21
416386,Abdou Harroui,1998-01-13
418164,Roy Gielen,1998-01-04
418225,Mihael Onisa,2000-03-15
418927,Efthymios Gamagas,1995-09-26
419665,Ilya Skrobotov,2000-07-06
420884,Hugo Cuypers,1997-02-07
421636,Samson Iyede,1998-01-28
422051,Nikola Katic,1996-10-10
422850,Ghislain Konan,1995-12-27
423606,Bogdan Lednev,1998-04-07
424252,Vadym Mashchenko,2000-07-26
424330,Jeremy van Mullem,1999-03-18
425567,Diego Palacios,1999-07-12
426624,André Vidigal,1998-08-17
427161,Lebo Mothiba,1996-01-28
428061,Riley McGree,1998-11-02
429157,Yuriy Kozyrenko,1999-11-27
429249,Connor Shields,1997-07-29
430310,Andy Irving,2000-05-13
430579,Idrissa Doumbia,1998-04-14
430623,Alessandro Lombardi,2000-01-21
432763,Ivijan Svrznjak,2001-08-02
433325,Hakan Yesil,2002-01-01
433612,Ebrar Cumur,1999-11-19
434224,Maxence Lacroix,2000-04-06
435130,Fatih Gürden,1999-01-20
435821,Alex Bangura,1999-07-13
437842,Jhonny Quiñónez,1998-06-11
438913,André Sousa,1997-07-16
439459,Bojan Matic,1991-12-22
440887,Réda Rabeï,1994-07-12
442891,Martin Terrier,1997-03-04
443124,Jeferson Bahia,1992-05-28
443673,André Teles,1997-04-06
443683,Ohoulo Framelin,1996-11-21
443710,Angelo Stiller,2001-04-04
443752,Ilay Elmkies,2000-03-10
445434,Vasco Oliveira,2000-05-28
445631,Joan Monterde,1997-12-18
448308,Yago César,1997-05-26
449575,Aleksandr Saplinov,1997-08-12
450559,Boyd Derksen,1998-08-07
451128,Nikolay Rybikov,2000-01-05
452084,Ahmed Kutucu,2000-03-01
452392,Robert Voloder,2001-05-09
453824,Josh Maja,1998-12-27
456523,Eder González,1997-01-07
457236,Luca Falbo,2000-02-21
457522,Batuhan Ünsal,1997-06-03
457782,Owusu,1997-06-18
458614,Gabriele Boloca,2001-03-31
460845,Siemen Voet,2000-02-03
460939,Tijjani Reijnders,1998-07-29
461582,Issiar Dramé,1999-02-16
461670,Bogdan Biloshevskyi,2000-01-12
462239,Lampros Zacharos,1998-06-06
462380,Jesús Rodríguez,1998-02-11
464682,Andrea Errico,1999-01-01
465326,Richonell Margaret,2000-09-07
465858,Flamarion,1996-07-30
466124,Luka Markovic,2000-02-19
466602,Karamoko Dembélé,2003-02-22
466802,Adrián Bernabé,2001-05-26
466847,Asier Benito,1995-02-11
467437,Malik Tillman,2002-05-28
467486,Antoine Leautey,1996-04-14
467992,Samuele Ricci,2001-08-21
470265,Kirill Kirilenko,2000-10-08
470831,Vikentiy Voloshyn,2001-04-17
471251,Sezer Yildirim,1996-02-02
472161,Mamadou Coulibaly,1999-02-03
474652,Ronan Touzet,1997-11-05
475441,Nathan Sheron,1997-10-04
477920,Bogdan Mishukov,1997-02-05
478872,Alexis Guendouz,1996-01-26
479233,Younes Delfi,2000-10-02
480452,Hicham Acheffay,2000-08-10
480762,Lisandro Martínez,1998-01-18
480883,Miguel de la Fuente,1999-09-03
481121,Maxime De Bie,2000-12-13
482107,Magnus Warming,2000-06-08
484756,Djordje Mihailovic,1998-11-10
486084,Daniil Chernyakov,2001-01-07
486477,Edo Kayembe,1998-06-03
487428,Nikola Tavares,1999-01-17
487688,Alberto Soro,1999-03-09
487850,Oladapo Afolayan,1997-09-11
489212,Rodrigo Fernandes,2001-03-23
490307,Enock Mwepu,1998-01-01
491541,Juan Peñaloza,2000-05-03
496767,Juan José Perea,2000-02-23
498043,Jakub Iskra,2002-08-13
499606,Tibo Herbots,2001-05-07
501530,Yannick Vandersmissen,1998-04-18
501770,Grigoriy Borisenko,2002-04-15
502245,Dion De Neve,2001-06-12
502261,Joachim Imbrechts,2001-10-09
503683,Anthony Driscoll-Glennon,1999-11-26
503749,Jacob Ramsey,2001-05-28
504148,Tariq Lamptey,2000-09-30
505674,Sergio Camello,2001-02-10
505925,Kyriakos Giaxis,2001-04-03
506202,Casper Lykke,1998-01-01
506248,Edu Expósito,1996-08-01
509028,Ciaran McKenna,1998-03-25
509246,Connor Smith,2002-02-01
509837,Maksym Pryadun,1997-02-17
511668,Nazar Vyzdryk,1996-04-27
511864,Reko Silva,1999-06-21
514280,Pepijn Doesburg,2001-01-17
514514,Iván Barbero,1998-08-17
515621,Thomas Fantoni,2001-04-10
517081,Vladyslav Pryimak,1996-08-30
518587,Jake Davidson,2000-10-06
519414,Noel Niemann,1999-11-14
520064,Tigran Avanesyan,2002-04-13
521433,Sander Rau,2000-03-01
522954,Georgios Moustakopoulos,1998-08-13
523200,Kristoffer Larsen,
524021,Roman Zhmurko,1997-07-27
524481,Roger Ibañez,1998-11-23
524590,Júnior Brumado,1999-05-15
525701,Aleksandr Krikunenko,1998-08-03
527279,Emilio Kehrer,2002-03-20
527972,Mourad El Ghezouani,1998-05-27
528178,Ismaïl Aaneba,1999-05-29
529223,Dean James,2000-04-30
531825,Sergio Benito,1999-03-23
532900,João Valido,2000-03-03
533637,Nicklas Rulle,1999-04-29
534675,Georgios Kanellopoulos,2000-01-29
534700,Jamie Shackleton,1999-10-08
534918,Luuk Brand,2000-03-04
536472,Abdourahmane Barry,2000-02-21
536477,Arthur Zagré,2001-10-04
540067,Dogukan Emeksiz,2000-01-05
540727,Driss Khalid,1999-02-07
541021,Levi Malungu,2002-06-12
545332,Mikkel Kaufmann,2001-01-03
546176,Brian Oddei,2002-09-18
547248,Iker Álvarez,2001-07-25
548187,Alejandro Pérez,2001-01-07
549006,Gonçalo Inácio,2001-08-25
551932,Wouter George,2002-03-03
552955,Santiago Gimenez,2001-04-18
553285,Tim Lemperle,2002-02-05
554530,Tein Troost,2002-01-15
555015,Ruan Tressoldi,1999-06-07
555500,Jorge Herrando,2001-02-28
557558,Bastien Rempp,1998-11-11
557939,Neto Borges,1996-09-13
559800,Oliver Casey,2000-12-19
560593,Hicham Boudaoui,1999-09-23
560958,Alaa Abbas,1993-07-27
561745,Lautaro de León,2001-02-09
562463,Lucas Llort,1999-06-08
562948,Hyun-seok Hong,1999-06-16
563392,Simon Libert,2001-09-20
563812,Christian Oliva,1996-06-01
564529,Victor Kristiansen,2002-12-16
565431,Nils De Wilde,2003-01-27
566043,Nigel Lonwijk,2002-10-27
566910,Ruben van Kouwen,2001-05-19
567115,Andy Winter,2002-03-10
567128,Scott McGill,2002-01-27
567150,Kai Kennedy,2002-03-28
567472,Federico Zuccon,2003-04-01
567493,Angelos Tsavos,2002-04-11
568617,Razvan Sava,2002-06-21
569375,Koba Koindredi,2001-10-27
569389,Sofiane Diop,2000-06-09
569390,Julien Ponceau,2000-11-28
572309,Bogdan Lytvyak,1998-05-05
572519,Ar'jany Martha,2003-09-04
573978,Maximilian Schmid,2003-03-05
574934,Dmitriy Pivovarov,2000-03-21
575373,Vitor Gabriel,2000-01-20
576314,Jan Paul van Hecke,2000-06-08
578459,Aaron Bastiaans,2002-04-04
579206,Federico Zanchetta,2002-03-23
579289,Paulos Abraham,2002-07-16
583258,Shane Flynn,2001-10-14
585325,Hussein Ali,2002-03-01
585536,Jonny Arriba,2001-11-01
586740,Giannis Zografos,2000-05-28
586853,Vitinha,2000-03-15
593088,Aaron Smith,1998-03-24
593279,Younn Zahary,1998-10-08
593415,Rami Al Hajj,2001-09-17
594277,Jonathan Mulder,2002-01-02
595028,Charles-Andreas Brym,1998-08-08
595238,Lennard Hartjes,2003-04-07
596122,Pep Chavarría,1998-04-10
596186,Dion Berisha,2003-05-09
598635,Augusto,1992-02-22
599678,Mads Steenberg,2001-06-22
601285,Panambi,1995-03-11
601321,Luis Mosquera,1999-05-08
601446,Maksim Danilin,2001-05-26
601512,Tom Bradbury,1998-02-27
601851,Daniil Kornyushin,2001-10-08
604327,Gabriel Vidovic,2003-12-01
604813,David Min,1999-06-23
606719,Klismahn,1999-11-23
607780,Miguel Ángel Morro,2000-09-11
610603,Jannick Liburd,2001-09-26
612758,Calvin Twigt,2003-01-30
613665,Maksim Zhumabekov,1999-06-23
614464,Nikita Iosifov,2001-04-11
615181,Ismail Baran Karakoc,1998-09-07
615377,Igor Dvoryashin,2000-09-11
616341,Nuno Mendes,2002-06-19
621436,Daniil Khlusevich,2001-02-26
621802,Olivier Deman,2000-04-06
622831,Furkan Külekci,2001-06-28
622992,Pablo Gozálbez,2001-04-30
623249,Minkail Matsuev,2000-02-03
623254,Igor Maltsev,2001-10-06
623325,Georgiy Sudakov,2002-09-01
623331,Bogdan Viunnyk,2002-05-21
623526,Toni Fuidias,2001-04-15
623606,Enes Salik,2001-03-19
624037,Joris Chotard,2001-09-24
624436,Gerard Yepes,2002-08-25
624698,Pim Saathof,2003-12-28
625812,Yilmaz Basravi,2000-03-13
628490,Genar Fornés,2000-01-17
628496,Dani Villahermosa,2001-01-02
628560,Raul Morichelli,2002-07-25
629940,Georgiy Sulakvelidze,2001-04-18
630984,Geovanni Barba,2001-05-17
632471,Cheikh Kane Sarr,2000-04-21
632495,Josep Gayá,2000-07-07
632674,Vasyl Pynyashko,1992-02-02
633992,Enzo Le Fée,2000-02-03
634720,Serdar Yildirim,2000-08-01
635129,Charlie Setford,2004-05-11
636752,Veton Tusha,2002-12-29
636898,Lucas Copado,2004-01-10
639711,Richecard Richard,2002-03-18
640428,Eduardo Camavinga,2002-11-10
640470,Nikola Stepanovic,2001-05-22
644401,Keane Lewis-Potter,2001-02-22
648046,Evan Ferguson,2004-10-19
649029,Mamadou Danfa,2001-03-06
650204,Amar Kvakic,2002-10-30
651205,Luquinha,2000-10-03
651973,Godson Kyeremeh,2000-06-14
654173,Brad Young,2003-01-06
654393,Vicente,1996-03-02
655902,Emin Bayram,2003-04-02
658106,Firat Sasi,2002-03-24
663225,Tyler Onyango,2003-03-04
666234,Mohamed Simakan,2000-05-03
666943,Valentyn Rubchynskyi,2002-02-15
667287,Yasin Ayari,2003-10-06
667902,Brett Minnema,2002-01-06
670681,João Neves,2004-09-27
671074,Caleb Taylor,2003-01-14
671675,Chris Lokesa,2004-11-07
672933,Yaw Ackah,1999-06-01
672953,César Moreno,2001-04-23
674088,Shuhei Kawasaki,2001-04-28
674318,Anas Aalillou,2003-01-10
675102,Dmytro Penteleychuk,2000-08-09
676118,Rodrigo Simão,2000-10-28
678778,Eduard Sarapiy,1999-05-12
681345,Marley Redfern,2002-12-13
685697,Gustav Dahl,2004-03-20
685698,Mikhail Ivankov,2001-06-17
685806,Samuel Pedro,2001-04-24
685819,Ali Sanogo,1998-10-20
687059,Danil Kazantsev,2001-01-05
688245,Jordy Schelfhout,2001-01-19
691920,Artem Karpukas,2002-06-13
692734,Linus Gechter,2004-02-27
694928,Samuel Lino,1999-12-23
695454,Chiquinho,2000-02-05
696893,Richard Taylor,2000-10-02
699702,Mathis Bruns,2004-03-31
700119,Eren Erdogan,2001-05-22
701979,Geny Catamo,2001-01-26
702559,Kadir Enes Kira,1999-01-14
705063,Samuele Angori,2003-10-07
705991,Matisse Samoise,2001-11-21
706622,Elias Spago,2001-08-09
706700,Lewis O'Donnell,2005-06-21
706860,Mitchy Ntelo,2001-05-04
707245,Jules Raux,2003-08-29
708455,Mathis Servais,2004-11-23
709653,Baver Kuckar,2003-02-15
711996,Warmed Omari,2000-04-23
717465,Laurin Ulrich,2005-01-31
719646,Bernardo,2002-07-23
721746,Nassim Chadli,2001-07-28
726472,Léo Pereira,2000-06-29
728381,Vladyslav Bondar,2000-03-24
728382,Bogdan Romanyuk,2001-03-21
729140,Maga,2002-11-16
740529,Eric Junior Bocat,1999-07-16
741351,Sotirios Ragias,2003-05-16
742506,Fábio Ronaldo,2001-04-28
744728,Arijon Ibrahimovic,2005-12-11
745202,Yllan Okou,2002-12-23
745436,Salim Abubakar,2003-04-06
746180,Nikita Krivtsov,2002-08-18
746397,Artem Vovkun,2001-09-07
747236,Dmitriy Kuchugura,2004-10-21
747315,Orest Kostyk,1999-04-16
751084,Matvey Ivakhnov,2003-07-21
752040,Andriy Vychizhanin,1999-08-18
775902,Vladyslav Shynkarenko,2001-01-27
778540,Xander Severina,2001-04-12
780146,Idrissa Dioh,1999-01-21
783434,Unai Arieta,1999-06-16
785353,Pablo Ibáñez,1998-09-20
786829,Pedro Lubamba,2002-09-13
787232,David Datro Fofana,2002-12-22
789328,Manu Garrido,2000-10-06
789583,Yaroslav Karabin,2002-11-19
789898,Muhammed Damar,2004-04-09
793702,Tristan van Gilst,2003-02-18
798687,Antony,2001-09-08
805149,Giovanni van Zwam,2004-01-02
805908,Bradley Locko,2002-05-06
821136,Yacouba Barry,2002-11-25
821538,Oleg Alfyorov,2003-06-25
826224,Arnau Martínez,2003-04-25
826410,Vladimir Panov,2003-09-24
829949,Norbert Haymamba,1999-03-30
834764,Javi Guerra,2003-05-13
835136,Thomas Himeur,2001-01-17
837287,Vadym Sologub,2004-03-11
840907,Nikola Pejčić,2000-10-30
842444,Guilherme,2000-10-21
844356,Petro Velychko,2004-08-28
844357,Yuriy Lalak,2003-02-25
853290,Gustavo Abizanda,2000-05-01
855309,Noah Zilliox,2003-03-17
857148,Mamadou Camara,2001-02-07
866001,Viktor Melekhin,2003-12-16
872065,Güney Yilmaz,2003-02-26
873542,Hayrullah Erkip,2003-06-20
874736,Emre Vezir,2002-12-23
876660,Mehmet Albayrak,2004-01-05
880413,Soner Özdemir,2003-01-11
885694,Depú,2000-01-08
889155,Jules Rolland,2001-03-31
892049,Marko Sapuga,2003-05-29
896120,Vasilios Kontonikos,2005-10-11
898021,Georgios Kyriopoulos,2004-08-24
900320,Berat Mert,2004-09-28
909254,Macaulay Tait,2005-08-27
911386,Vladislav Teplyakov,2004-07-23
913022,Milan Robberechts,2004-03-04
913660,Redouane Halhal,2003-03-05
919918,Jamie Shingler,2004-06-19
924885,Martim Tavares,2003-11-10
931102,David Watson,2005-02-12
936820,Oleg Filonov,2004-07-22
939763,Yago Cariello,1999-07-27
962555,Abakar Sylla,2002-12-25
967509,Aaron Brown,2005-07-22
970278,Guerric Bernou,2004-05-11
970280,Rudy Orea,2002-06-04
973827,Lucas Morren,2005-03-28
980576,Amine Salama,2000-07-18
983989,Facundo Buonanotte,2004-12-23
991487,Abdoul Ouattara,2005-10-22
1008564,Billy van Duijl,2005-10-04
1015850,Atalay Cayirli,2005-09-30
1017885,Arda Akarsu,2005-07-09
10,Miroslav Klose,1978-06-09
332,Benjamin Köhler,1980-08-04
892,Heinz Müller,1978-05-30
1161,Javier Zanetti,1973-08-10
1323,Martin Amedick,1982-09-06
1573,Thomas Hitzlsperger,1982-04-05
2334,Marcel Ndjeng,1982-05-06
2865,Stephan Lichtsteiner,1984-01-16
2999,Chris Iwelumo,1978-08-01
3059,Ekrem Dag,1980-12-05
3120,Richard Wright,1977-11-05
3259,Damien Duff,1979-03-02
3266,Jérémie Aliadière,1983-03-30
3276,Shola Ameobi,1981-10-12
3405,Wes Brown,1979-10-13
3666,Jason Roberts,1978-01-25
3707,Bernard Mendy,1981-08-20
3713,Massimo Maccarone,1979-09-06
3900,Henri Camara,1977-05-10
3926,Marama Vahirua,1980-05-12
4075,Luke Moore,1986-02-13
4188,Ricardo Quaresma,1983-09-26
4267,Tim Howard,1979-03-06
4321,Steven Pienaar,1982-03-17
4452,Robbie Haemhouts,1983-12-09
4687,Aaron Hunt,1986-09-04
5486,Seydou Keita,1980-01-16
5755,Emiliano Moretti,1981-06-11
5812,Cristian Brocchi,1976-01-30
5881,Olivier Renard,1979-05-24
6043,Stefano Mauri,1980-01-08
6233,Luciano,1975-12-03
6251,Dennis Souza,1980-01-09
6288,Mario Gómez,1985-07-10
6722,Stefano Morrone,1978-10-26
6793,Angelo Palombo,1981-09-25
6970,Cédric Fauré,1979-02-14
7093,Francesco Magnanelli,1984-11-12
7101,Paolo Sammarco,1983-03-17
7252,Aleksandr Ryazantsev,1986-09-05
7311,Serdar Kulbilge,1980-07-07
7492,Manuel Pablo,1976-01-25
8019,Simão,1979-10-31
8108,Lluis Sastre,1986-03-26
9161,Sammy Clingan,1984-01-13
9645,Marat Izmailov,1982-09-21
9737,Anastasios Pantos,1976-05-05
9830,César Peixoto,1980-05-12
9849,Sotiris Lyberopoulos,1977-06-29
12379,Marc Planus,1982-03-07
12398,Shefki Kuqi,1976-11-10
12880,Dimitrios Sotiriou,1987-09-13
13037,Frederik Boi,1981-10-25
13091,Yaya Touré,1983-05-13
13111,Stef Wils,1982-08-02
13150,João Tomás,1975-05-27
13222,Tiago Gomes,1986-07-29
13560,Alan Combe,1974-04-03
13702,Paul Heffernan,1981-12-29
13872,Zé Castro,1983-01-13
13964,Pedro Costa,1981-11-21
14127,Alan,1979-09-19
14137,Briguel,1979-03-08
14270,André Bikey,1985-01-08
14365,Ricardo Fernandes,1978-01-14
14881,Marcelo Carné,1990-02-06
14945,Andriy Vorobey,1978-11-29
14949,Rio Mavuba,1984-03-08
14951,Stéphane Darbion,1984-03-22
15074,Pavel Pogrebnyak,1983-11-08
15077,Aleksandr Sheshukov,1983-04-15
15117,Konstantin Zyryanov,1977-10-05
15432,Pantelis Kapetanos,1983-06-08
15567,Grégory Lorenzi,1983-12-17
15670,Roman Berezovskiy,1974-08-05
15715,Borja Oubiña,1982-05-17
15817,Patrick Deman,1968-07-31
15894,Daniël de Ridder,1984-03-06
16117,Nicola Pozzi,1986-06-30
16499,Turgay Bahadir,1984-01-15
16533,Giannis Christou,1981-03-05
16624,Marcell Jansen,1985-11-04
16760,Yuriy Zhirkov,1983-08-20
16893,Antonio Floro Flores,1983-06-18
16971,Mees Siers,1987-10-06
17127,Felipe,1984-07-31
17370,Albert Meyong,1980-10-19
18223,Anssi Jaakkola,1987-03-13
18828,Milos Krasic,1984-11-01
18922,Karim Benzema,1987-12-19
19112,Christian Gentner,1985-08-14
19119,Landry Bonnefoi,1983-09-20
19712,Aleksandar Lukovic,1982-10-23
19917,Martijn Monteyne,1984-11-12
20046,Alexandros Kasmeridis,1986-04-23
20232,Benoît Angbwa,1982-01-01
20386,Gladstone,1985-01-29
20506,Andrés Guardado,1986-09-28
20859,Anders Nöhr,1981-09-03
21314,Ryan O'Leary,1987-08-24
21354,Marek Cech,1983-01-26
21726,Philipp Tschauner,1985-11-03
21752,Tommaso Berni,1983-03-06
21782,Hugo Campagnaro,1980-06-27
21924,Antonio Ghomsi,1986-04-22
21954,Marco Rigoni,1980-01-05
22185,Vlada Avramov,1979-04-05
22320,Francesco Modesto,1982-02-16
22388,Bafétimbi Gomis,1985-08-06
22469,Jonas Troest,1985-03-04
22594,Daniele Galloppa,1985-05-15
22728,Craig Bryson,1986-11-06
23097,Simon Poulsen,1984-10-07
23102,Riki,1980-08-11
23825,Yoan Gouffran,1986-05-25
24975,Athanasios Prittas,1979-01-09
25396,China,1982-04-15
25719,Fanouris Goundoulakis,1983-07-13
25734,Denys Kulakov,1986-05-01
25740,Dragan Blatnjak,1981-08-01
25823,Vitaliy Denisov,1987-02-23
25856,Vitaliy Kaleshin,1980-10-03
26014,Emre Güngör,1984-08-01
26066,Iván Ramis,1984-10-25
26199,Verza,1986-09-29
26741,Leonel Núñez,1984-10-13
27378,Cleiton Xavier,1983-03-23
27390,Florent Ghisolfi,1985-02-28
27487,Francisco Molinero,1985-07-26
27969,Jay Emmanuel-Thomas,1990-12-27
28002,Damià Abella,1982-04-15
28026,Massimo Paci,1978-05-09
28037,Pa Saikou Kujabi,1986-12-10
28163,Francisco Rodríguez,1981-10-20
28261,José Manuel Jurado,1986-06-29
28683,Gojko Kacar,1987-01-26
28937,Roman Shishkin,1987-01-27
29237,Stefan Babovic,1987-01-07
29622,Veli Kavlak,1988-11-03
29712,John Ruddy,1986-10-24
29975,Andrew Surman,1986-08-20
29997,Heinrich Schmidtgal,1985-11-20
30321,Óscar Trejo,1988-04-26
30505,Zé Love,1987-10-29
30825,Marco Ruben,1986-10-26
31835,Mark Noble,1987-05-08
32213,Naldo,1982-09-10
32567,William Kwabena Tiero,1980-12-03
33337,Goran Karanovic,1987-10-13
33442,Boukary Dramé,1985-07-22
33530,Murat Akin,1986-10-22
33735,Peçanha,1980-01-11
33847,Kevin Lejeune,1985-01-22
33921,Maxime Josse,1987-03-21
33998,Ricardo Pateiro,1980-05-31
34116,Krisztián Vadócz,1985-05-03
34198,Andrea Masiello,1986-02-05
34206,Zuela,1983-08-03
34390,Jurica Buljat,1986-09-12
34453,Birkir Bjarnason,1988-05-27
34542,Marek Suchy,1988-03-29
34753,Deniz Yilmaz,1988-02-26
34758,Banel Nicolita,1985-01-07
34785,Joey van den Berg,1986-02-13
34838,Stephen Ireland,1986-08-22
34870,Roberto Soldado,1985-05-27
34913,Benjamin Lambot,1987-05-02
35075,Jakub Wawrzyniak,1983-07-07
35493,Stephan Fürstner,1987-09-11
35513,Arthuro,1982-08-27
35515,Iriney,1981-04-23
35536,Toño,1979-12-17
35771,David Vanecek,1983-07-25
35908,Mirko Raicevic,1982-03-22
36180,Anton Grigorjev,1985-12-13
36210,Miguel Oliveira,1983-08-18
36233,Stanislav Manolev,1985-12-16
36637,Gary Miller,1987-04-15
36724,Chris Millar,1983-03-30
36881,Nemanja Pejcinovic,1987-11-04
36914,Sebastian Boenisch,1987-02-01
36923,Hélder Guedes,1987-05-07
37011,Nathan Dyer,1987-11-29
37216,Ceyhun Gülselam,1987-12-25
37337,Mario Suárez,1987-02-24
37517,Lee Johnson,1981-06-07
37736,Aydin Yilmaz,1988-01-29
37738,Jens Janse,1986-07-01
37760,Vincent Enyeama,1982-08-29
38005,Marcin Komorowski,1984-04-17
38801,Evgeniy Lutsenko,1987-02-25
39004,Juan Carlos,1987-07-27
39280,Yura Movsisyan,1987-08-02
39333,Caner Erkin,1988-10-04
39689,João Coimbra,1986-05-24
39700,Mark Gower,1978-10-05
39717,Diego Contento,1990-05-01
39783,Alejandro Alfaro,1986-11-23
40059,Marek Sapara,1982-07-31
40116,Benjamin Kessel,1987-10-01
40417,Cyril Kali,1984-01-21
40608,Alex da Silva,1983-08-15
40612,Liam Bridcutt,1989-05-08
40688,Fabrice Abriel,1979-07-06
41163,Jorn Vermeulen,1987-04-16
41507,Manuel Schmiedebach,1988-12-05
41616,Mourtala Diakité,1980-10-01
41788,Ljubomir Stevanovic,1986-08-08
42072,Tobias Kempe,1989-06-27
42641,Andriy Khomyn,1982-01-02
42935,Nikolaos Karabelas,1984-12-20
43112,Sergio Viotti,1990-03-04
43117,Oliver Bozanic,1989-01-08
43243,Zdenek Zlamal,1985-11-05
43308,Denys Golaydo,1984-06-03
43907,André-Pierre Gignac,1985-12-05
43989,Toto Tamuz,1988-04-01
44317,Bojan Jokic,1986-05-17
44700,Paulão,1982-08-06
44780,João Pedro,1986-05-04
45455,Geoffrey Mujangi Bia,1989-08-12
45775,Nauzet Alemán,1985-02-25
45860,Vladimir Dimitrovski,1988-11-30
45882,Fabri,1987-12-31
45912,Sergio Álvarez,1986-08-03
46162,Nikola Djurdjic,1986-04-01
46175,Milan Perendija,1986-01-05
46405,Lovre Kalinic,1990-04-03
46415,Duje Cop,1990-02-01
46904,Mehmet Kara,1983-11-21
47085,Nenad Tomović,1987-08-30
47994,Simon King,1983-04-11
48259,Matt Lockwood,1976-10-17
48521,Aleksandr Belozerov,1981-10-27
48583,Renat Yanbaev,1984-04-07
48859,Simon Kjaer,1989-03-26
48888,Marc Pedersen,1989-07-31
48989,Dmytro Gryshko,1985-12-02
49551,Craig Curran,1989-08-23
49872,Djamel Bakar,1989-04-06
50632,André Martins,1987-03-26
50657,Anil Karaer,1988-07-04
51030,Maxime Baca,1983-06-02
51186,Nicolás Spolli,1983-02-20
51321,Darren Randolph,1987-05-12
51452,Joe Allen,1990-03-14
51541,Patrick Salomon,1988-06-10
51663,Pedro Alcalá,1989-03-19
51681,Chico Flores,1987-03-06
51877,Aleksey Aravin,1986-07-09
52059,Zanka,1990-04-23
52200,Dominik Kaiser,1988-09-16
52595,Fabian Frei,1989-01-08
52744,Sébastien Wüthrich,1990-05-29
52830,Adam Matuszczyk,1989-02-14
52937,Ilsinho,1985-10-12
52999,Renan,1986-06-19
53058,Renato Augusto,1988-02-08
53331,Maksim Zhavnerchik,1985-02-09
53359,Evandro,1986-08-23
53418,Kevin Kampl,1990-10-09
53455,Richard Sukuta-Pasu,1990-06-24
54245,Markel Susaeta,1987-12-14
54265,Ryan McGowan,1989-08-15
54375,Giuliano,1990-05-31
54534,Agustín Marchesín,1988-03-16
54659,Holger Badstuber,1989-03-13
54679,Burim Hashani,1981-12-23
55336,Denis Glushakov,1987-01-27
55977,Giorgi Makaridze,1990-03-31
56134,Javi Fuego,1984-01-04
56315,Makelele,1985-02-26
56416,Dries Mertens,1987-05-06
56643,Wanderson,1986-02-18
56760,Robert Stillo,1991-03-15
56778,Joris Delle,1990-03-29
56803,Mattia Mustacchio,1989-05-17
56829,Stéphane Zubar,1986-10-09
56837,Abdulhamit Yildiz,1987-06-07
57087,Stef Nijland,1988-08-10
57389,Luigi Giorgi,1987-04-19
57415,Jiri Kladrubsky,1985-11-19
57500,César Azpilicueta,1989-08-28
57530,Thomas Konrad,1989-11-05
57845,Tobias Strobl,1990-05-12
58070,Diego Maínz,1982-12-29
58205,André Schürrle,1990-11-06
58418,Vadym Milko,1986-08-22
58450,Nikolay Zaytsev,1989-06-01
58467,Musa Mguni,1983-04-05
58697,Pitu García,1984-01-27
58778,Miguel Ángel Cordero,1987-09-10
58821,Sezgin Coskun,1984-08-23
58958,Oleksandr Matveyev,1989-02-11
59180,Adessoye Oyewole,1982-09-18
59442,Yevgen Selin,1988-05-09
59475,Dennis Lemke,1989-03-08
59830,Keaghan Jacobs,1989-09-09
59957,Benjamin Moukandjo,1988-11-12
59959,Dmytro Nevmyvaka,1984-03-19
59973,Vitaliy Vernydub,1987-10-17
60103,Spyros Vrontaras,1984-12-11
60583,Jérémy Pied,1989-02-23
60933,James Keatings,1992-01-20
60973,Grant Adam,1991-04-16
61375,Garra Dembélé,1986-02-21
61447,Jem Karacan,1989-02-21
61869,Raúl Goni,1988-10-12
62013,Anders Konradsen,1990-07-18
62533,Igor Sylantjev,1991-01-03
62700,Nils Schouterden,1988-12-14
62751,Giuseppe De Luca,1991-10-11
62941,Jordi Figueras,1987-05-16
63186,Roberto Soriano,1991-02-08
63209,Ádám Pintér,1988-06-12
63482,Sven Bacher,1988-09-28
63824,Libor Kozak,1989-05-30
63899,Josef Husbauer,1990-03-16
64104,Sasa Balic,1990-01-29
64246,Yannick Thoelen,1990-07-18
64339,Pizzi,1989-10-06
64598,Bernardo Espinosa,1989-07-11
64952,Sebastián Pinto,1986-02-05
65921,Henri Bienvenu,1988-07-05
66638,Mario Ticinovic,1991-08-20
66783,Charlison Benschop,1989-08-21
66994,Gary Madine,1990-08-24
67539,Diego Jiménez,1991-08-11
67831,Giannis Skondras,1990-02-21
67839,Ufuk Budak,1990-05-26
68030,Vaso Vasic,1990-04-26
68033,Steven Zuber,1991-08-17
68211,Cenk Ahmet Alkilic,1987-12-09
68441,Valentinos Vlachos,1992-02-14
69006,Lacina Traore,1990-05-20
69382,Diego Romano,1980-03-11
69646,Jens Stryger Larsen,1991-02-21
71084,Joran Pot,1989-01-20
71099,Xander Houtkoop,1989-03-26
72120,Ertugrul Furkan,1989-04-29
72171,Dmitriy Sysuev,1988-01-13
72457,Rasmus Jönsson,1990-01-27
72491,Riccardo Bocalon,1989-03-03
72779,Álvaro Cejudo,1984-01-29
73090,Vid Belec,1990-06-06
73215,Joan Oriol,1986-11-05
73254,Marcos Gullón,1989-02-20
73319,Alberto de la Bella,1985-12-02
73321,Jony Ñiguez,1985-04-02
73472,Ben Amos,1990-04-10
73627,Ramazan Köse,1988-05-12
73668,Marco Pappa,1987-11-15
73725,Athanasios Dinas,1989-11-12
74196,Rodrigo Dantas,1989-10-20
74314,Edimar,1986-05-21
74600,Elias,1985-05-16
74667,Dorlan Pabón,1988-01-24
74683,Nemanja Matić,1988-08-01
74943,Juraj Kucka,1987-02-26
75238,Iñigo López,1982-07-23
75282,François Bellugou,1987-04-25
75640,Artur Sobiech,1990-06-12
76176,Mustafa Yumlu,1987-09-25
76274,Christian Gytkjaer,1990-05-06
76324,Aykut Ceviker,1990-01-03
76438,Mustafa Asan,1988-09-11
76657,Sascha Schünemann,1992-02-20
77066,Teófilo Gutiérrez,1985-05-17
77126,Michail Fragos,1990-05-20
77471,Konstantinos Kotsaridis,1992-06-12
77484,Georgios Niklitsiotis,1991-03-23
77714,Bill Hamid,1990-11-25
78332,Sergey Balanovich,1987-08-29
78497,Adnan Secerovic,1991-12-01
78966,Daniel Ayala,1990-11-07
79194,Erik Schouten,1991-08-16
79377,Genki Haraguchi,1991-05-09
79612,Stefan Schwab,1990-09-27
79643,Genki Omae,1989-12-10
79893,Yannis Salibur,1991-01-24
80035,Sébastien Faure,1991-01-03
80207,Tom Schmidt,1991-04-06
80814,Hrvoje Spahija,1988-03-23
80894,Lukasz Skorupski,1991-05-05
81778,Maikel van der Werff,1989-04-22
81785,Shinji Kagawa,1989-03-17
82009,Kevin Volland,1992-07-30
82281,Ivo Pinto,1990-01-07
82461,Yoric Ravet,1989-09-12
82873,Pascal Groß,1991-06-15
83700,Panagiotis Vlachodimos,1991-10-12
83877,Diego Farias,1990-05-10
84483,Aleksandr Erokhin,1989-10-13
85148,Julian Draxler,1993-09-20
85295,Iván Balliu,1992-01-01
85352,Yunus Malli,1992-02-24
85380,Andrea Seculin,1990-07-14
85393,Nicolas Viola,1989-10-12
86099,Soslanbek Arshiev,1989-01-01
86202,Antonio Rüdiger,1993-03-03
86793,Gabriele Angella,1989-04-28
86880,Azrack Mahamat,1988-03-24
86931,Yevgen Opanasenko,1990-08-25
87536,Emiliano Romero,1985-09-11
88074,Freek Heerkens,1989-09-13
88212,Nigel Hasselbaink,1990-11-21
88242,Daniel Adejo,1989-08-07
88685,Antonio Donnarumma,1990-07-07
88709,Luca Scapuzzi,1991-04-15
89718,Eduardo Vargas,1989-11-20
90600,Josselin Thibaut,1985-05-26
90935,Kerem Eryilmaz,1990-04-29
90964,Joe Bennett,1990-03-28
91315,Marley Watkins,1990-10-17
91347,Aidy White,1991-10-10
91763,Pablo Hernández,1986-10-24
91851,Bashkim Kadrii,1991-07-09
91854,Barry Douglas,1989-09-04
93637,Mario Engels,1993-10-22
93678,Gaëtan Charbonnier,1988-12-27
93728,Faycal Lebbihi,1989-02-06
94167,Jerome Kiesewetter,1993-02-09
94226,Tino Dehmelt,1992-01-29
94317,Vladimir Kovacevic,1992-11-11
94655,Jordan Bowery,1991-07-02
94932,David Torres,1986-06-16
95142,Renan Ribeiro,1990-03-23
95951,Shane Sutherland,1990-10-23
96382,Ariel Harush,1988-02-08
96812,Dimitrios Skliopidis,1984-05-13
96818,Savvas Tsabouris,1986-07-16
96844,Gheorghe Grozav,1990-09-29
97241,Victor Pálsson,1991-04-30
97562,Takayuki Seto,1986-02-05
97567,Roman Bezus,1990-09-26
97808,Dmytro Kozban,1989-04-27
97859,Evgeniy Pavlov,1991-03-12
98067,Zander Clark,1992-06-26
98078,Abraham Kudemor,1985-02-25
98351,Kévin Bérigaud,1988-05-09
98888,Artur Ionita,1990-08-17
99137,Bekim Balaj,1991-01-11
99180,Federico Santander,1991-06-04
99232,Marco D'Alessandro,1991-02-17
99331,Jannik Vestergaard,1992-08-03
99349,Julián Luque,1992-03-27
99615,Júnior Dutra,1988-04-25
100189,Azim Fatullaev,1986-06-07
101670,Marcelinho,1990-03-28
101808,Mamadou Wagué,1990-08-19
103060,Gaëtan Belaud,1986-09-16
103381,Tiquinho Soares,1991-01-17
103616,Dean Lyness,1991-07-20
104203,Eugene Starikov,1988-11-17
104376,Filip Kurto,1991-06-14
105352,Christophe Diandy,1990-11-25
105502,Dmitriy Kayumov,1992-05-11
105506,Vladimir Obukhov,1992-02-08
106825,Enzo Zidane,1995-03-24
107218,Evgeniy Osipov,1986-10-29
107617,Dionatan Teixeira,1992-07-24
108471,Csaba Somogyi,1985-04-07
108710,Vladyslav Kalitvintsev,1993-01-04
108830,Aymen Abdennour,1989-08-06
109974,Guy-Michel Landel,1990-07-03
110688,Sergiy Loginov,1990-08-24
110856,Patryk Tuszynski,1989-12-13
111114,Kevin Long,1990-08-18
111184,Dico Koppers,1992-01-31
111432,Stevie May,1992-11-03
111627,Ryan Mendes,1990-01-08
112062,Júnior Caiçara,1989-04-27
112611,Leozinho,1988-06-07
112663,Eliran Atar,1987-02-17
113133,Germán Pezzella,1991-06-27
113527,Elizeu,1989-05-28
114060,Enric Gallego,1986-09-12
114299,Morten Rasmussen,1980-06-11
114422,Günay Güvenc,1991-06-25
114491,Sakib Aytac,1991-11-24
114508,Kemal Tokak,1989-04-25
114940,Marco Rojas,1991-11-05
117518,Aykut Özer,1993-01-01
118428,Mikolaj Lebedynski,1990-10-14
118841,Tolga Ünlü,1989-09-10
119032,Axel Borgmann,1994-07-08
119061,Tim Coremans,1991-04-10
119235,Carlos Bacca,1986-09-08
120236,Giacomo Venturi,1992-01-02
120966,Oleksandr Ilyushchenkov,1990-03-23
121378,Jason Banton,1992-12-15
122317,Vitaliy Goshkoderya,1988-01-08
123140,Niek Vossebelt,1991-08-08
123160,Marc Vidal,1991-06-03
124701,Rafael Galhardo,1991-10-30
125350,Sébastien Rénot,1989-11-11
126012,Yasin Öztop,1991-05-25
126422,Allan,1991-01-08
126660,Sidy Sagna,1990-02-04
126669,Pierre‑Baptiste Baherlé,1991-07-07
127075,Manuel Cabit,1993-06-03
127194,Yaya Sanogo,1993-01-27
127349,Maicon Oliveira,1988-05-08
127457,Álex López,1988-01-11
127526,Antón de Vicente,1989-08-25
127822,Lorenzo Melgarejo,1990-08-10
128027,Konstantinos Tsoupros,1991-07-20
129551,Ted van de Pavert,1992-01-06
129558,Sam Walker,1991-10-02
130041,Dmytro Grechyshkin,1991-09-22
130257,Miquel Nelom,1990-09-22
130264,Yuriy Bushman,1990-05-14
131171,Juan Agudelo,1992-11-23
131180,Lewis Horner,1992-02-01
131444,Artem Polyarus,1992-07-05
131709,Ogenyi Onazi,1992-12-25
132154,Mustafa Durak,1988-08-13
132555,Payam Sadeghian,1992-02-29
133858,Phil Ofosu-Ayeh,1991-09-15
134098,Raoul Loé,1989-01-31
134419,Adam Jackson,1994-05-18
135216,Mads Nielsen,1994-03-26
136039,Nika Dzalamidze,1992-01-06
136501,Kadeem Harris,1993-06-08
136514,Charalampos Lykogiannis,1993-10-22
137326,Hendrik Van Crombrugge,1993-04-30
138350,Fábio Nunes,1992-07-24
138800,Pablo Alcolea,1989-03-23
139606,Aníbal Capela,1991-05-08
139607,Guilherme,1991-05-21
139743,Nicolò Manfredini,1988-05-01
140160,Ericson,1987-11-25
140511,Liam Caddis,1993-09-20
140570,Ofir Davidzada,1991-05-05
140778,Koenraad Hendrickx,1993-05-26
140790,Tino-Sven Susic,1992-02-13
141349,Liam O'Neil,1993-07-31
141456,Everton,1984-06-15
141704,Steve Clark,1986-04-14
141737,Zeki Yildirim,1991-01-15
141796,Gerard Gohou,1988-12-29
142281,Anthony Ujah,1990-10-14
144786,William Menezes,1989-04-05
145581,Afriyie Acquah,1992-01-05
146596,Amidu Salifu,1992-09-20
146889,Peter Ankersen,1990-09-22
147034,Marco van Ginkel,1992-12-01
147058,Kevin Tsimba,1994-02-20
147183,Sergey Sukharev,1987-01-29
147846,Nicolas Isimat-Mirin,1991-11-15
148028,Mikhail Levashov,1991-10-04
148371,Casper Radza,1994-02-26
148396,Abdoulay Diaby,1991-05-21
149516,Atinc Nukan,1993-07-20
150746,Georgiy Tigiev,1995-05-26
150788,Yahia Al-Shehri,1990-06-26
150948,Recio,1991-01-11
151209,Calum Antell,1992-06-13
152420,Paul Grant,1993-03-23
153538,André Bjerregaard,1991-09-03
153735,Marko Simonovski,1992-01-02
153739,Ezequiel Calvente,1991-01-12
154287,Todd Kane,1993-09-17
154351,Colin Coosemans,1992-08-03
154930,Semih Beyaz,1992-08-16
156487,Grégoire Puel,1992-02-20
156814,Javi Eraso,1990-03-22
157206,Conor Laerenbergh,1993-03-18
157224,Ivan Khomukha,1994-07-14
157385,Jasper Ameye,1994-04-20
157484,Quentin Beunardeau,1994-02-27
157508,Abdallah Yaisien,1994-04-23
157927,Sebastian Stolze,1995-01-29
158594,Sebastien Thill,1993-12-29
159622,Adrien Trébel,1991-03-03
159902,Amato Ciciretti,1993-12-31
159955,Vitali Zheludok,1986-08-11
160080,Yacouba Sylla,1990-11-29
160109,Árni Vilhjálmsson,1994-05-09
161496,Chris Kane,1994-09-05
161617,Marc Rochester Sörensen,1992-12-13
161869,Djibril Sidibé,1992-07-29
162027,David Gil,1994-01-11
162567,William Jebor,1991-11-10
163279,Matteo Boccaccini,1993-02-08
163291,Gianluca Draghetti,1993-12-12
163531,Connor Ripley,1993-02-13
163999,Juri Cisotti,1993-05-05
164044,Nélson Agra,1991-01-06
164600,Morten Hansen,1988-10-18
164715,Nikolaos Kaltsas,1989-06-28
164770,Raphaël Varane,1993-04-25
164837,Kristopher Vida,1995-06-23
165405,Richard Barroilhet,1992-08-29
165896,Francesco Proietti Gaffi,1994-05-21
165975,Jody Lukoki,1992-11-15
166237,Leandro Paredes,1994-06-29
166548,Evans Kondogbia,1989-05-03
166580,Ivan Trubochkin,1993-03-17
167555,Oleksandr Chornomorets,1993-04-05
167859,Stefano Sturaro,1993-03-09
168167,Anthony Rivituso,1995-01-06
168253,Tiziano Scarfagna,1994-01-26
168257,Catalin Tira,1994-06-18
168374,Mykhaylo Replyuk,1986-11-10
168530,Douglas Tanque,1993-10-27
168787,Roel Janssen,1990-06-16
168957,Marko Poletanovic,1993-07-20
169873,Sener Özbayrakli,1990-01-23
170239,Orhan Ovacikli,1988-11-23
170514,Marc Brasnic,1996-10-21
170655,Andy Steeves,1994-07-25
170919,Prince Segbefia,1991-03-11
170982,Jonathan Beaulieu,1993-03-11
171307,Joshua Brillante,1993-03-25
171557,Baissama Sankoh,1992-03-20
173832,Michael Doughty,1992-11-20
174086,Karl Madianga,1994-01-30
174692,Romário Baldé,1996-12-25
175745,Brad Smith,1994-04-09
175835,Thomas Tsitas,1991-07-30
176538,Eray Ataseven,1993-06-29
177032,Lokman Gör,1990-12-15
177868,Theodoros Markelis,1992-06-24
177953,Chris Kettings,1992-10-25
177964,Yusupha Njie,1994-03-01
178139,Daryl Horgan,1992-08-10
179896,Antonio Milic,1994-03-10
180843,Paul Gladon,1992-03-18
181337,Lawrence Thomas,1992-05-09
181767,Marquinhos,1994-05-14
181781,Léo Bonatini,1994-03-28
182398,Jessy Gálvez López,1995-07-17
182710,João Teixeira,1994-02-06
182722,Bruno Varela,1994-11-04
182813,Youssef Ben Ali,1995-02-04
182875,Jean-Charles Castelletto,1995-01-26
183170,Kealan Dillon,1994-02-21
183793,Marko Maric,1996-01-03
183836,Dino Hotic,1995-07-26
183945,Éber Bessa,1992-03-21
184340,Jack Leyden,1994-04-04
184382,Ming-Yang Yang,1995-07-11
184473,Haris Duljevic,1993-11-16
184922,Ambroise Oyongo,1991-06-22
184961,Kalifa Traoré,1991-02-16
185817,Jizz Hornkamp,1998-03-07
186172,Britt Assombalonga,1992-12-06
186186,Bobby De Cordova-Reid,1993-02-02
186337,Stephen O'Donnell,1992-05-11
186621,Vasilios Gavriilidis,1992-10-20
187191,Farshad Noor,1994-10-02
189445,Lucas Pugh,1994-01-01
190280,Patrik Carlgren,1992-01-08
190338,Anthony Briançon,1994-11-28
190506,Deimantas Petravicius,1995-09-02
190719,Nikolaos Katsikokeris,1988-06-19
191643,Georgios Bouzoukis,1993-07-26
191792,Craig Watson,1995-02-13
192300,Max Christiansen,1996-09-25
192347,John Jairo Ruiz,1994-01-10
192585,Pedro Martín,1992-01-16
192930,Alikhan Shavaev,1993-01-05
193101,Darren Petrie,1995-07-26
193784,Carlos Clerc,1992-02-21
194330,Roberto,1988-11-28
194433,Reda Jaadi,1995-02-14
195524,Mike Koenders,1992-05-09
195633,Charlie Taylor,1993-09-18
196316,Adam Mitchell,1994-12-02
196427,Leo Weinkauf,1996-07-07
196770,Joel Gerezgiher,1995-10-09
196815,Joshua Mees,1996-04-15
197170,Djaniny,1991-03-21
197474,Luca Milesi,1993-04-28
197494,Nicola Pescatore,1994-02-02
197851,Ivan Melnik,1991-07-29
197921,Riccardo Dimitrio,1994-08-13
198005,Cristian Ponde,1995-01-26
198264,Artur Zagorulko,1993-02-13
200790,Nabil Jaadi,1996-07-01
201994,Sonni Nattestad,1994-08-05
203558,Hervé Matthys,1996-01-19
203638,Nestoras Gekas,1995-03-07
203746,Ruben Aguilar,1993-04-26
203841,Denys Arendaruk,1996-04-16
203899,Stijn Derkx,1995-02-03
203958,Nick Draper,1993-12-10
204406,Artem Radchenko,1995-01-02
204659,Isnik Alimi,1994-02-02
205116,Talocha,1989-08-30
205179,Jádson,1993-08-30
205544,Niklas Hauptmann,1996-06-27
206553,Moshtagh Yaghoubi,1994-11-08
207827,Yanis Mbombo,1994-04-08
207929,Dele Alli,1996-04-11
208085,Paul Were,1993-10-08
208384,Mathias Andersen,1996-04-04
208681,Gustavo Henrique,1993-03-24
209574,Fatih Öztürk,1986-12-22
209781,Oumar Niasse,1990-04-18
210081,Didier Ndong,1994-06-17
210109,Alessandro Padovani Celin,1989-09-11
210369,Ersel Asliyüksek,1993-03-18
212852,Markel Etxeberria,1995-02-15
212899,Filipe Augusto,1993-08-12
213029,Stefan Zivkovic,1990-06-01
213287,Alexandru Dandea,1988-01-23
213366,Samed Kaya,1995-09-10
213368,Pedro Henrique,1990-06-16
215180,Lasse Lindbjerg,1992-04-15
215525,Diogo Coelho,1993-09-14
215596,Sheriff Isa,1990-11-10
215599,Lukas Klostermann,1996-06-03
215648,Ludcinio Marengo,1991-09-14
215977,Adrien Thomasson,1993-12-10
216579,Pavlo Polegenko,1995-01-06
216714,Gerónimo Poblete,1993-01-02
216896,Aaron Lennox,1993-02-19
217115,Neal Maupay,1996-08-14
217757,Jack Byrne,1996-04-24
218011,Florian Kath,1994-10-21
218058,Fakhreddine Ben Youssef,1991-06-23
218067,Jacopo Petriccione,1995-02-22
220769,Nikola Asceric,1991-04-19
220805,Abdelkader Oueslati,1991-10-07
221321,Joaquín Fernández,1996-05-31
221766,Lucas Woudenberg,1994-04-25
221986,Héctor Hernández,1991-05-23
222014,Joel Dixon,1993-12-09
222196,Berat Beciri,1996-06-03
222556,Admir Bajrovic,1995-08-06
223032,Andreas Blomqvist,1992-05-05
223053,Quini,1989-09-24
223283,Walter Figueira,1995-03-17
224673,Harry Panayiotou,1994-10-28
224884,Abdul-Rahman Baba,1994-07-02
225119,Rúben Macedo,1996-03-09
225431,Lisandro Semedo,1996-03-12
225591,Antonio Mance,1995-08-07
225657,Philipp Lienhart,1996-07-11
225886,Denzel Slager,1993-05-02
226012,David Soria,1993-04-04
227035,Josip Misic,1994-06-28
227084,Benedikt Gimber,1997-02-19
227579,Christian Rye,1994-02-15
228326,Shangyuan Wang,1993-06-02
228405,Serhat Kot,1997-08-12
228885,Carlitos,1990-06-12
228999,Alexis Alégué,1996-12-23
229003,Séga Coulibaly,1996-06-09
229797,Mathias Thrane,1993-09-04
230336,Sigurd Rosted,1994-07-22
231586,Jannes Horn,1997-02-06
231642,Salomon Nirisarike,1993-03-23
232068,Michael Duffy,1994-07-28
232600,Angelos Sarantopoulos,1993-11-24
233082,Raoul Kenne,1994-03-25
234385,Maximilian Waack,1996-01-12
235275,Jordi Vanlerberghe,1996-06-27
236727,David Kong,1994-12-13
236781,Felipe Gomes,1988-12-06
236952,Ronaldo Mendes,1992-08-16
236997,Tiago Silva,1993-06-02
237092,Carlos Eduardo,1993-01-04
237456,Mehdi Fennouche,1993-02-20
237617,Cristian Herrera,1991-03-13
237658,Michel Aebischer,1997-01-06
237678,Pecks,1989-04-10
237732,Leandro Putaro,1997-01-07
238541,Bastian Kurz,1996-09-23
239856,Vasilios Chronis,1991-05-21
240063,Georgios Koudas,1994-12-27
240578,Luiz Phellype,1993-09-27
240892,Bongani Zungu,1992-10-09
240906,Tiago Silva,1991-02-26
241074,Giovanni Graziano,1995-11-07
241199,Marios Gelis,1994-10-09
241241,Brandon Robinson,1995-02-25
241970,Nico Beyer,1996-09-22
242653,Spyros Papaspyros,1996-01-23
242672,Marios Tzanoulinos,1996-04-15
243293,Andrei Radu,1996-06-21
243783,Xavier,1992-07-06
244832,Madson,1991-05-09
245078,Nemanja Radonjić,1996-02-15
245134,N'Diaye Djiby,1994-01-05
246204,Salvi Sánchez,1991-03-30
246579,Bartosz Kapustka,1996-12-23
247300,Anthony Walongwa,1993-10-15
248325,Aaron Nemane,1997-09-26
248756,Sajjad Shahbazzadeh,1990-01-23
249063,Ryan Hardie,1997-03-17
249238,Ilias Labiad,1992-11-19
249466,Álex Campos,1991-06-28
249664,Fábio Vieira,1991-01-12
250440,Danny Bakker,1995-01-16
250937,Gabriele Marchegiani,1996-06-03
251078,Erdi Dikmen,1997-02-06
251664,Ivan Toney,1996-03-16
251846,David Carmona,1997-01-11
251876,Pablo Maffeo,1997-07-12
252661,Arnold Garita,1995-06-18
252986,Liam Kelly,1995-11-22
253316,Lebogang Phiri,1994-11-09
253371,Aleksandr Karnitskiy,1989-02-14
254063,Giannis Stamatakis,1994-06-26
254368,Eyüp Türkaslan,1994-09-11
254701,Muhammet Kalkan,1994-08-18
255243,Alex Kakuba,1991-06-12
255322,Josip Posavec,1996-03-10
255639,Dmytro Lukanov,1995-03-02
255831,Hakim Borahsasar,1995-01-14
255928,Jordi,1993-09-03
256267,Vedat Muriqi,1994-04-24
256349,Keynes Nouck Bong,1993-10-10
256564,David Crespo,1994-02-14
256689,Luca Pipoli,1996-02-05
256996,Guido Guerrieri,1996-02-25
257135,Kódjo Alphonse,1993-05-28
257813,Jon Irazusta,1986-04-30
257986,Damon Mirani,1996-05-13
258335,Martijn Berden,1997-07-29
258371,Sulley Muniru,1992-10-25
258382,Bryan Struis,1993-06-11
258506,Sondre Solholm,1995-07-07
258520,Stan van Bladeren,1997-10-01
260442,Ruslan Galiakberov,1989-11-20
260606,Mohamed Mrabet,1994-03-18
260781,Francesco Todisco,1995-12-28
260801,Eugenio Isnaldo,1994-01-07
260827,Joachim Andersen,1996-05-31
260841,Daniel Iversen,1997-07-19
262002,Welinton Junior,1993-06-08
262609,Hamidou Traore,1996-10-07
262689,Uche Agbo,1995-12-04
262723,Mikhail Mzhelskiy,1995-03-29
263685,Kazuki Nagasawa,1991-12-16
264176,Liam Bossin,1996-07-15
264406,Calaum Jahraldo-Martin,1993-04-27
265078,Patrick Cutrone,1998-01-03
265132,Kevin Toner,1996-07-18
265254,Vasilije Janjicic,1998-11-02
265312,Liam Agnew,1995-04-11
266809,Nicolás Freire,1994-02-18
268178,Arkadiusz Reca,1995-06-17
268228,Angelo Gregorio,1991-04-11
268426,Arnel Jakupovic,1998-05-29
270188,Lucas Evangelista,1995-05-06
270296,Botti Biabi,1996-03-08
270411,Saîf-Eddine Khaoui,1995-04-27
271511,Cafer Tosun,1999-11-20
272622,Issa Diop,1997-01-09
272698,Mohamed Hamdaoui,1993-06-10
272718,Desley Ubbink,1993-06-15
273431,Mohammed Osman,1994-01-01
273551,Hilal El-Helwe,1994-11-24
273949,Ibrahim Coskun,1995-03-03
274858,Kyriakos Savvidis,1995-06-20
275256,Guram Tetrashvili,1988-08-02
275423,Christian Gebauer,1993-12-20
275507,Tim Linthorst,1994-07-03
276435,Florentin Van Roy,1995-05-02
277033,David Brooks,1997-07-08
277069,Joe Nuttall,1997-01-27
278513,Sander Claeys,1996-01-28
278837,Luis Rioja,1993-10-16
279960,Dean Koolhof,1994-12-15
280139,Theodoros Tsikoudakis,1993-10-15
280472,Dalvin Havertong,1995-02-27
280513,Jason Brown,1996-07-07
280536,Ali Sutherland,1996-09-19
281024,Manolis Gogonas,1996-02-09
281404,Kenedy,1996-02-08
281608,Lucas Bobe,1995-05-12
281767,Lee Gallacher,1995-03-09
281917,Dmitriy Skopintsev,1997-03-02
281923,Panagiotis Kontovas,1996-01-19
282406,Álvaro Jiménez,1995-05-19
282411,Marcos Llorente,1995-01-30
282630,Artem Mamin,1997-07-25
282721,Uri Busquets,1999-01-20
283127,Oualid El Hajjam,1991-02-19
283185,Tesfaldet Tekie,1997-06-04
284165,Steven Bergwijn,1997-10-08
284595,Tommaso Augello,1994-08-30
284843,Roman Ezhov,1997-09-02
286415,Pau López,1994-12-13
286503,Yuta Koike,1996-11-06
287633,Andrea Corsini,1996-02-24
287656,Marcello Sereni,1996-07-24
287986,Artemiy Dorozhinskiy,1995-11-12
288371,Markel Areitio,1996-09-07
288559,Aleksey Gorodovoy,1993-08-10
288856,Oleksandr Migunov,1994-04-13
289061,Alessandro Murgia,1996-08-09
289065,Simone Palombi,1996-04-23
289196,Julien Da Costa,1996-05-29
289216,Stéphane Sparagna,1995-02-17
289257,Jon Guridi,1995-02-28
289528,Enzo D'Alberto,1996-07-20
289802,Rafael Ratão,1995-11-30
289814,Eros Grezda,1995-04-15
289846,Ashley Fletcher,1995-10-02
291432,Mattia Vitale,1997-10-01
291739,Milot Rashica,1996-06-28
291853,Mert Yildirim,1996-02-16
292199,Ugurcan Cakir,1996-04-05
292558,Dylan Carreiro,1995-01-20
292739,Alioune Fall,1994-12-24
292740,Latyr Fall,1994-06-19
292820,Aloïs Confais,1996-09-07
293326,Nicklas Röjkjaer,1998-07-24
293944,Habib Maïga,1996-01-01
294576,Bruno Gomes,1996-07-19
295026,Matty Allan,1996-01-17
295429,Mohamed Ali Ben Salem,1996-01-06
295744,Zisis Karachalios,1996-01-10
297013,Pantelis Panourgias,1998-04-13
299944,Alimeyaw Salifu,1995-08-20
301758,Niyazi Salman,1994-02-23
305077,Angelos Stamatopoulos,1997-04-23
305464,João Kuspiosz,1994-10-10
305686,Alberto Picchi,1997-08-12
306198,Stefanos Dogos,1994-05-05
306668,Amine,1992-11-04
307306,Mario Selmanaj,1994-04-08
308632,Callum Connolly,1997-09-23
308810,Rubén Ramírez,1995-10-18
309487,Ronaldo Peña,1997-03-10
309929,Aristóteles Romero,1995-10-18
309944,Tyronne Ebuehi,1995-12-16
310775,Aykut Yakut,1994-03-18
312123,Lucas Possignolo,1994-05-11
312346,Leonardo Serinelli,1997-05-13
312485,Rannick Schoop,1996-09-25
312502,Aleksey Tataev,1998-10-08
313167,Dimitrios Melikiotis,1996-07-10
313753,Yaroslav Kvasov,1992-03-05
314280,Taylor Moore,1997-05-12
314372,Darnell Johnson,1998-09-03
315128,Carel Eiting,1998-02-11
315252,Daniil Lesovoy,1998-01-12
315845,Alessio Donnarumma,1998-02-16
315871,Federico Valietti,1999-01-25
316884,Dominik Greif,1997-04-06
317032,Alex Jakubiak,1996-08-27
317818,Carlos Abad,1995-06-28
319160,Jakub Jankto,1996-01-19
319165,Oleg Synyogub,1989-04-19
319299,Panagiotis Grosios,1997-02-28
320107,Rüstü Hanli,1997-01-03
320722,Zizo,1996-01-10
321239,Everton,1996-03-22
321558,Arno Claeys,1994-04-05
322784,Kyle McClean,1998-10-03
322798,Radovan Pankov,1995-08-05
323664,Taras Chervonetskyi,1995-06-11
225055,Jean-Pierre Nsame,1993-05-01
228370,Gedion Zelalem,1997-01-26
232499,Coen Gortemaker,1994-01-29
237893,Anastasios Kritikos,1995-01-25
238266,Duje Caleta-Car,1996-09-17
242281,Juanma García,1997-01-18
246133,Abdurrahman Kuyucu,1991-10-31
247915,Jonas Omlin,1994-01-10
249961,Klaas De Rock,1993-09-26
250431,Jamie Sterry,1995-11-21
252056,Akin Alkan,1989-07-26
252767,Ivaylo Chochev,1993-02-18
255682,Ilias Polimos,1995-09-01
255814,Jordy van der Winden,1994-03-04
257665,Rafael Soromenho,1994-04-04
268932,Burak Can Kalender,1995-06-24
275127,Ersin Zehir,1998-01-15
279829,Alexandros Anagnostopoulos,1994-08-18
281829,Matteo Cipriani,1996-11-04
283141,Blendi Idrizi,1998-05-02
283231,Rasmus Thellufsen,1997-01-09
287025,Eike Bansen,1998-02-21
287032,Brian Meulmeester,1995-01-21
287183,Fedor Chalov,1998-04-10
288193,Ivan Maklakov,1998-04-17
289583,Antoine Lejoly,1998-03-26
291764,Mehmet Enes Sigirci,1993-02-24
298477,Oliver McBurnie,1996-06-04
308452,Oleksiy Shchebetun,1997-06-02
313477,Paolo Ghiglione,1997-02-02
314384,Ben Sheaf,1998-02-05
320913,Anthony Georgiou,1997-02-24
321165,Mykhaylo Shestakov,1990-04-12
323422,Fausto Grillo,1993-02-20
324341,Alexandros Katranis,1998-05-04
336697,Philipe Sampaio,1994-11-11
341272,Alejandro Pozo,1999-02-22
345597,Thomas Gall,1997-11-09
353129,Nathan Harker,1998-11-05
353970,Bahadir Öztürk,1995-10-01
355517,Troels Nielsen,1997-05-12
361034,Jelle van Benthem,1999-01-22
361093,Sven Botman,2000-01-12
361254,Rafa Mir,1997-06-18
363205,Gabriel Jesus,1997-04-03
364831,Mykyta Zhukov,1995-03-19
365770,Alexandru Dobre,1998-08-30
369552,Luuk Brouwers,1998-05-03
374040,Vincent Marchetti,1997-07-04
387313,Samuel Shashoua,1999-05-13
387968,Emrah Özyaylaz,1994-12-01
393864,Vladislav Sarveli,1997-10-01
395122,Santiago Colombatto,1997-01-17
402029,Rahmi Celik,1995-08-11
402733,Gonzalo Montiel,1997-01-01
403898,Jordan Beyer,2000-05-19
406042,Dennis Johnsen,1998-02-17
413245,Fernand Mayembo,1996-01-09
414318,Charalampos Makridis,1996-07-05
419828,Jasin Assehnoun,1998-12-26
422407,Gabriël Culhaci,1999-12-30
427568,Aaron Ramsdale,1998-05-14
433180,Elijah Dixon-Bonner,2001-01-01
442784,Rangel,1994-12-29
450201,Niels Leemhuis,1997-09-28
455933,Oscar Schönfelder,2001-02-05
458777,Giacomo Quagliata,2000-02-19
474382,Lewis Cass,2000-02-27
486046,Maarten Vandevoordt,2002-02-26
514019,João Vasco,1994-12-26
518261,Vadim Karpov,2002-07-14
534438,Matheus Leiria,1995-01-22
539154,Leandro Sanca,2000-01-04
542570,Roberto Pierno,2001-02-14
542597,Marlyson,1997-12-17
542692,Mikkel Juhl,2000-01-29
542838,Emil Wass,1999-02-21
543493,Najeeb Yakubu,2000-05-01
543501,Ibrahim Sadiq,2000-05-07
554297,Dalberson,1997-01-13
565419,Jack Bearne,2001-09-15
565434,Anthony Descotte,2003-08-03
569388,Clément Vidal,2000-06-18
574949,Richard,1999-10-11
580434,Tobe Leysen,2002-03-09
584092,Leon Sopic,2000-10-28
591353,Robinho,1997-07-31
606727,Samir Banjai,1999-05-31
609651,Alexandros Tereziou,2000-03-01
612697,Yavuz Alemdar,1999-04-01
614811,Joe White,2002-10-01
620076,Cenk Sen,2000-10-02
623491,Dogukan Nelik,2000-12-05
624258,Conor Bradley,2003-07-09
624883,Amilcar Djau Codjovi,2002-02-22
627163,Mounaïm El Idrissy,1999-02-10
629588,Nathan Ngoumou,2000-03-14
633621,Michael Craig,2003-04-16
633652,Calvin Ramsay,2003-07-31
637273,Mohammed Kamara,1997-10-31
646677,Riccieli,1998-09-17
657430,Samú Costa,2000-11-27
667007,Mees Rijks,2003-03-08
670883,Dane Scarlett,2004-03-24
693906,Abdoulie Sanyang,1999-05-08
694077,Alexander Petraeus,2002-06-29
703775,Chiel Olde Keizer,2003-03-17
703778,Timo Jansink,2003-03-16
707164,Harvey Blair,2003-09-14
708410,Ege Bilsel,2004-01-04
711628,Pablo Pérez,2001-08-18
742719,Sep van der Heijden,2004-08-29
749552,Alieu Fadera,2001-11-03
766552,Alberto Flores,2003-11-10
774555,Igor Guk,2002-06-11
794617,Yan Kostenko,2003-07-04
819881,Patryk Walicki,2003-05-29
845568,Marko Milovanovic,2003-08-04
869930,Bahadir Gölgeli,2003-07-01
874709,Eray Akar,2003-05-13
892057,Gabriel Nazário,2002-04-06
934034,Dimitrios Metaxas,2003-12-16
1003436,Lucas Ramires,2002-04-27
276,Sladan Peric,1982-04-15
837,Thorben Marx,
1257,Michael Ratajczak,1982-04-16
3205,David Bentley,1984-08-27
13315,Nicky Hayen,1980-08-16
13640,Kelvin Davis,1976-09-29
15747,Sergei Pareiko,1977-01-31
15907,Andrey Karyaka,1978-04-01
17025,Marvin Matip,1985-09-25
19693,Boban Bajkovic,1985-03-15
22474,Martin Örnskov,1985-10-10
23592,Martin Vingaard,1985-03-20
26194,David Vandenbroeck,1985-07-12
27349,Muriel,1987-02-14
32217,Mike Pollitt,1972-02-29
35546,Rafita,1982-08-18
35571,José Enrique,1986-01-23
35607,Armend Dallku,1983-06-16
39556,Ashour El Teki,1980-11-28
41511,Denni Avdic,1988-09-05
44834,Andrea Poli,1989-09-29
47587,Tony Jantschke,1990-04-07
48491,Evgeniy Balyajkin,1988-05-19
48534,Aleksandr Shulenin,1979-10-31
49385,Adem Güven,1985-10-11
51277,Ismail Ediev,1988-02-16
52111,Jay Spearing,1988-11-25
52570,Fraser Forster,1988-03-17
57135,Claude Dielna,1987-12-14
58995,Anthony Jung,1991-11-03
62064,Tom Hiariej,1988-07-25
63846,Anele Ngcongca,1987-10-21
67832,Myroslav Slavov,1990-09-08
70484,Maicón,1990-02-18
70870,Miguel Dachelet,1988-01-16
77362,Ozan Ipek,1986-10-10
80435,Korey Smith,1991-01-31
81789,Maya Yoshida,1988-08-24
82097,Christoph Kramer,1991-02-19
82505,Dario Vujicevic,1990-04-01
92469,Matt Ritchie,1989-09-10
93664,Abdelaziz Barrada,1989-06-19
93853,Martin Kobylanski,1994-03-08
94293,Erik Marxen,1990-12-02
95377,Tom Pettersson,1990-03-25
95603,Jason Bourdouxhe,1991-04-11
95810,Kieran Trippier,1990-09-19
105379,Danilo Bueno,1983-12-07
106605,Mostafa Shebeita,1987-05-10
114397,Metin Imece,1988-03-22
122721,Nico Yennaris,1993-05-24
124002,Biagio Meccariello,1991-03-27
124901,Benjamin Leroy,1989-04-07
125751,Herolind Shala,1992-02-01
125920,Yakup Zorlu,1991-03-26
126413,Jerson Cabral,1991-01-03
126888,Ramazan Cevik,1992-04-01
136642,Spyros Fourlanos,1993-11-19
156939,Ben Heneghan,1993-09-19
160837,Vasilios Rentzas,1992-04-16
161544,Pascal Itter,1995-04-03
168678,Marvin Schulz,1995-01-15
170562,Konstantin Bazelyuk,1993-04-12
171147,Kenneth Houdret,1993-08-09
178019,Abdoulaye Keita,1994-01-05
182579,Karim Rekik,1994-12-02
183233,Muhammed Mert,1995-02-09
187496,Maurice Multhaup,1996-12-15
188277,Joel Mero,1995-02-07
191284,Jonas Mendes,1989-11-20
196231,Marvin Friedrich,1995-12-13
196792,Julian Weigl,1995-09-08
197604,Filipe Chaby,1994-01-22
200616,Valentin Cojocaru,1995-10-01
212867,Fran Varela,1994-10-26
213605,Vitinho,1993-10-09
214534,In-sung Kim,1989-09-09
215167,Marco Bleve,1995-10-18
226975,Omar Rowe,1994-10-30
230485,Modesto,1994-06-14
239099,Pietro Ceccaroni,1995-12-21
240129,Tommaso Biasci,1994-11-10
241686,Oleksandr Lebedenko,1989-08-13
242235,Elia Bruzzi,1995-04-08
243841,Mykhaylo Sergiychuk,1991-07-29
246963,Carlton Morris,1995-12-16
250073,Luka Zarandia,1996-02-17
250478,Matt Targett,1995-09-18
254934,Jamilu Collins,1994-08-05
258272,Konstantinos Korkontzelos,1992-12-12
260673,Roman Kuzovkin,1994-10-19
267036,Okan Yalcinkaya,1994-02-11
272642,Allan Saint-Maximin,1997-03-12
273812,Francis Koné,1990-11-22
278332,Florian Neuhaus,1997-03-16
282785,Sergey Garanzha,1995-01-14
285862,Nikita Kalugin,1998-03-12
287247,Krystian Bielik,1998-01-04
288449,Django Warmerdam,1995-09-02
290555,Nikolai Laursen,1998-02-19
291612,Mikkel Frankoch,1996-01-14
313168,Stavros Mitkas,1996-01-01
314862,Bobby Allain,1991-11-28
317806,Cyriel Dessers,1994-12-08
318528,Marcus Thuram,1997-08-06
320421,Kolbeinn Finnsson,1999-08-25
225339,Queensy Menig,1995-08-19
244261,Calvin Miller,1998-01-09
258987,Carl Starfelt,1995-06-01
262545,Connor Randall,1995-10-21
287051,Alex Iacovitti,1997-09-02
290349,Ben Frempah,1995-04-03
307939,Alexander Schmidt,1998-01-19
308356,Michaël Maria,1995-01-31
328959,Jeroen van der Lely,1996-03-22
346175,Jack Ruddy,1997-12-27
369424,Oli Shaw,1998-03-12
374698,Guy Smit,1996-01-19
376684,Gatoch Panom,1994-06-12
388636,Vincent Schmidt,1996-01-10
392331,Alessandro D'Andrea,2000-03-22
401923,Victor Osimhen,1998-12-29
406632,Cas Odenthal,2000-09-26
430475,Issam El Maach,2000-02-01
503782,Ben Paton,2000-05-05
536533,Scott Robertson,2001-07-27
565424,Johan Bakayoko,2003-04-20
582131,Denilho Cleonise,2001-12-08
590302,Kiko Bondoso,1995-11-17
622480,Alikadi Saidov,1999-04-02
654919,Kjell Peersman,2004-05-21
670119,Victor Loturi,2001-05-21
670882,Jamie Bynoe-Gittens,2004-08-08
692381,Ben Williamson,2003-03-17
735822,Hugo Oliveira,2002-02-10
739252,David Martins,2000-06-10
2150,Oliver Kirch,1982-08-21
4338,Wilfred Bouma,1978-06-15
4391,Boy Waterman,1984-01-24
7782,Duda,1980-06-27
13942,Colin McMenamin,1981-02-12
27700,Keith Watson,1989-11-14
37525,Rasmus Hansen,1986-04-12
40023,Jonas Brix-Damborg,1986-04-17
44471,Sören Rieks,1987-04-07
54651,Mihael Kovacevic,1988-03-06
55758,Geert Arend Roorda,1988-03-02
58030,Christoph Hemlein,1990-12-16
58188,Steven Mouyokolo,1987-01-24
83253,Reagy Ofosu,1991-09-20
83944,Gianluca Maria,1992-06-28
111426,Benjamin Siegrist,1992-01-31
117484,Julian von Haacke,1994-02-14
129103,Serder Serderov,1994-03-10
131327,Jozo Simunovic,1994-08-04
146693,Alexander Brunst,1995-07-07
147886,Paul George,1994-01-27
148358,Oliver Korch,1994-06-18
180317,Tony Dingwall,1994-07-25
185465,Darren Holden,1993-08-27
189525,Roberto Chen,1994-05-24
197143,Kyle MacLeod,1995-06-07
201576,Jordy Hiwula,1994-09-21
205128,Mattijs Branderhorst,1993-12-31
213035,Amadou Moutari,1994-01-19
223977,Igor Julião,1994-08-23
226935,Jim Fenlon,1994-03-03
240414,Alex Meret,1997-03-22
242063,Vaclav Cerny,1997-10-17
251295,Dzenis Burnic,1998-05-22
274737,Juan Lescano,1992-10-29
286276,Alfredo Bifulco,1997-01-19
323874,Evander,1998-06-09
324366,Myles Beerman,1999-03-13
324503,Vangelis Pavlidis,1998-11-21
324811,Arnaud Nordin,1998-06-17
324819,Maxime Bernauer,1998-07-01
325221,Igor Zhurakhovskyi,1994-09-19
325429,Maksym Zaderaka,1994-09-07
326230,Ryan Hedges,1995-07-08
329629,Mateo Barac,1994-07-20
330871,Muhammed Sengezer,1997-01-05
331282,Rubio Rubín,1996-03-01
331401,Manuel Lazzari,1993-11-29
331574,Valentin Baume,1997-01-25
331836,George Hunter,1996-08-03
331838,Lorenzo Polvani,1994-07-26
332527,Sveinn Aron Gudjohnsen,1998-05-12
332745,Anastasios Daskalakis,1995-05-06
332798,Roland Sallai,1997-05-22
333161,Kemal Ademi,1996-01-23
333166,Ronan,1995-04-22
333383,Bonke Innocent,1996-01-20
334222,Lucas Boyé,1996-02-28
334804,Kenny Dougall,1993-05-07
335191,Valeriane Gvilia,1994-05-24
335216,Iñigo Vicente,1998-01-06
335479,Maurice Covic,1998-04-17
336747,Jorge Pombo,1994-02-22
337243,Orestis Kiomourtzoglou,1998-05-07
338651,Gaëtan Coucke,1998-11-03
339314,Deniz Undav,1996-07-19
339332,Noa Lang,1999-06-17
339556,Rico Henry,1997-07-08
339584,Robert Mudrazija,1997-05-05
339866,Vincenzo Silvestro,1998-07-31
339982,Bright Gyamfi,1996-01-20
340177,Thibault De Smet,1998-06-05
340265,Giacomo Volpe,1996-01-16
340459,Dani de Wit,1998-01-28
340914,Júlio Neiva,1996-03-28
340994,Samuel Owusu,1996-03-28
341264,Fran García,1999-08-14
341432,Lex van Dijk,1996-05-30
341434,Julian Calor,1997-01-27
341447,Michael Fabrie,1997-11-11
341993,Elliott Moore,1997-03-16
342046,Axel Tuanzebe,1997-11-14
342253,Theodoros Mingos,1998-02-06
342383,Cyriack Garel,1996-07-13
342405,Mattias Svanberg,1999-01-05
342971,Hüseyin Bulut,1999-03-29
343120,Michalis Bastakos,1996-07-27
343870,Dmitriy Pletnev,1998-01-16
343957,Dominik Dinga,1998-04-07
343959,Erhan Masovic,1998-11-22
344151,Bilal Boutobba,1998-08-29
344381,Christopher Nkunku,1997-11-14
344864,Jean-Kévin Duverne,1997-07-12
345251,Connor Johnson,1998-03-10
345584,Julius Eskesen,1999-03-16
345593,Sebastian Buch,1999-01-28
345763,Duckens Nazon,1994-04-07
345780,Lukas Mai,2000-03-31
346549,Dawid Kurminowski,1999-02-24
347609,Ilias Kalfountzos,1998-05-17
347804,Andriy Korobenko,1997-05-28
348261,Iago Maidana,1996-02-06
349909,Ivan Enin,1994-02-06
349944,Sérgio Conceição,1996-11-12
350073,Artur Taborda,1996-07-12
351729,Valeriy Gromyko,1997-01-23
351735,Roman Yuzepchuk,1997-07-24
352425,Witi,1996-08-26
352658,Mahsun Capkan,1999-10-08
353108,Bruno Henrique,1990-12-30
353148,Anthony Swolfs,1997-11-25
354040,Ablaye Mbengue,1992-05-19
354134,Joe Powell,1998-10-30
355368,Djibril Dianessy,1996-03-29
355497,Yoshi Verbrugge,1995-06-07
357164,Rafael Leão,1999-06-10
357176,Alessandro Tripaldelli,1999-02-09
357190,Omiros Syrengelas,1997-07-04
357453,Gavin Vlijter,1997-02-12
358512,Ibrahima Conté,1996-04-03
361121,Kees de Boer,2000-05-13
362570,Andrey Mostovoy,1997-11-05
363222,Neil McLaughlin,1998-11-06
364403,Rui Gomes,1997-09-04
364406,João Gamboa,1996-08-31
364938,Fredrik Björkan,1998-08-21
365032,Greg Hurst,1997-04-08
365172,Patson Daka,1998-10-09
366931,Pau Martínez,2000-11-10
366937,Pavol Safranko,1994-11-16
367981,Max Svensson,1998-06-19
368482,Riccardo Orsolini,1997-01-24
368611,Mykola Shaparenko,1998-10-04
368612,Merveille Bokadi,1996-05-21
369154,Ilya Shestipalov,1996-06-02
371089,Alex Coppola,1997-03-30
371150,Loïc Bessilé,1999-02-19
371927,Caíque Lemes,1993-07-12
371967,Wesley Gasolina,2000-03-13
372478,André Pedrosa,1997-04-12
373044,Maksym Kazakov,1996-02-06
375667,Daniil Utkin,1999-10-12
376441,Allano,1995-04-24
376445,Mario Cuze,1999-04-24
377043,Loris Zonta,1997-05-22
377387,Sergio Córdova,1997-08-09
378293,Yangel Herrera,1998-01-07
379747,Roger,1998-09-07
380026,Justin Amaluzor,1996-10-17
380118,Ozan Kökcü,1998-08-18
381284,Luca Borrelli,1998-07-08
383372,Aristote Nkaka,1996-03-27
383623,Ilya Kornev,1996-11-01
384593,Alexis Claude-Maurice,1998-06-06
384859,Fabien Centonze,1996-01-16
385271,Allan,1997-03-03
385839,Jordan Renson,1996-05-14
386053,Erwan Maury,1996-06-16
386155,Kubilay Akyüz,1995-02-22
386553,Côme Casanova,1998-09-15
386846,Cristian Mutton,1999-01-06
388380,Serbay Can,1997-06-10
388465,Louka Prip,1997-06-29
389479,Robert Mutzers,1993-04-06
391376,Lamine Fomba,1998-01-26
392124,Daniel Klein,2001-03-13
392163,Noah Weißhaupt,2001-09-20
392538,Tommaso Pobega,1999-07-15
392680,Ilya Zakharov,1996-08-07
392762,Austin Samuels,2000-11-20
392763,Ian Poveda,2000-02-09
392768,Callum Hudson-Odoi,2000-11-07
393010,Marten Schevenels,1999-08-25
393637,Riccardo Santovito,1999-10-06
394875,Federico Chiossi,1999-03-12
395251,Sébastien Cibois,1998-03-02
395516,Moussa Diaby,1999-07-07
396101,Alessandro Marongiu,1999-01-28
396681,Roberto Biancu,2000-01-19
397696,Ahmet Gürleyen,1999-04-26
398726,Ilya Stefanovich,1996-06-23
399448,Danny Jardine,1998-01-17
400544,Benjamin Hvidt,2000-03-12
401578,Exequiel Palacios,1998-10-05
401931,Jô,1995-05-01
402004,Mamadou Fofana,1998-01-21
402884,Nicolas Gerits,1995-08-02
403315,Claudinho,1997-01-28
403690,Japhet Sery Larsen,2000-04-10
403839,Maecky Ngombo,1995-03-31
404260,Aleksa Terzić,1999-08-17
404842,Vitaliy Mykolenko,1999-05-29
404846,Sergiy Buletsa,1999-02-16
405042,Yaroslav Dovgyi,1998-02-20
405568,Maurice Malone,2000-08-17
405621,Semen Klyuchyk,1997-12-23
406008,Yan Valery,1999-02-22
406040,Ademola Lookman,1997-10-20
406640,Felix Nmecha,2000-10-10
406924,Bassala Sambou,1997-10-15
407265,Luca Zanimacchia,1998-07-19
408563,Jerome Opoku,1998-10-14
409116,Ruggero Mannes,1998-03-15
409841,Vladimir Van De Wiel,2000-04-12
410281,Renato Pantalon,1997-10-27
410285,Erdon Daci,1998-07-04
410565,Serdarcan Eralp,1997-04-03
411211,Niccolò Ricchi,2000-12-10
412940,Remco Balk,2001-03-02
413494,Elton N'Gwatala,1993-05-23
413507,Nikola Milenković,1997-10-12
414680,Erol Can Akdag,1996-08-18
416462,Amadu Jalloh,2000-10-02
416484,Dimitrios Meliopoulos,2000-03-22
416705,Dmitri Merenchukov,1999-03-03
419062,Klim Prykhodko,2000-02-09
420782,Yanis Ammour,1999-05-21
420890,Dimitri Lavalée,1997-01-13
420921,Vasilios Chatziemmanouil,1999-08-09
421119,Patroklos Krotsidas,1994-05-24
421778,Damiano Franco,2002-02-22
421780,Edoardo Vergani,2001-02-06
422380,Bernard Tekpetey,1997-09-03
422539,Fabio Porru,2000-01-03
423604,Francis Amuzu,1999-08-23
423740,Anthony McDonald,2001-03-17
424017,Jamie Walker,2001-02-21
424072,Mathias Pereira Lage,1996-11-30
426685,Tim Schreiber,2002-04-24
426849,Jari De Busser,1999-10-21
427511,Marko Savatovic,1998-01-05
428745,Ronald Hernández,1997-09-21
429318,Sergej Grubac,2000-05-29
429563,Patrik Gunnarsson,2000-11-15
432089,Emmanuel Gyabuaa,2001-09-21
433976,Tudor Baluta,1999-03-27
434673,Gaétan Bosiers,1999-02-25
435485,Luiz Araújo,1996-06-02
435500,Sergio González,1997-05-14
436419,Maxim Nys,1996-10-28
436912,Casper Gandrup,1999-08-12
439465,Gaizka Larrazabal,1997-12-17
440163,Miguel Mellado,1993-03-18
440869,Alberto Reinaudo,1998-03-22
441286,Panagiotis Stathakis,1997-07-23
443363,Okan Erdogan,1998-09-29
446491,Daan Heymans,1999-06-15
447052,Peru Nolaskoain,1998-10-25
447066,Ewan Henderson,2000-03-27
447896,Ruwen Werthmüller,2001-01-28
448470,André Franco,1998-04-12
448696,Michael Lansing,1994-06-13
448867,Maksym Lopyryonok,1995-04-13
448880,Erving Botaka,1998-10-05
448983,Yuriy Gorshkov,1999-03-13
449084,Oleg Bilyk,1998-01-11
449377,Egor Shamov,1994-06-02
450195,Amar Catic,1999-01-21
450838,Matthew Henvey,2000-01-04
451282,Tamás Kiss,2000-11-24
451848,Geoffrey Acheampong,1997-01-28
452019,Harry Smith,1995-05-18
454576,Robert Bozenik,1999-11-18
454888,Igor Savic,2000-10-08
455349,Jon Morcillo,1998-09-15
455945,Adílio Santos,1993-07-05
457583,Dimitri Swisch,
457675,Leonardo Ubaldi,1999-07-09
457773,Abdallah Basit,1999-10-15
458581,Oliver Pain,1997-10-28
458586,Endika Irigoyen,1997-01-25
459100,Mattia Petricca,2001-02-17
459248,Denis Portanova,2001-06-20
459697,Niccolò Chiorra,2001-03-16
459965,Kubilay Köylü,1999-05-04
460663,Kerim Can Güzeldal,1998-05-25
461833,Caleb Okoli,2001-07-13
461836,Manuel Galán,1998-06-06
461906,João Moutinho,1998-01-12
462087,Arjen van der Heide,2001-11-19
462251,Jorge Silva,1999-02-04
462830,Christoffer Petersen,2001-01-13
462977,Benjamín Garré,2000-07-11
468253,Éverson Bispo,1997-07-24
468661,Lucas Triki,1998-05-06
470393,Twan van der Zeeuw,2002-09-21
470618,Denis Genreau,1999-05-21
470739,Erol Hakan Sepil,1999-03-15
471474,Javi Martínez,1999-12-22
474621,Juan Valencia,1998-06-20
474838,Brian Plat,2000-04-05
475792,Frederik Mortensen,1998-10-30
476527,Kenny Rocha Santos,2000-01-03
477460,Warleson,1996-08-31
478940,Reggie Cannon,1998-06-11
480116,Lloyd Kelly,1998-10-06
481084,Marcos André,1996-10-20
481677,Apostolos Martinis,2001-01-08
482769,Alexis Trouillet,2000-12-23
489893,Yuri Alberto,2001-03-18
492313,Rodrigo Guth,2000-11-10
494237,Wilson Isidor,2000-08-27
494353,Kamil Zakirov,1998-11-15
494880,Jorge Cuenca,1999-11-17
499721,Wendel,1997-08-28
500419,Mattia Novella,2001-01-25
501418,Adrià Pedrosa,1998-05-13
501737,Leo Kokubo,2001-01-23
501769,Kirill Shchetinin,2002-01-17
502289,Dylan Mbayo,2001-10-11
502298,Thomas Van den Keybus,2001-04-25
502302,Yari Verschaeren,2001-07-12
503639,Vladislav Galkin,2002-04-03
503883,Senne Lammens,2002-07-07
509124,Thomas Demol,1998-05-11
512127,Fabrício Isidoro,1992-01-28
514891,Mads Frederiksen,2002-03-07
514893,Anders Dahl,2002-05-01
517894,Matheus Cunha,1999-05-27
518021,Jack Hamilton,2000-06-30
518943,Ahmed Yasser Rayan,1998-01-24
519869,Mehdi Loune,2004-05-14
520581,Cammy Breadner,2000-10-13
520757,José Hualde,1998-04-28
520947,Santiago Arzamendia,1998-05-05
522669,Georgios Manousakis,1998-04-10
522681,Ben Lhassine Kone,2000-03-14
523972,Sergio López,1999-04-08
525209,Andriy Novikov,1999-04-20
526167,Thomas Rohde,1999-11-19
526641,Jelle De Schoenmaeker,1999-03-23
527192,Felipe Vieira,1999-05-04
527211,Kyle McClelland,2002-02-10
528423,Catriel Sánchez,1998-07-17
530902,Abdoulaye Touré,2000-10-14
530916,Jack Spong,2002-02-04
533147,Ortwin Helderwert,1983-04-20
534174,Samuele Vianni,2001-07-05
536501,Hugo Hagège,1999-11-12
536508,Han-Noah Massengo,2001-07-07
536512,Lovro Grajfoner,2000-01-25
537469,Dimitrios Fytopoulos,2000-02-11
537854,Artem Bondarenko,2000-08-21
537955,Georgios Fekkas,2001-05-24
538063,Lucas Felippe,2000-05-03
538864,Samed Onur,2002-07-15
538874,Terem Moffi,1999-05-25
539087,Mitchell Whalley,1999-02-05
539220,Angelo Ndrecka,2001-09-24
539252,Costinha,2000-03-26
540186,Daniil Kondrakov,1998-01-19
540641,Davy Rouyard,1999-08-17
541022,Dario Oger,2002-05-28
541232,Caio Vinicius Pirana,1999-05-08
541628,Oliver Sonne,2000-11-10
548186,Adrián Quintela,2001-03-11
548348,Kiliann Sildillia,2002-05-16
548618,Adrián Tellado,1999-02-05
548934,Hugo Wentges,2002-02-11
549039,Matous Trmal,1998-10-02
549318,Yannis Clementia,1997-07-05
549983,Aleksey Kenyaykin,1998-08-23
550179,João Carlos,1995-03-01
550862,Haithem Loucif,1996-07-08
553913,Fallou Njie,1999-01-05
554040,Aloísio Neto,1997-08-16
554403,Christos Belevonis,2002-07-29
556385,Destiny Udogie,2002-11-28
562553,Jon Gallagher,1996-02-23
563095,Adrián Jusino,1992-07-09
563956,Osman Sahin,1998-01-13
567217,Ebrima Colley,2000-02-01
567444,Emanuel Ercolano,2002-10-15
568177,Cole Palmer,2002-05-06
568559,Radu Dragusin,2002-02-03
569663,Mathias Kvistgaarden,2002-04-15
572097,Nadrey Dago,1997-05-07
572879,Stavros Pilios,2000-12-10
573979,Tòfol Montiel,2000-04-11
575410,Artem Privalov,2001-02-19
575610,Thibault Klidjé,2001-07-10
576027,Elías Pereyra,1999-02-15
578391,Rayan Aït-Nouri,2001-06-06
579084,Fabio Ferraro,2002-09-03
579809,Daniel Obbekjaer,2002-07-16
581294,Daniel Pérez,2002-01-17
582343,Evgeniy Cherkes,2001-06-23
582717,David Ramos,1997-08-19
583404,Marcus Pedersen,2000-07-16
586429,Ryan Flamingo,2002-12-31
586559,Dimitrios Theodoropoulos,1998-05-09
586746,Marios Vichos,2000-01-14
587107,Miguel Sousa,1998-09-19
587960,Dmitriy Popovich,1994-01-14
591878,Devin Remie,2003-03-13
592387,Sebastian Sebulonsen,2000-01-27
592403,Adem Zorgane,2000-01-06
592498,Tiago Manso,1999-12-13
594993,Ouparine Djoco,1998-04-22
594997,Yohann Magnin,1997-06-21
595940,Zico Buurmeester,2002-06-07
595942,Aaron Menelik,2002-03-14
596094,Charilaos Fourkiotis,2001-03-04
596096,Lefteris Bamis,1999-11-29
596446,Leif Davis,1999-12-31
596522,Aykhan Guseynov,1999-09-03
598479,Yan Gudkov,2002-03-05
598979,Andrey Vlasov,1999-03-24
599592,Euan Deveney,2002-11-16
599999,Bogdan Stepantsov,2000-02-03
601883,Matheus Nunes,1998-08-27
603416,Jasurbek Jaloliddinov,2002-05-15
604008,Emam Ashour,1998-02-20
604323,Nemanja Motika,2003-03-20
605037,Fatih Tultak,2001-02-28
605634,Muhammed Bilal Barman,2000-05-28
606050,Pedro Pelágio,2000-04-21
606079,Joshua Eze,2003-03-20
606277,Ali Eren Yalcin,2001-05-30
606447,Percy Prado,1996-01-14
606716,Pepê,1998-01-06
606718,Toti,1999-01-16
606848,Jonmi Magunagoitia,2000-08-06
610653,Ethan Fitzhugh,2002-11-27
612749,Isaac Price,2003-09-26
613505,Raphael Aflalo,1996-07-08
614082,Liam McCarron,2001-03-07
615355,Erdinc Mergen,2000-03-05
615430,Arda Özcimen,2002-01-08
616344,Tiago Tomás,2002-06-16
616898,Emre Cetinkaya,2000-02-28
617170,Martin Palumbo,2002-03-05
617679,Zé Carlos,1998-07-31
618038,Serano Seymor,2002-01-04
618416,Kenny Nagera,2002-02-21
621150,Daniil Krivoruchko,1998-03-24
621732,Delano Vianello,2002-09-14
622380,Cesare Casadei,2003-01-10
623059,Spyros Skondras,2001-04-06
623095,Lynnt Audoor,2003-10-13
623340,David Bidlovskiy,1999-01-22
624948,Mattie Pollock,2001-09-28
626913,Boulaye Dia,1996-11-16
627661,Timothé Rupil,2003-06-12
628331,Giannis Konstantelias,2003-03-05
629572,Martin Gneba,1999-04-18
631223,Antonio Aranda,2000-10-07
631904,Anselmo García MacNulty,2003-02-19
633645,Matty Connelly,2003-03-02
637117,Altin Kryeziu,2002-01-03
638588,Martín Pascual,1999-08-04
638793,Tajon Buchanan,1999-02-08
639002,Yusuf Talum,2001-12-01
640219,Recep Derin,2001-10-09
644144,Jawad Dramé,2000-05-31
649019,Sambou Sissoko,2000-06-29
650568,António Silva,2003-10-30
651388,Mislav Matic,2000-01-06
652634,Adam Hutchinson,2003-02-15
652638,Darren Watson,2003-08-10
652803,Pierre Dwomoh,2004-06-21
654360,Artur Maksimchuk,2002-01-12
654374,Nurettin Korkmaz,2002-06-27
654408,Lucas Lavallée,2003-02-18
654872,Marcel Wenig,2004-05-04
655006,Diego Moreira,2004-08-06
655207,Laurs Skjellerup,2002-08-12
655463,Antonis Makatounakis,2003-10-18
656108,Jonas Yderholm,2002-09-06
657994,Aaron Rowe,2000-09-07
658612,Dimo Krastev,2003-02-10
661367,Mamadou Diarra,1999-04-18
666211,Denis Popov,2002-08-29
668048,Özkan Yigiter,2000-01-07
668183,Nico Serrano,2003-03-05
668950,Luca Kjerrumgaard,2003-02-09
668951,Matías Soulé,2003-04-15
669380,Konstantinos Koulierakis,2003-11-28
669531,Fotis Kitsos,2003-03-31
670710,André Gomes,2004-10-20
670840,Joe Whitworth,2004-02-29
671801,Mathiola,1997-08-14
672536,Layton Bisland,2004-02-02
672539,Finn Robson,2003-07-29
675878,Cristian,1999-12-13
676318,Facundo Pellistri,2001-12-20
676525,Adam Oudjani,2001-08-29
678672,Philip Österbaek,2003-03-03
684699,Göktan Cörüt,2000-06-19
688560,Nick McAllister,2001-01-17
688673,Darragh O'Connor,1999-08-05
695310,Maksym Bragaru,2002-07-21
695422,Théo De Percin,2001-02-02
695769,Niklo Dailly,2001-11-06
696265,Marwin Ailiesei,2003-08-10
697716,Serginho Andrade,2001-01-29
699783,Raphael Onyedika,2001-04-19
700365,Sinan Ayhan,2002-03-25
700933,Derik Lacerda,1999-09-27
701842,Nicolò Cavuoti,2003-04-04
705557,Yasir Karabay,1999-01-26
706037,Wim Vanmarsenille,2002-07-31
707915,Erkam Kömür,2002-07-15
708240,Eduard Kozik,2003-04-19
708678,Isaak Touré,2003-03-28
708681,Salim Ben Seghir,2003-02-24
709579,Mario Perrone,2003-02-06
710004,Peter González,2002-07-25
711907,Rim Egofarov,2003-06-27
713644,Bryan Zaragoza,2001-09-09
715628,Damián Rodríguez,2003-03-17
715650,Mamor Niang,2002-02-04
718027,Hugo Pérez,2002-12-16
718409,Vladyslav Pogorilyi,2003-09-03
719384,Brian Agbor,2001-06-14
719455,Calvin Dekuyper,2000-02-24
720936,Kirill Zinovich,2003-03-05
723621,Denys Kuzyk,2002-09-18
723733,Bernardo Folha,2002-03-23
726034,Nazar Voloshyn,2003-06-17
726036,Artur Mykytyshyn,2003-07-14
726453,Georgios Prountzos,2003-08-18
727136,Ivi López,1998-08-08
728311,Edmilson Correia,2000-06-06
735354,Alexios Kalogeropoulos,2004-07-26
739315,Nicolás Fernández Mercau,2000-01-11
739769,Ilan Kebbal,1998-07-10
740159,David Sousa,2001-07-04
740514,Baran Basyigit,2003-02-17
742095,Gabriel Pereira,2000-05-07
742746,Caleb Chukwuemeka,2002-01-25
744172,Berat Kalkan,2003-03-02
747205,Sergey Chibisov,2000-03-01
748838,Yuriy Tlumak,2002-07-11
755173,Vitaliy Silchenko,1999-09-09
764683,Charly Jan,1999-05-27
773276,Roberto Hinojosa,1999-07-02
774552,Denys Slyusar,2002-05-27
775535,Ishaq Abdulrazak,2002-05-05
776033,Andriy Kitela,2004-12-13
782889,Tom Moustier,2002-05-02
784717,Fran González,1998-08-13
787300,Rinat Mamedov,2003-04-04
790245,Henrik Heggheim,2001-04-22
792331,Roony Bardghji,2005-11-15
794159,Aske Andrésen,2005-07-12
796490,Pascal Kuiper,2004-03-17
798404,Alidu Seidu,2000-06-04
798717,William Simba,2001-03-26
799565,Joachim Nielsen,2003-09-17
800010,Jeppe Grön,2003-04-28
800272,Boubakar Camara,2001-03-27
804548,Baptiste Mouazan,2001-09-27
804711,Ousmane Camara,2003-03-06
804934,Wilitty Younoussa,2001-09-09
805476,Paolo Sciortino,2003-11-05
806501,Souleymane Cissé,2002-08-08
808646,Raphaël Eyongo,2003-05-21
812659,Muhammed Eren Arikan,2005-01-29
813109,Bruno Marques,1999-02-22
813121,Mateusão,2002-05-02
815941,Tommaso De Lorenzo,2004-01-12
816143,Robson Reis,2000-05-21
816580,Tiago Santos,2002-07-23
817885,Oleg Osypenko,2001-10-10
818237,Tommi O'Reilly,2003-12-15
818878,Wisdom Amey,2005-08-11
821535,Artur Remenyak,2000-08-09
825449,Vyacheslav Borysenko,2002-03-24
830081,Nikita Fursenko,2002-10-01
833483,Ivan Gura,1998-03-28
842465,Deniz Dilmen,2005-06-05
844373,Borys Krushynskyi,2002-05-10
851990,Jack Sanders,1999-03-18
858650,El Mami Tetah,2001-11-12
859105,Serkan Kenter,1999-04-22
870187,Rafa,2003-09-28
876710,Musa Koc,2004-09-07
882227,Mykyta Kozytskyi,2002-01-26
888694,Álvaro Aguirre,2000-02-03
889241,Metehan Mollaoglu,2003-01-25
891998,Antoine Mendy,2004-05-27
895402,Mohamed Berte,2002-03-25
900166,Joselu Friaza,2002-02-15
905279,Oscar MacIntyre,2004-07-23
906004,Craig Moore,2005-09-21
911400,Egas Cacintura,1997-10-29
911644,Ilya Olkhovyi,2003-05-30
915849,Yanis Massolin,2002-09-20
917104,Derek Mazou-Sacko,2004-10-06
923694,Luke Rathie,2005-03-19
924858,Dylan Lobban,2005-08-26
926766,Johaneko Louis-Jean,2004-06-28
929573,Joel Silva,2003-02-11
930106,Volodymyr Salyuk,2002-06-25
939964,Jean-Mattéo Bahoya,2005-05-07
944124,Lass Sangaré,2001-11-20
946883,Iván Fresneda,2004-09-28
951439,Maksym Smiyan,2002-04-11
951579,Saël Kumbedi,2005-03-26
959398,Sergiy Davydov,2003-09-26
973311,Hijran Ali Boyaci,2005-01-11
978659,Bogdan Khoma,2003-04-02
670,Martin Petrov,1979-01-15
1116,Thomas Kleine,1977-12-28
1716,David Odonkor,1984-02-21
2712,Nando Rafael,1984-01-10
2857,Eldin Jakupovic,1984-10-02
3098,Olof Mellberg,1977-09-03
3159,Valerio Di Cesare,1983-05-23
3172,Quique de Lucas,1978-08-17
3220,John Arne Riise,1980-09-24
3354,Jonathan Blondel,1984-04-03
3467,Shaun Wright-Phillips,1981-10-25
3480,Hugo Viana,1983-01-15
3753,Georgios Theodoridis,1980-07-03
3755,Óscar Ustari,1986-07-03
3807,Richard Dunne,1979-09-21
3816,Sofian Chahed,1983-04-18
3878,Michael Carrick,1981-07-28
4095,Matthew Kilgallon,1984-01-08
4277,Philippe Senderos,1985-02-14
4315,Johnny Heitinga,1983-11-15
4360,Arjen Robben,1984-01-23
4607,Roel Brouwers,1981-11-28
4693,Wilko de Vogt,1975-09-17
4750,Kenny Miller,1979-12-23
4755,Grégory Vignal,1981-07-19
4829,Rabiu Afolabi,1980-04-18
5303,Souleymane Camara,1982-12-22
5438,Olivier Kapo,1980-09-27
5539,Romain Pitau,1977-08-08
5574,Bartholomew Ogbeche,1984-10-01
5947,Daniele De Rossi,1983-07-24
5948,Damiano Ferronetti,1984-11-01
6234,Amauri,1980-06-03
6237,Stefan Kießling,1984-01-25
6427,Marco Donadel,1983-04-21
6824,Charles Takyi,1984-11-12
6934,Tuncay Sanli,1982-01-16
6994,Adem Kocak,1983-09-01
7043,Semih Sentürk,1983-04-29
7215,Ahmet Sahin,1978-03-22
7288,Diederik Boer,1980-09-24
7319,Egemen Korkmaz,1982-11-03
7444,Bilal Kisa,1983-06-22
7528,Valdo,1981-04-23
7593,Fernando Navarro,1982-06-25
7767,Fernando Torres,1984-03-20
7781,Alexis Ruano,1985-08-04
7980,David Villa,1981-12-03
8399,Engin Baytar,1983-07-11
8552,Arouna Koné,1983-11-11
8733,Javi Martos,1984-01-04
8883,Emmanuel Adebayor,1984-02-26
9775,Oleksandr Shovkovskyi,1975-01-02
9779,Vitaliy Reva,1974-11-19
10267,Jeffrey Rentmeister,1984-07-11
12064,Igor Skoba,1982-05-21
12096,Franck Béria,1983-05-23
12351,Hassan Yebda,1984-05-14
12628,Noel Hunt,1982-12-26
12804,Barry Robson,1978-11-07
12814,Julián Speroni,1979-05-18
12840,Steven Milne,1980-05-05
12883,Alexandros Tziolis,1985-02-13
12974,Killian Overmeire,1985-12-06
13110,Nicolas Timmermans,1982-11-04
13239,Darren Bent,1984-02-06
13412,Grant Holt,1981-04-12
13426,Nicky Shorey,1981-02-19
13849,Anestis Agritis,1981-04-16
13905,Edwin Ouon,1981-01-26
13979,Ashkan Dejagah,1986-07-05
14192,Eliseu,1983-10-01
14282,Danielson,1981-01-09
14934,Mariusz Lewandowski,1979-05-18
14942,Darijo Srna,1982-05-01
15112,Igor Semshov,1978-04-06
15131,Michael Silberbauer,1981-07-07
15597,Artur Tlisov,1982-06-10
15808,Romaric,1983-06-04
16660,Alex Baptiste,1986-01-31
18324,Zoltán Gera,1979-04-22
18860,Franck Dja Djédjé,1986-06-02
18878,Tony,1980-12-20
18918,Per Ciljan Skjelbred,1987-06-16
18935,Samir Nasri,1987-06-26
19085,Marouane Chamakh,1984-01-10
19108,Nadson,1984-10-18
19363,Xavier Chen,1983-10-05
19402,Ahmed Ammi,1981-01-19
19442,Andrea Lazzari,1984-12-03
19721,Goran Popov,1984-10-02
19940,Leandro Álvarez,1981-06-04
20052,Júlio Sérgio,1978-11-08
20351,Sanharib Malki,1984-03-01
20848,Nicolai Högh,1983-11-09
21327,Ron-Robert Zieler,1989-02-12
21338,Sölvi Ottesen,1984-02-18
21522,Mustafa Sarp,1980-11-05
21703,Scott Brown,1985-04-26
22068,Franck Ribéry,1983-04-07
22102,Paolo Bianco,1977-08-20
22609,Scott Boyd,1986-06-04
22627,Franck Berrier,1984-02-02
22673,Emil Hallfredsson,1984-06-29
22723,Nuno Piloto,1982-03-19
22724,Vasco Faísca,1980-08-27
22741,Morten Gamst Pedersen,1981-09-08
22881,Steffen Kielstrup,1984-10-18
22931,Kris Stadsgaard,1985-08-01
22969,Gabi,1983-07-10
23443,Ondrej Mazuch,1989-03-15
23914,Lassana Diarra,1985-03-10
23934,Guillaume Hoarau,1984-03-05
24429,Nikola Mijailovic,1982-02-15
24654,Ilya Maksimov,1987-02-02
24670,Nikola Ignjatijevic,1983-12-12
24913,Christos Koutsospyros,1981-10-14
24951,Hélder Sousa,1977-10-13
25389,Martin Woods,1986-01-01
25461,Javier Flaño,1984-08-19
25617,Danijel Pranjic,1981-12-02
25850,Andriy Dykan,1977-07-16
25891,Anatoliy Didenko,1982-06-09
26263,Maxi López,1984-04-03
26348,Leonid Kovel,1986-07-29
26574,Masoud Shojaei,1984-06-09
26898,Roman Bednar,1983-03-26
27172,Pavlo Kutas,1982-09-03
27193,Sergey Omeljanchuk,1980-08-08
27244,Ilias Charalampous,1980-09-25
27292,Daniel Larsson,1987-01-25
27577,Clint Dempsey,1983-03-09
28021,Samir Handanovic,1984-07-14
28481,Avdija Vrsajevic,1986-03-06
28716,Adi Adilovic,1983-02-20
28728,Colin Doyle,1985-06-12
28833,Andrea Coda,1985-04-25
28851,Manuel Coppola,1982-05-11
29039,Paulo Machado,1986-03-31
29051,Manolo Reina,1985-04-01
29377,Ibson,1983-11-07
29594,Graziano Pellè,1985-07-15
30333,Marco Motta,1986-05-14
30654,Adrián Ricchiuti,1978-06-30
30739,Mikel John Obi,1987-04-22
30741,Sepp De Roover,1984-11-12
30929,Gabriel Peñalba,1984-09-23
31025,Dirk Marcellis,1988-04-13
31064,Lionel Cappone,1979-02-08
31514,Markus Suttner,1987-04-16
31645,Anderson,1988-04-13
31868,Ivan Paurevic,1991-07-01
31952,Guillaume Gillet,1984-03-09
32207,Marcel Heller,1986-02-12
33130,Bjorn Ruytinx,1980-08-18
33440,Adrian Cristea,1983-11-30
33709,Onur Kaya,1986-04-20
33791,Mehmet Cakir,1984-01-04
34097,Ronny,1983-02-25
34159,Eduardo,1982-09-19
34193,Christos Aravidis,1987-03-13
34345,Ilyas Zeytullaev,1982-08-13
34602,Aleksandr Salugin,1988-10-23
34730,Cláudio,1977-08-17
34768,Maxime Biset,1986-03-26
35047,Axel Witsel,1989-01-12
35265,Ibrahim Dagasan,1984-06-15
35448,Cezary Wilk,1986-02-12
36139,Dusan Tadić,1988-11-20
36182,Max Kruse,1988-03-19
36787,William Kvist,1985-02-24
37511,Ludovic Genest,1987-09-18
37521,Oleg Samsonov,1987-09-07
37834,Felipe Caicedo,1988-09-05
37950,João Vilela,1985-09-09
38094,Lee Peltier,1986-12-11
38125,Nathan Rutjes,1983-12-01
38163,Christian Bolaños,1984-05-17
38341,Timur Özgöz,1987-05-29
38346,Thorsten Kirschbaum,1987-04-20
38746,Tomas Pekhart,1989-05-26
38810,Denis Tumasyan,1985-04-24
38870,Gordon Schildenfeld,1985-03-18
39152,Radamel Falcao,1986-02-10
39174,Khaled Adénon,1985-07-29
39377,Miles Addison,1989-01-07
39518,Ben Turner,1988-08-21
39724,Mehmet Ekici,1990-03-25
39910,Stéphane Ruffier,1986-09-27
40254,Viktor Faizulin,1986-04-22
40433,Alexis Sánchez,1988-12-19
40795,Rachid Hamdani,1985-04-08
41063,Mustapha Diallo,1986-05-14
41328,Tore Reginiussen,1986-04-10
41361,Tom Söderberg,1987-08-25
41935,Lino Marzorati,1986-10-12
42050,Alparslan Erdem,1988-12-11
42079,Sebastian Mielitz,1989-07-18
42417,Takayuki Morimoto,1988-05-07
43061,Sinan Ören,1987-11-21
43242,Alain Traoré,1988-12-31
43247,Rydell Poepon,1987-08-28
43248,Ludovic Sylvestre,1984-02-05
43310,Danny Grainger,1986-07-28
44062,Antonio Adán,1987-05-13
44294,Romano Perticone,1986-08-13
44327,Andrea Ranocchia,1988-02-16
44332,Alexandru Suvorov,1987-02-02
44336,Simon Laner,1984-01-28
44373,Guilherme Siqueira,1986-04-28
44412,Bruno Soriano,1984-06-12
44608,Cem Can,1981-04-01
44832,Alberto Frison,1988-01-22
44859,Jonathan Vila,1986-03-06
45146,Mario Balotelli,1990-08-12
45237,Julian Palmieri,1986-12-07
45298,Eggert Gunnthór Jónsson,1988-08-18
45299,Alan Lithgow,1988-03-12
45327,Ismael Sosa,1987-01-18
45331,Brian Easton,1988-03-05
45511,Mitchell Donald,1988-12-10
45538,Jan-Arie van der Heijden,1988-03-03
45611,Leigh Griffiths,1990-08-20
45698,Andreas Wiegel,1991-07-21
45889,Pereirinha,1988-03-02
45931,Grégory Tadé,1986-09-02
46473,Jakob Johansson,1990-06-21
46791,Bakary Sako,1988-04-26
47005,Agim Ibraimi,1988-08-29
47513,Mato Jajalo,1988-05-25
47517,Elvis Kokalovic,1988-07-17
48424,Ivan Franjic,1987-09-10
48514,Yaroslav Godzyur,1985-03-06
48907,Erik Sviatchenko,1991-10-04
49038,Chigozie Udoji,1986-07-16
49121,Erman Bulucu,1989-03-09
49788,Aleksandr Karapetyan,1987-12-23
49804,Jordan Lotiès,1984-08-05
50200,Kosta Barbarouses,1990-02-19
50286,Jan Koprivec,1988-07-15
51178,Julian Schauerte,1988-04-02
51268,Zaur Sadaev,1989-11-06
51283,Rémi Gomis,1984-02-14
51528,Bruno Saltor,1980-10-01
51574,Mario Martínez,1985-03-25
52477,Sergey Parshivlyuk,1989-03-18
53238,Sergey Krivets,1986-06-08
53408,Fabian Giefer,1990-05-17
53600,Stanislav Namasco,1986-11-10
54031,Anderson Pico,1988-11-04
54310,Boris Rotenberg,1986-05-19
55046,Benjamin Angoua,1986-11-28
55156,Milton Caraglio,1988-12-01
55378,Kayke Rodrigues,1988-04-01
55519,Christoph Moritz,1990-01-27
55573,Craig Reid,1986-02-26
55869,Lautaro Formica,1986-01-27
55879,Adrián Lucero,1984-08-16
55975,Ucha Lobzhanidze,1987-02-23
56066,Enzo Pérez,1986-02-22
56693,Raffaele Bianco,1987-08-25
56807,Kévin Olimpa,1988-03-10
57051,Sebastian Rudy,1990-02-28
57328,Bart van Hintum,1987-01-16
57410,Yann Kermorgant,1981-11-08
57534,Damien Marcq,1988-12-08
57609,Andrey Chukhley,1987-10-02
57631,David Yurchenko,1986-03-27
57825,Jorge Molina,1982-04-22
58267,Castro,1988-04-02
58489,Kyriakos Papadopoulos,1992-02-23
58567,Ercüment Kafkasyali,1985-09-13
58692,Patrick Vouho,1987-06-25
58843,Artem Samsonov,1989-02-06
58993,Junior Hoilett,1990-06-05
59016,David Alaba,1992-06-24
59032,Aleksandar Dragovic,1991-03-06
59277,Dmytro Kozachenko,1982-01-11
59337,Pichu Atienza,1990-01-18
59368,Sandro,1982-12-05
59508,Ricardo Ferreira,1989-12-03
59527,Jon Echaide,1988-01-05
59558,Emilio Nsue,1989-09-30
59938,Elderson,1988-01-20
60312,Joshua John,1988-10-01
60607,Pierrick Valdivia,1988-04-18
60861,Filip Stanisavljevic,1987-05-20
60885,Marco Estrada,1983-05-28
61030,Gregg Wylde,1991-03-23
61258,David Vázquez,1986-03-21
61592,James Tomkins,1989-03-29
61637,Emmanuel Rivière,1990-03-03
61694,Neil Etheridge,1990-02-07
61770,Emanuele Terranova,1987-04-14
61803,Pablo Granoche,1983-09-05
61989,Michael Esser,1987-11-22
62231,Jorge Claros,1986-01-08
62337,Ibrahim Rabiu,1991-03-15
62524,Vladimir Khozin,1989-07-03
63158,Vladislav Ryzhkov,1990-02-28
64248,Florian Trinks,1992-03-11
65236,Walter Fernández,1989-08-14
65297,Danijel Subotic,1989-01-31
65301,Xavi Torres,1986-11-21
66117,Ángel Martínez,1991-05-17
66415,Abdou Traoré,1988-01-17
66550,Ángel Rangel,1982-11-28
66980,Marvin Bartley,1986-07-04
67080,Víctor Laguardia,1989-11-05
67252,Ryan Bennett,1990-03-06
67556,Milan Djuric,1990-05-22
67856,Dejan Radonjic,1990-07-23
67917,Rafael Carioca,1989-06-18
68306,Alberto Paloschi,1990-01-04
68321,Niall McGinn,1987-07-20
68335,Eoin Doyle,1988-03-12
68390,Seamus Coleman,1988-10-11
68418,Anastasios Lagos,1992-04-12
68833,Wallace,1987-12-26
68847,Peter Friis Jensen,1988-05-02
69001,Giedrius Arlauskis,1987-12-01
69374,Adem Ljajić,1991-09-29
69816,Deniz Aslan,1989-02-09
70220,Anton Kochenkov,1987-04-02
70879,Grant Gillespie,1991-07-02
71226,Raffaele De Vita,1987-09-23
71273,Stefan Scepovic,1990-01-10
71420,João Diogo,1988-02-28
71503,Gordon Smith,1991-02-14
71701,Oliver Lund,1990-08-21
72150,Evgeniy Kobozev,1990-01-11
72283,Christopher Oualembo,1987-01-31
72458,Ricardo Laborde,1988-02-16
73480,Aatif Chahechouhe,1986-07-02
73491,Danny Drinkwater,1990-03-05
73731,Silviu Lung Jr.,1989-06-04
73786,Pablo Armero,1986-11-02
74354,Emiliano Alfaro,1988-04-28
74872,Michal Duris,1988-06-01
75554,Magnus Eriksson,1990-04-08
75816,Miroslav Stevanovic,1990-07-29
76077,Ricardo Álvarez,1988-04-12
76273,Manu García,1986-04-26
76597,Joaquín Boghossian,1987-06-19
76852,Renato Santos,1987-01-30
76895,Simone Pasa,1994-01-21
77153,Emmanuel Más,1989-01-15
77329,Will Buckley,1989-11-21
77834,Marvin Martin,1988-01-10
77855,Rodolph Austin,1985-06-01
78506,Diego Polenta,1992-02-06
79723,Sean Morrison,1991-01-08
80036,Thomas Fontaine,1991-05-08
81460,Nolan Roux,1988-03-01
81543,Paul Delecroix,1988-10-14
81588,Nicolas Diguiny,1988-05-31
81698,Georg Teigl,1991-02-09
82610,Mykhaylo Kozak,1991-01-20
83275,Ishak Dogan,1990-08-09
83466,André Almeida,1990-09-10
83696,Georgios Machlelis,1991-05-10
83891,Felipe Seymour,1987-07-23
83910,Kalilou Traoré,1987-09-09
84405,Dion Malone,1989-02-13
85316,Kilian Falcón,1992-09-28
85500,Juan Villar,1988-05-19
85563,Dominic Adiyiah,1989-11-29
85585,John Boye,1987-04-23
85605,Fabrizio Cacciatore,1986-10-08
85901,Alves Da Silva,1983-11-17
85904,Gerrit Nauber,1992-04-13
85949,Igor Shukhovtsev,1971-07-13
86918,Kostadin Gadzhalov,1989-07-20
87142,Mate Vatsadze,1988-12-17
87282,Aleksandar Tonev,1990-02-03
87544,Georgios Moschakis,1989-11-12
88371,Eray Iscan,1991-07-19
88682,Mattia De Sciglio,1992-10-20
88712,Rodney Strasser,1990-03-30
89584,Manassé Enza-Yamissi,1989-09-28
89733,Álex Fernández,1992-10-15
90466,Gylfi Sigurdsson,1989-09-08
90769,Vitaliy Ponomar,1990-05-31
90885,Uros Matic,1990-05-23
91273,Kyle Benedictus,1991-12-07
91286,John Brayford,1987-12-29
91341,Andriy Shevchuk,1985-08-12
91358,Yevgen Novak,1989-02-01
91419,Oleksiy Dovgyi,1989-11-02
91448,Kyrylo Doroshenko,1989-10-17
91945,Ertugrul Taskiran,1989-11-05
91970,Juan Cuadrado,1988-05-26
92030,Dmytro Bashlay,1990-04-25
92693,Darío Benedetto,1990-05-17
92813,Víctor Pérez,1988-01-12
93726,Paul Lasne,1989-01-16
93764,Malick Seck,1990-02-09
94230,Andac Güleryüz,1993-07-31
94523,Martin Milec,1991-09-20
94529,Stephan El Shaarawy,1992-10-27
94943,Nicola Citro,1989-05-27
95164,Steven Saunders,1991-03-30
95407,Maksym Ilyuk,1990-11-10
95680,Hervé Bazile,1990-03-18
96227,Ilombe Mboyo,1987-04-22
96228,Laurens Paulussen,1990-07-19
96341,Romelu Lukaku,1993-05-13
96472,Ralf Seuntjens,1989-04-17
96817,Andreas Tatos,1989-05-11
96896,Paolo Farinola,1984-02-22
98262,Quentin Bernard,1989-07-07
98339,Nicolas Perez,1990-10-26
98545,Petr Gusev,1991-09-05
99667,Diego Ivo,1989-04-06
99894,Michael Falkesgaard,1991-04-09
99916,Sam Vermeylen,1990-11-06
100482,Deivydas Matulevicius,1989-04-08
101015,Lassad Nouioui,1986-03-08
102043,Sly,1990-09-08
102580,Igor Cheminava,1991-03-23
103004,Romulo Togni,1982-09-09
103221,Aleksandr Novikov,1984-10-12
103305,Kensuke Nagai,1989-03-05
104704,Vakhyt Orazsakhedov,1992-01-26
104837,Iskandar Dzhalilov,1992-06-01
106405,Jeffrey Gouweleeuw,1991-07-10
106656,Gary Fisher,1992-06-06
106872,Kevin Stöger,1993-08-27
106928,Sergiy Sitalo,1986-12-20
107525,Facundo Bertoglio,1990-06-30
108484,Emmanuel Badu,1990-12-02
108878,Adam Matthews,1992-01-13
108880,Koen Casteels,1992-06-25
110309,Lucas Orbán,1989-02-03
110858,Benik Afobe,1993-02-12
110906,Michael de Leeuw,1986-10-07
111376,Massimo Bruno,1993-09-17
111482,Eric Bauthéac,1987-08-24
112942,Ionut Neagu,1989-10-26
113707,Rémy Cabella,1990-03-08
113797,Matteo Bachini,1995-05-24
114165,Sercan Kaya,1988-03-15
114658,Sergiy Voronin,1987-03-24
116905,Michal Kucharczyk,1991-03-20
118008,Patrick Ekeng,1990-03-26
118058,Charalampos Ikonomopoulos,1991-01-09
118317,Afonso Taira,1992-06-17
118645,Branislav Nikic,1983-08-15
119213,Richmond Boakye,1993-01-28
119298,Mustafa Kayabasi,1988-03-15
120206,Lukas Jäger,1994-02-12
120211,Maksym Koval,1992-12-09
120262,Dmytro Nemchaninov,1990-01-27
120306,Enes Saglik,1991-07-08
120710,Zoran Nizic,1989-10-11
120919,Giorgio Siani,1997-01-09
120996,Volodymyr Gudyma,1990-07-20
121209,André Fontes,1985-05-27
122582,Juan Fernando Quintero,1993-01-18
122635,Issam Jebali,1991-12-25
122844,Victor Golas,1990-12-27
122980,Ali Gabr,1989-01-10
123558,Malcolm Cacutalua,1994-11-15
124025,Ziguy Badibanga,1991-11-26
124167,Giannis Sentementes,1992-06-15
124321,Filip Knezevic,1991-11-08
124784,Jaime,1990-02-26
124983,Bryan Oviedo,1990-02-18
125019,Lisandro López,1989-09-01
125032,Ifeanyi Onyilo,1990-10-31
125745,Rami Gershon,1988-08-12
125783,Sanjin Prcic,1993-11-20
126278,Giannis Simosis,1991-03-13
126285,Sebastian Maier,1993-09-18
126412,Ouasim Bouy,1993-06-11
126638,Jeong-ho Hong,1989-08-12
126683,Tristan Dingomé,1991-02-17
126751,Iñigo Ruiz de Galarreta,1993-08-06
127142,Jonas Martin,1990-04-09
127144,Alexander N'Doumbou,1992-01-04
127437,Eduards Visnakovs,1990-05-10
127837,Ibai Gómez,1989-11-11
128833,Ramazotti,1988-08-09
128931,Giannis Fetfatzidis,1990-12-21
129503,Josh Pritchard,1992-09-23
129543,Lion Kaak,1991-06-26
129595,Jaric Schaessens,1994-04-08
129604,Ezgjan Alioski,1992-02-12
129725,José Francisco Cevallos Jr.,1995-01-18
130227,Sandro Wieser,1993-02-03
130360,Simone Verdi,1992-07-12
130369,Stefano Pettinari,1992-01-27
130616,Igor Rossi,1989-03-10
131075,Francesco Acerbi,1988-02-10
131735,Petar Kunic,1993-07-15
131908,Najib Ammari,1992-04-10
132014,Mattias Johansson,1992-02-16
132297,Pavlos Mitropoulos,1990-04-04
132632,Xavi Molina,1986-07-19
133235,Mory-Fallo Keïta,1992-12-13
134567,Jore Trompet,1992-07-30
136054,Yuriy Yakovenko,1993-09-03
136135,Matteo Solini,1993-03-09
137576,Hans Vanaken,1992-08-24
138110,Gino Peruzzi,1992-06-09
138850,Stefan Drazic,1992-08-14
139199,Jos Peltzer,1992-04-08
139396,Bruma,1994-10-24
139915,Aleksandar Katai,1991-02-06
140026,David Depetris,1988-11-11
140126,Fernando Aristeguieta,1992-04-09
140155,Francisco Pol Hurtado,1987-09-17
140808,Davy Roef,1994-02-06
141224,Mohamed Ibrahim,1992-03-01
141229,David Vanecek,1991-03-09
141650,Larnell Cole,1993-03-09
144452,Onur Akbay,1986-08-13
146015,Igor Koronov,1986-04-06
146071,Peter Suswam,1991-09-05
146281,Lum Rexhepi,1992-08-03
146286,Denis Sobolev,1993-08-13
146725,Milos Stamenkovic,1990-06-01
147094,José Izquierdo,1992-07-07
147462,Alexander Callens,1992-05-04
147487,Vincent Aboubakar,1992-01-22
148343,Mads Aaquist,1994-12-31
148355,Jens Jönsson,1993-01-10
148682,Adilson Goiano,1988-02-09
148957,Carl McHugh,1993-02-05
149577,Pablo,1991-06-21
151142,Júnior Lopes,1987-10-19
151334,George Long,1993-11-05
152044,Deyvison,1988-10-18
153065,Fernando Canesin,1992-02-27
153207,William,1991-12-07
153237,Arnór Ingvi Traustason,1993-04-30
153657,Nemanja Miletic,1991-01-16
155025,Fábio Cardoso,1994-04-19
155054,Luis Felipe Gallegos,1991-12-03
155304,Khalid Kadyrov,1994-04-19
156779,Erik Thommy,1994-08-20
156781,Maik Uhde,1994-05-23
156840,Gorka Magunazelaia,1992-03-02
157113,Nazim Sangaré,1994-05-30
157178,Ali Sasal Vural,1990-07-10
157491,Jordan Ikoko,1994-02-03
158057,Ager Aketxe,1993-12-30
158104,Nick Marsman,1990-10-01
158419,Luís Leal,1987-05-29
158863,Iñigo Martínez,1991-05-17
159079,Ertac Özbir,1989-10-25
159100,Luís Carlos,1987-06-15
159337,Roberto Inglese,1991-11-12
160344,Leonardo Mancuso,1992-05-26
161504,Chris Moffat,1994-02-02
162261,Dimitrios Kolovos,1993-04-27
162532,Claudemir,1984-08-17
162694,Leon de Kogel,1991-11-13
162946,Gregorio Luperini,1994-02-10
163532,Adam Smith,1992-11-23
164817,Gergely Bobál,1995-08-31
165004,David Gómez,1994-04-11
165331,Ondrej Petrak,1992-03-11
165334,Stuart Findlay,1995-09-14
165472,Valmir Nafiu,1994-04-23
166470,Hilaire Momi,1990-03-16
166586,Yan Kovalevskyi,1993-06-26
166683,Mamadou Sylla,1994-03-20
167061,Leighton McIntosh,1993-02-06
167722,Vitaliy Buyalskyi,1993-01-06
167863,Donatas Kazlauskas,1994-03-31
168330,Moussa M'Bow,1992-02-07
168952,Darko Lazic,1994-07-19
168955,Marko Pavlovski,1994-02-07
170366,Pablo,1992-12-18
170517,Marius Funk,1996-01-01
170523,Mart Ristl,1996-07-07
170555,Aurélien Ngeyitala,1994-05-29
170914,Thibaut Peyre,1992-10-03
171145,Kyle Whyte,1994-03-16
172128,José Manuel Fernández,1989-11-18
172779,Sai van Wermeskerken,1994-06-28
175704,Ismaïl Sassi,1991-12-24
176067,Borja Valle,1992-07-09
176591,Jota Peleteiro,1991-06-16
176905,Gonzalo Espinoza,1990-04-09
178024,Famoussa Kone,1994-05-03
178862,Nika Sandokhadze,1994-02-20
179643,Vladimir Darida,1990-08-08
180221,Benjamin Stokke,1990-08-20
180311,Manu Palancar,1990-10-25
181112,Sergi Samper,1995-01-20
181410,Jure Balkovec,1994-09-09
181469,Tomas Hajek,1991-12-01
181763,Igor Berezovskyi,1990-08-24
182381,Quincy Promes,1992-01-04
182575,Nick de Bondt,1994-04-21
182712,João Cancelo,1994-05-27
182752,Marlon Frey,1996-03-24
183383,Pieter Gerkens,1995-02-17
183780,Paul Seguin,1995-03-29
184145,Abdel Malik Hsissane,1991-01-28
184816,Ahmed Hassan,1993-03-05
184894,Alfred Duncan,1993-03-10
186383,Filip Lesniak,1996-05-14
187329,Sandy Walsh,1995-03-14
187400,Franck Mawuena,1992-11-21
187624,Fabian Bredlow,1995-03-02
187962,Manolis Tzanakakis,1992-04-30
188077,Ryan Christie,1995-02-22
189039,Michael Petrasso,1995-07-09
189604,Sidrit Guri,1993-10-23
190284,Maximilian Eggestein,1996-12-08
190289,Gerrit Holtmann,1995-03-25
191182,Benjamin Boulenger,1990-03-01
191949,Dylan De Belder,1992-04-03
192035,Uche Kalu,1986-05-16
192507,Léo Navacchio,1992-12-28
192540,Papa Demba Camara,1993-01-16
192601,Pedro Guedes,1995-01-03
192875,William Troost-Ekong,1993-09-01
192991,Rafa,1992-03-01
193050,Valmir Sulejmani,1996-02-01
193082,Alejandro Grimaldo,1995-09-20
193116,John McGinn,1994-10-18
193128,Craig Thomson,1995-03-10
193153,Fahad Al-Muwallad,1994-09-14
193257,Vladyslav Gelzin,1973-08-27
193470,Merveille Goblet,1994-11-20
193534,Hamadi Al Ghaddioui,1990-09-22
193664,Kristoffer Sörensen,1992-01-28
193803,Ruben Ketels,1992-08-29
193867,Liam Henderson,1996-04-25
195064,Lucas Scholl,1996-07-05
195605,José Pozo,1996-03-15
195728,Igor Lambarskiy,1992-11-26
196126,Mads Lauritsen,1993-04-14
196421,Marvin Stefaniak,1995-02-03
196978,Ivan Lakicevic,1993-07-27
197131,Marco Sangalli,1992-02-07
197149,Nivaldo,1988-07-10
197480,Doudou Mangni,1993-03-29
197744,Nicolò Fazzi,1995-03-02
197751,Alberto Cerri,1996-04-16
197825,Alex Gorrin,1993-08-01
198021,João Nunes,1995-11-19
198529,Wilfried Zahibo,1993-08-21
199377,Aitor Seguín,1995-02-27
199522,Donervon Daniels,1993-11-24
199584,Gianluca Austoni,1994-02-04
199659,Miguel Palha,1995-02-26
199730,Claudio Andreoli,1994-04-01
199749,Riccardo Serpieri,1994-02-15
199902,Andrea Bandini,1994-02-16
201656,Lewis Kinsella,1994-09-02
201734,Mamadou Kanoute,1993-10-07
202979,Gennaro Tutino,1996-08-20
202981,José Artiles,1993-06-10
203199,Johnny Hunt,1990-08-23
203345,Romuald Lacazette,1994-01-03
203518,Christian Ngando,1993-12-29
203654,Tozé,1993-01-14
203842,Viktor Kovalenko,1996-02-14
204069,Milan Skriniar,1995-02-11
204144,Alexander Nybo,1995-04-12
204195,Mayoro N'Doye,1991-12-18
205533,Damien Dussaut,1994-11-08
205560,Brian Landini,1995-01-01
205976,Emre Selen,1994-08-15
206040,Raúl Jiménez,1991-05-05
206699,Matteo Cincilla,1994-10-24
207917,Alberto Moreno,1992-07-05
208542,Stef Peeters,1992-02-09
208584,Nevzat Bilen,1993-07-19
208690,George Puscas,1996-04-08
208692,Stefano Bertasi,1993-11-17
209686,Ahmet Arslan,1994-03-30
209864,Pape Dia,1993-04-20
210057,Pedró,1987-09-01
210120,Rafael Oliveira,1987-07-06
210155,Nico Baleani,1992-11-16
211734,Artem Filimonov,1994-02-21
212258,Yuriy Bavin,1994-02-05
212574,Jordy Peffer,1996-11-04
212862,Álex Remiro,1995-03-24
212923,Paulinho,1994-07-10
212937,Alexy Bosetti,1993-04-23
213022,Caolan McAleer,1993-08-19
213322,Idriz Toskic,1995-10-12
213555,Zymer Bytyqi,1996-09-11
214231,Babacar Diop,1993-10-21
214251,Aleksandr Kalyashin,1995-01-24
214257,Elmir Nabiullin,1995-03-08
214316,Luciano Vietto,1993-12-05
215095,Robert van Koesveld,1995-01-24
215114,Thomas Foket,1994-09-25
215616,Erick Pulgar,1994-01-15
215649,Mirko Maric,1995-05-16
215679,Georges-Kevin N'Koudou,1995-02-13
215864,Mijat Gacinovic,1995-02-08
216118,Eduardo Henrique,1995-05-17
216181,Almamy Touré,1996-04-28
216872,Francesco Zampano,1993-09-30
218140,George Honeyman,1994-09-08
218195,Aidi Fulangxisi,1990-12-17
218299,Jan Kliment,1993-09-01
218353,Sassá,1994-01-11
218355,Conor Grant,1995-04-18
220650,Vladimir Iljin,1992-05-20
220793,Douglas Santos,1994-03-22
221267,Bugra Cagiran,1995-01-01
221799,Reginaldo,1990-06-04
221958,Roman Yaremchuk,1995-11-27
222876,Arbër Zeneli,1995-02-25
223725,Munir El Haddadi,1995-09-01
224669,Wilder Cartagena,1994-09-23
224852,Patrick Vieira,1991-01-22
224892,Gregor Sikosek,1994-02-13
225144,Filipe Ferreira,1996-09-20
225408,França,1991-04-21
225984,Matheus Pereira,1996-05-05
226230,Dor Jan,1994-12-16
227015,Toni Datkovic,1993-11-06
227097,David Morgan,1994-07-04
227367,Joppe Janssens,1994-02-09
228572,Hicham Faik,1992-03-19
228942,Soufyan Moro,1993-02-21
229007,Lyes Houri,1996-01-19
229657,Jamal Arago,1993-08-28
229812,Alain Oyarzun,1993-09-27
229854,Leandrinho,1993-09-25
230937,Fernandinho,1993-03-16
231378,Timo Letschert,1993-05-25
231401,Mitchell Braafhart,1995-01-01
231614,Gilberto,1993-03-07
231907,Dimitrios Grontis,1994-08-21
232676,Ricardo Malaihollo,1993-09-21
232848,Samuel Asamoah,1994-03-23
233077,Anthony Bassey,1994-07-20
234134,Alexandros Gioris,1992-01-13
234327,Stratos Chintzidis,1987-12-13
234625,Andersson Ordóñez,1994-01-29
235413,Jaromir Zmrhal,1993-08-02
235646,Marko Mihojevic,1996-04-21
236202,Wanderson,1994-10-07
236490,Ola Aina,1996-10-08
236772,Jhon Cley,1994-03-09
237297,Miguel Oliveira,1994-05-25
238045,Ahmet Cicek,1995-02-23
238988,Leandro Rodríguez,1992-11-19
238993,Simone Scuffet,1996-05-31
240035,Ferran Monzó,1992-12-06
240199,Youssef Fennich,1993-02-12
240497,Moryké Fofana,1991-11-23
240617,Aziz Ceylan,1996-01-10
240670,Davide Lodesani,1995-05-04
240752,Gervane Kastaneer,1996-06-09
240803,Filippo De Col,1993-10-28
241307,Finn Porath,1997-02-23
241700,Nika Sichinava,1994-07-17
241961,Fábio Santos,1988-05-22
242273,Pedro Chirivella,1997-05-23
242280,Mohamed El Ouriachi,1996-01-13
242854,Dmytro Yusov,1993-05-11
242983,Serkan Cansoy,1995-02-23
243725,Olivier Kemen,1996-07-20
243770,Stefan Gartenmann,1997-02-02
244061,Lorenzo Del Pinto,1990-06-17
244125,Hiram Boateng,1996-01-08
244911,Oleksandr Masalov,1997-01-22
245021,Sergiy Chobotenko,1997-01-16
245027,Anderson Esiti,1994-05-24
245268,Fabrizio Bianchi,1995-07-20
245744,Takuma Asano,1994-11-10
246291,Diego Llorente,1993-08-16
247595,Justin Mathieu,1996-04-12
247596,Kenneth Paal,1997-06-24
247661,Gideon Jung,1994-09-12
248045,Duncan Watmore,1994-03-08
248301,Simone Dejori,1995-05-14
248936,Pavlo Orikhovskyi,1996-05-13
250358,Iban Salvador,1995-12-11
250686,Björn Johnsen,1991-11-06
251075,Zeki Celik,1997-02-17
251087,Samed Karakoc,1997-06-30
251110,Berke Yilmaz,1997-01-01
251260,Panagiotis Manidakis,1995-06-22
252088,Patrik Dzalto,1997-02-19
252713,Oumar Diaby,1990-02-07
253211,Michael Ravn,1995-03-31
253842,Adama Niane,1993-06-16
253896,Geoffrey Jacobs,1994-09-29
254487,Jean Luc Assoubre,1992-08-08
255501,Iñigo Lekue,1993-05-04
255979,Ignacio Abeledo,1996-01-05
256643,Hafid Salhi,1993-01-04
257321,Djibril Zidnaba,1994-02-20
257459,Wallyson,1994-02-16
257805,Mathias Normann,1996-05-28
258011,Xande Silva,1997-03-16
258029,Pedro Silva,1997-02-13
258049,Lorenzo Gordinho,1994-04-26
258311,Sam Westley,1994-02-04
258374,Vinícius Araújo,1993-02-22
258835,Ricardo Gomes,1991-12-18
258883,Jonjoe Kenny,1997-03-15
259151,Dillon Barnes,1996-04-08
260000,Madis Vihmann,1995-10-05
260321,Marcos Valente,1994-02-04
260681,Vladislav Panteleev,1996-08-15
261061,Lazaros Velissaris,1996-05-17
261503,Álvaro Fidalgo,1997-04-09
261738,Joseph Dodoo,1995-06-29
261943,Enis Bunjaki,1997-10-17
261988,Filip Krovinovic,1995-08-29
263118,Johannes Bühler,1997-07-26
263214,Isi Gómez,1995-10-28
265136,Oumar Diakhite,1993-12-09
265268,Rick Stuy van den Herik,1993-06-19
265545,Mikkel Maigaard,1995-09-20
265569,Youssef Aït Bennasser,1996-07-07
265573,Younes Bnou Marzouk,1996-03-02
265589,Fahd Moufi,1996-05-05
265902,Mert Iliman,1995-10-08
266768,Nicolas Moumi Ngamaleu,1994-07-09
267732,Israel Coll,1993-07-22
268185,Joe Williams,1996-12-08
268258,Rafa Páez,1994-08-10
268697,Danylo Knysh,1996-03-03
270171,Vitaly Janelt,1998-05-10
270576,Doganay Kilic,1996-06-08
270648,Francis,1990-04-16
271284,Cristian Manea,1997-08-09
271482,Artem Gordienko,1991-03-04
271966,Mbaye Diagne,1991-10-28
272708,Marc Klok,1993-04-20
273130,Federico Gino,1993-02-26
274351,Stefan Stojanovic,1997-02-09
275028,Juan Rodríguez,1995-05-08
276764,Alan Forrest,1996-09-09
279457,Ryan Kent,1996-11-11
279614,Aldin El-Zubaidi,1995-03-07
279955,Anatoliy Katrich,1994-07-09
280795,Jonathan Rodríguez,1993-07-06
281556,Daniil Poluboyarinov,1997-02-04
281773,José León,1995-02-03
282428,Luismi Quezada,1996-02-11
282727,Monchu,1999-09-13
284547,Nikolaos Mentis,1995-10-14
284739,Sandro Lima,1990-10-28
284762,Jonathan Burn,1995-01-08
284769,Florian Müller,1997-11-13
284883,Fran Navarro,1998-02-03
285036,David Syme,1997-06-23
285298,Jákup Thomsen,1997-11-23
285602,Bunyamudin Mustafaev,1992-09-07
286263,Jamie Sneddon,1997-09-06
287167,Joe Lolley,1992-08-25
287636,Mirko Esposito,1996-04-08
288241,Enock Kwateng,1997-04-09
288429,Mads Pedersen,1996-09-01
290273,Álvaro Tejero,1996-07-20
290384,Hildeberto,1996-03-02
290577,Antony Ranieri,1997-06-21
290605,Mamadou Diallo,1994-09-19
291323,Jilke De Coninck,1995-01-09
293135,Semih Karadeniz,1996-07-02
293180,Branimir Kalaica,1998-06-01
293213,Amir Hadziahmetovic,1997-03-08
293253,Mihailo Perovic,1997-01-23
293339,Muhsin Yildirim,1994-04-07
293450,Baily Cargill,1995-07-05
295624,Damil Dankerlui,1996-08-24
296363,Panzu Ernesto,1999-04-03
296730,Sergiy Kolomiets,1995-01-29
297005,Ivan Glyvyi,1994-08-04
297017,Kostyantyn Sumelidi,1994-01-06
297649,Leonardo Rivoira,1998-02-03
298565,Maksim Starkov,1996-04-25
298658,Mykola Dudarenko,1995-01-31
299235,Berk Akinci,1998-03-19
301236,Francesco Cassata,1997-07-16
301584,Brian Gielen,1996-09-23
301721,Gonzalo González,1993-10-07
301736,Vladislav Bibchenko,1995-02-19
301813,Mirsat Budak,1989-04-09
302473,Faysel Kasmi,1995-10-31
303115,Oliver Carrara,1998-01-20
303219,Julian Chabot,1998-02-12
303599,André Mesquita,1997-10-10
306143,Valdumar,1997-08-14
309112,Vasilios Miliotis,1996-02-29
310437,Jack Stobbs,1997-02-27
311212,Roman Bodnya,2001-06-21
312218,Maxime Awoudja,1998-02-02
312479,Robin Kist,1995-03-10
312678,Léo Duarte,1996-07-17
314975,Steve Ryckaert,1998-06-29
314989,João Tavares,1998-12-12
315131,Timothy Fosu-Mensah,1998-01-02
315161,Aleksandr Stepanov,1996-06-05
315337,Jonathan Bolingi,1994-06-30
316280,Mohammed Rharsalla,1993-09-15
317454,Diego Rossi,1998-03-05
318058,Manuel Nicoletti,1998-12-09
318077,Lucas Torreira,1996-02-11
318426,Ivan Ignatjev,1999-01-06
319177,Stefano Greco,1999-02-21
319591,Konstantinos Valmas,1998-03-12
319674,Duhan Aksu,1997-09-11
320842,Sander van Looy,1997-05-29
320954,Tomasz Kucz,1999-07-06
321714,Cem Kablan,2000-01-01
322383,Yaroslav Kotlyarov,1997-11-19
322702,Benson Manuel Hedilazio,1997-03-28
323147,Enrico Brignola,1999-07-08
323704,Malcom,1997-02-26
324148,Thomas Michot,1997-01-17
324702,Jan Lammers,1995-05-10
324861,Julian Justvan,1998-04-02
325386,Maksym Marusych,1993-07-17
327755,Jaroslaw Jach,1994-02-17
327863,Akim Zedadka,1995-05-30
328704,Andreas Kolovouris,1992-04-06
328961,Aris Lamprakis,1996-06-21
329373,Carlo Boukhalfa,1999-05-03
329630,Levan Shengelia,1995-10-27
329632,David Andronic,1995-07-09
330059,Amir Natcho,1996-07-09
330085,Gustavo Scarpa,1994-01-05
330236,Muhayer Oktay,1999-04-28
331089,Stevie Mallan,1996-03-25
331216,Oleh Trakalo,1998-02-14
331508,Guillem Jaime,1999-01-06
331573,Maxime Vandermeulen,1996-04-11
332132,Valeriy Rogozynskyi,1995-09-03
332137,Oleksandr Guskov,1994-01-22
332142,Quentin Lecoeuche,1994-02-04
332593,Patrick Andrade,1993-02-09
333347,Ander Gayoso,1993-07-20
333545,Danny Whitehall,1995-10-08
333694,Seydou Sy,1995-12-12
334006,Anthony Ribelin,1996-04-08
334042,Orbelín Pineda,1996-03-24
334490,Fabian Senninger,1996-01-25
334526,Denis Zakaria,1996-11-20
335062,Nikola Jambor,1995-09-25
335440,Emil Christensen,1997-07-10
336104,Georgios Pamlidis,1993-11-13
336735,João Vigário,1995-11-20
336854,Shamil Gasanov,1993-07-30
337527,Marcos Remeseiro,1992-07-21
337670,Alessio Da Cruz,1997-01-18
338285,Unai Núñez,1997-01-30
338783,Hüseyin Yilmaz,1996-01-17
339005,Farouk Miya,1997-11-26
339566,Luca Germoni,1997-09-01
340194,Regan Poole,1998-06-18
340491,Joca,1996-01-30
341087,Alberto Tronco,1997-05-22
341092,Federico Chiesa,1997-10-25
341278,Iván Martín,1999-02-14
341394,Gabriel Mutombo,1996-01-19
341516,Ponck,1995-01-13
342172,Georgios Giannoutsos,1998-07-16
342215,Safwan Mbaé,1997-04-20
342407,Mattias Andersson,1998-03-13
342472,Stephane Omeonga,1996-03-27
342700,Or Inbrum,1996-01-12
342787,Ilias Evangelou,1997-05-18
343153,Yevgen Cheberko,1998-01-23
343237,Malik Karaahmet,2000-01-18
344152,Odsonne Edouard,1998-01-16
344540,David Sualehe,1997-03-23
344589,Jack Aitchison,2000-03-05
344592,Thomas Basila,1999-04-30
344893,João Teixeira,1996-05-07
345194,Nikoloz Ninua,1999-06-22
345576,Christian Enemark,1999-01-20
345591,Jeppe Okkels,1999-07-27
345800,Barata,1996-03-03
346017,Diogo Baltazar,1995-04-15
346483,Mason Mount,1999-01-10
346567,Luca Pellegrini,1999-03-07
347036,Leeroy Schorea,1997-03-03
347895,Cole Kpekawa,1996-05-20
348094,Muhamed Tahiri,1996-12-26
348493,Emre Sorgun,1995-09-25
348778,Niclas Thiede,1999-04-14
349109,Igor Kozynets,1995-05-29
349530,Benjamin Hadzic,1999-03-04
349715,Federico Giraudo,1998-08-11
349737,Arthur Henrique,1994-05-17
350071,Hugo Ribeiro,1997-01-14
352126,Jermaine Hylton,1993-06-28
352847,Mauro Cerqueira,1992-08-20
353047,Walter González,1995-05-21
353275,Vasilios Kinalis,1999-04-22
353400,Isaac Hemans Arday,1996-12-26
353404,Gaëtan Perrin,1996-06-07
354335,Djibril Diani,1998-02-11
354567,Stephen Humphrys,1997-09-15
354587,Levi García,1997-11-20
354697,Tachi,1997-09-10
354910,Raul Zucchetti,1998-01-28
355397,Víctor Pastrana,1996-09-27
357072,Faitout Maouassa,1998-07-06
357156,Diogo Leite,1999-01-23
357162,Florentino,1999-08-19
357180,Domenico Cuomo,1999-01-04
357628,Alfon González,1999-05-04
357658,Mark Travers,1999-05-18
357917,Justin Lonwijk,1999-12-21
358506,Anthony Lamonge,1996-04-04
358515,Jean-Philippe Krasso,1997-07-17
359187,Andrew Nelson,1997-09-16
361260,Ozan Kabak,2000-03-25
361261,Emirhan Civelek,2000-01-05
361516,Kilian Ludewig,2000-03-05
362108,Gabriel Gudmundsson,1999-04-29
362790,Luiz Fernando,1995-04-08
363009,Vladislav Suslov,1995-11-13
363227,James Penrice,1998-12-22
363424,Luca Mack,2000-05-25
363803,Sandro Embaló,1996-05-01
364132,Flavio Bianchi,2000-01-24
364408,Mimito Biai,1997-12-12
364603,José Manuel Arnáiz,1995-04-15
364742,Hêndrio Araújo,1994-05-16
366194,Abdurrahim Dursun,1998-12-01
367255,Bruno,1994-05-26
367405,Andreas Heimer,1997-12-10
368635,Juancho,1996-01-24
369267,Maximiliano Caufriez,1997-02-16
369278,Hannes Smolders,1998-02-24
369523,Kieran Wright,2000-04-01
369678,Moses Opondo,1997-10-28
370522,Serge Tabekou,1996-10-15
371148,Lenny Vallier,1999-04-24
371370,Ismet Sinani,1999-05-31
372201,Ricardo Friedrich,1993-02-18
372380,Emil Velic,1995-02-06
372801,David Craddock,1998-01-30
373983,Reyer van Doorn,1998-07-02
375320,Edoardo Sbampato,1998-02-05
376709,Rowdy van der Putten,1996-02-12
377021,Fran Díaz,1994-08-17
378629,Michael Phillips,1997-09-22
378746,Laurentiu Corbu,1994-05-10
379737,Kevin Hoggas,1991-11-16
380483,Karl,1993-04-07
381243,Mattia Cozzari,1999-05-26
383153,Kelechi Nwakali,1998-06-05
383565,Nazar Verbnyi,1997-07-26
383654,João Correia,1996-09-05
384299,Edgar Caparrós,1997-03-19
384449,Guido Corteggiano,1987-06-23
384553,Luca Kilian,1999-09-01
385593,Vieirinha,1996-10-28
386154,Alper Dogan,1994-04-09
386455,Riccardo Sottil,1999-06-03
387687,César Montes,1997-02-24
388266,Óscar Estupiñán,1996-12-29
388988,Mikhail Kizeev,1997-03-17
389942,Hayner,1995-10-02
390225,Güray Firat,1995-11-14
390304,Federico Ravaglia,1999-11-11
390368,Vitor Bueno,1994-09-05
390944,Mickaël Panos,1997-02-10
391905,Khetag Khosonov,1998-06-18
392048,Erald Lakti,2000-01-06
392576,Jani Atanasov,1999-10-31
392951,Roberto Taliento,1999-07-08
393217,Mert Yilmaz,1999-03-08
393489,Domenico Coppola,1999-01-29
393604,Giacomo Piccardo,1999-07-11
393806,Raul Oprut,1998-01-04
394328,Rafik Guitane,1999-05-26
395596,Andrea Mastino,1999-09-02
395797,Sam Hughes,1997-04-15
396333,Javi Montero,1999-01-14
396334,Joaquín Muñoz,1999-03-10
396640,Eden Karzev,2000-04-11
396847,Elton Kabangu,1998-02-08
397896,Hernán Toledo,1996-01-17
397950,Giuseppe Mastinu,1991-10-09
399257,Cammy MacPherson,1998-12-29
400276,Savas Cakir,1996-06-17
400535,Hans Christian Bernat,2000-11-13
400536,Mads Hermansen,2000-07-11
401825,Benito Del Valle,1997-02-10
401935,Orji Okwonkwo,1998-01-19
402058,Konstantinos Kapetanos,1998-01-12
402825,Luquinhas,1996-09-28
403571,Jordan Houston,2000-01-28
403808,Andrés Andrade,1998-10-16
404841,Denys Popov,1999-02-17
404844,Tymofiy Sukhar,1999-02-04
405564,Giorgi Kochorashvili,1999-06-29
405718,Nicolaj Laursen,1998-05-07
406281,Moussa Diallo,1990-11-20
409100,Sincere Seth,1998-04-28
409273,Kevin Sibille,1998-09-15
410158,Rodrigo Becão,1996-01-19
410213,Oleksandr Chepelyuk,1997-09-05
411506,Lars ten Teije,1998-04-03
411537,Zian Flemming,1998-08-01
412363,Rodrygo,2001-01-09
412542,Ricard Pujol,1998-03-04
412629,Filip Vasko,1999-08-11
415035,Koki Machida,1997-08-25
415381,Mats Wieffer,1999-11-16
416108,Youcef Atal,1996-05-17
417955,Zak Vyner,1997-05-14
418559,Erik Botheim,2000-01-10
419375,Gökhan Akkan,1998-08-30
419723,Elias Cobbaut,1997-11-24
421766,Ludovico Gelmi,2001-05-02
421777,Mattia Sandri,2001-04-04
421871,Salvatore Pezzella,2000-03-11
422425,Callum Smith,1999-11-13
422929,Wessam Abou Ali,1999-01-04
423608,Stefano Ferraresi,2000-08-16
424759,Francesco Latella,2000-01-27
426285,Oliver Crankshaw,1998-08-12
427572,Zuriko Davitashvili,2001-02-15
428746,Eric Ramírez,1998-11-20
429086,Nana Ampomah,1996-01-02
429983,Jörgen Strand Larsen,2000-02-06
430154,Yevgen Dobrovolskyi,1995-02-10
430190,Yegor Nazaryna,1997-07-10
430797,Sam Kersten,1998-01-30
431539,Gouné Niangadou,1997-12-28
431912,Bobur Abdikholikov,1997-04-23
432111,Ilya Martynov,2000-01-25
432976,Gustavo Ermel,1995-03-29
433388,Matej Maglica,1998-09-25
433982,Raf Mertens,1999-01-18
434676,Ronaldo Vieira,1998-07-19
434682,Rowen Koot,1999-07-20
435492,Alimami Gory,1996-08-30
435776,Laurens Symons,2001-08-28
438835,Joran Triest,1997-04-08
442531,Edouard Mendy,1992-03-01
443331,Patrick Osterhage,2000-02-01
444848,Theocharis Natsis,1998-06-18
446106,Juan Manuel Sanabria,2000-03-29
448868,Igor Kogut,1996-03-07
449086,Nazar Stasyshyn,1997-08-05
449496,Álvaro Aguado,1996-05-01
449721,Nikolay Poyarkov,1999-10-16
450168,Daniil Penchikov,1998-03-21
450376,Davide Mastaj,1998-04-30
450387,Nimo Gribenco,1997-01-23
450427,Vasilios Xenopoulos,1998-05-20
451252,Igor Shkolik,2001-01-09
451353,Rigoberto Rivas,1998-07-31
452065,Fabian Rüth,2001-07-02
453376,Joseph Okumu,1997-05-26
453810,Valentin Gheorghe,1997-02-14
457235,Devid Eugene Bouah,2001-08-13
457444,Giuseppe Aurelio,2000-03-22
457537,Juan Álvarez,1997-10-27
458096,Matteo Salvi,1999-03-20
459151,Nicolò Cambiaghi,2000-12-28
324050,Ibrahim El Ansri,1997-01-10
333850,Melvin Frithzell,1996-08-09
334453,Aleksandr Akishin,1997-12-15
340310,Marc Bola,1997-12-09
353037,Jesús Medina,1997-04-30
371554,Kevin Spadanuda,1997-01-16
376783,Onur Bilgin,1997-04-25
376860,Salvador Sánchez,1995-07-31
387742,Oliver Kjaergaard,1998-07-11
387743,Lorent Callaku,1998-03-31
388382,Assan Ceesay,1994-03-17
391001,Mads Mikkelsen,1999-12-11
392772,Marcel Lavinier,2000-12-16
393325,Josh Sargent,2000-02-20
396161,Manu Hernando,1998-07-19
400548,Victor Jensen,2000-02-08
415193,Behadil Sabani,2000-01-26
418703,Oguzhan Kolak,1997-06-24
419845,Ivan Oblyakov,1998-07-05
431424,George Marsh,1998-11-05
433188,Curtis Jones,2001-01-30
435214,Johnathan,1995-04-04
436064,Ramon Hendriks,2001-07-18
436833,Felipe Rodrigues,1995-10-31
443308,Reuven Niemeijer,1995-03-27
448058,Giannis Papanikolaou,1998-11-18
460245,Moritz Jenz,1999-04-30
469718,Gerardo Arteaga,1998-09-07
469959,Simon Vollesen,1998-01-26
475949,Benjamin Nygren,2001-07-08
479643,Penetra,2001-09-09
481117,Othmane Boussaid,2000-03-07
481585,Maxime De Taddeo,1994-07-11
485424,Moussa Djenepo,1998-06-15
495666,William Saliba,2001-03-24
503687,Tobi Omole,1999-12-17
505046,Ben Winterbottom,2001-07-16
513646,Milan Tucic,1996-08-15
514218,Joel Sousa,2000-03-17
514920,Lucas Lykkegaard,2002-04-05
515058,Nikolay Zirikov,2000-05-22
517372,Mohamed Abdallah,1999-04-11
520857,Conor Noß,2001-01-01
521323,Filippos Selkos,
521474,Brooklyn Ezeh,2001-06-23
523364,Daniel dos Anjos,1996-01-21
536081,Lawrence Ofori,1998-06-28
559330,Salah-Eddine Oulad M'Hand,2003-08-20
561974,Vladyslav Veremeev,1998-09-25
565406,Kazeem Olaigbe,2003-01-02
565420,Jake Cain,2001-09-02
569387,Valentin Gendrey,2000-06-21
569632,Mads Hansen,2002-07-28
574215,Oleksandr Kozhevnikov,2000-04-17
574495,Kristoffer Askildsen,2001-01-09
581683,Nile John,2003-03-06
581891,Lucas Lodberg,1999-11-06
591803,Wout De Buyser,2001-06-29
603300,Sefa Anük,1999-09-19
610323,Willads Delvin,2001-05-02
613495,Georgios Christodoulis,2001-01-04
619045,Mads Sylvan Jensen,2001-05-09
620295,Mio Backhaus,2004-04-16
620318,Rocco Ascone,2003-09-12
623319,Oleksandr Drambaiev,2001-04-21
626291,Lucas De Bolle,2002-10-22
629531,Artem Bilyi,1999-10-03
654949,Sekou Diawara,2004-02-08
659225,Emmanuel Ogura,2002-05-13
668948,Maksim Kolmakov,2003-01-05
696762,Jonathan Tomkinson,2002-04-11
745252,Artem Kulakovskyi,2002-02-11
746740,Daniel Jebbison,2003-07-11
805696,Mats Lemmens,2002-03-10
825444,Panagiotis Avgerinos,2003-04-11
831948,Berat Pinar,2002-06-12
848083,Cheick Thiam,2003-09-27
866655,Tyler Dibling,2006-03-12
1033919,Mahamadou Doumbia,2004-05-15
3151,Carlo Cudicini,1973-09-06
3791,Gary Caldwell,1982-04-12
4429,Matthew Amoah,1980-10-24
4902,Lamine Diarra,1983-12-20
5967,Anthony Seric,1979-01-15
6278,Yoann Poulard,1976-07-01
6853,Mark-Jan Fledderus,1982-12-14
7161,Jonas Hofmann,1992-07-14
7486,Joan Capdevila,1978-02-03
16375,Panagiotis Korbos,1985-09-11
22887,Anders Kure,1985-09-12
23292,Lars Pleidrup,1981-08-13
23340,Rui Duarte,1978-09-16
23582,Mathias Tauber,1984-08-24
26063,Juan Arango,1980-05-16
29262,Ivan,1982-01-18
30690,Sergio Romero,1987-02-22
30982,Chu-young Park,1985-07-10
41351,Rihairo Meulens,1988-06-03
42704,Gertjan De Mets,1987-04-02
43271,Andrea Luci,1985-03-30
44349,Everton,1983-06-08
44687,Johan Cavalli,1981-09-12
45395,Jonathan Howson,1988-05-21
46716,Idir Ouali,1988-05-21
47299,Can Erdem,1987-06-08
51058,Licá,1988-09-08
51542,Julien Toudic,1985-12-19
51960,Aleksandr Dimidko,1986-01-20
52495,Chris Basham,1988-07-20
55263,Grzegorz Sandomierski,1989-09-05
56607,Anco Jansen,1989-03-09
57515,Aly Cissokho,1987-09-15
58425,Igor Oshchypko,1985-10-25
59129,Vadym Sapay,1986-02-07
68649,Predrag Stevanovic,1991-03-03
71105,Luis Pedro,1990-04-27
73943,Alessandro Tuia,1990-06-08
74590,Sandro,1989-03-15
82215,Bongani Khumalo,1987-01-06
85326,Yeray Gómez,1992-06-10
85484,Alessandro Lambrughi,1987-05-19
86175,Hiroshi Kiyotake,1989-11-12
86895,Aleksandar Stevanovic,1992-02-16
89010,Sylvano Comvalius,1987-08-10
89628,Grégory Grisez,1989-08-17
92431,Hüseyin Atalay,1991-10-27
95244,Manuel Curto,1986-07-09
103743,Henrique Almeida,1991-05-27
104869,Ruslan Pashtov,1992-11-28
108468,Benjamin Tiedemann,1994-02-07
110796,Alexander Maes,1992-03-26
111061,Alassane També,1992-01-26
117478,Marnon Busch,1994-12-08
117549,Rodri Ríos,1990-06-06
118014,Cédric D'Ulivo,1989-08-29
118375,Dardo Miloc,1990-10-16
119028,Érick Moreno,1991-11-24
122421,Adam Maher,1993-07-20
124084,Sebastian Jakubiak,1993-06-21
126195,Jernade Meade,1992-10-25
126258,Lee Nicholls,1992-10-05
126666,Sammy Ndjock,1990-02-25
127191,Formose Mendy,1993-10-08
128912,Andre Wisdom,1993-05-09
134158,Georgi Milanov,1992-02-19
136518,Konstantinos Rougalas,1993-10-13
143424,Alex Oxlade-Chamberlain,1993-08-15
143891,Maximilian Philipp,1994-03-01
145992,Aleksey Druzin,1987-01-03
146476,Artur Minosyan,1989-08-04
148666,Naldo,1988-08-25
160986,Matteo Bianchetti,1993-03-17
166588,Vyacheslav Panfilov,1993-06-24
167794,Svenn Crone,1995-05-20
171146,Wout Bastiaens,1994-03-30
175664,Gerson Fidalgo,1993-03-20
179481,Michael Olaitan,1993-01-01
181006,Gustavo Blanco Leschuk,1991-11-05
182420,Loris Brogno,1992-09-18
183943,Gabriel Araújo,1992-01-29
185166,Hakan Redzep,1994-03-02
186796,Hicham Khaloua,1995-05-07
187285,Chris David,1993-03-06
187383,Kwame Yeboah,1994-06-02
187786,Vasilios Bouzas,1993-06-30
192265,Kerem Bülbül,1995-01-12
193980,Dean Michiels,1991-07-04
195871,Hernán Hinostroza,1993-12-21
199526,Reece Hall-Johnson,1995-05-09
199527,Jacob Murphy,1995-02-24
206744,Wouter Marinus,1995-02-18
207771,Louis Thompson,1994-12-19
211397,Miguel Borja,1993-01-26
221658,Álex Rubio,1993-07-23
223405,Hilal Ben Moussa,1992-05-22
232088,Souheib Dhaflaoui,1996-05-08
234510,Lionel Enguene,1996-01-07
239749,Manolis Kalogerakis,1992-03-12
241207,Konstantinos Plegas,1997-04-20
243591,Lawrence Vigouroux,1993-11-19
244927,Accursio Bentivegna,1996-06-21
249566,Holly Tshimanga,1997-04-25
252778,Valeriy Kurelekh,1991-08-12
255436,Mansour Diop,1989-07-31
255748,Michaël Heylen,1994-01-03
256178,Joe Gomez,1997-05-23
258363,Keziah Veendorp,1997-02-17
265159,Joshua Bitter,1997-01-01
268713,Bent Sörmo,1996-09-22
273341,Valeriy Kucherov,1993-08-11
277723,Cameron Humphreys,1998-08-22
278021,Ibrahima Touré,1995-01-01
279338,Frederik Schram,1995-01-19
280416,Housem Ferchichi,1996-03-26
281909,Anders Holst,1992-07-25
282144,Marin Pongracic,1997-09-11
288228,Adrián Dalmau,1994-03-23
288318,Adrián Embarba,1992-05-07
288655,Emmanuel Ogude,1994-03-29
291110,Enzo Crivelli,1995-02-06
291222,Jean-Luc Dompé,1995-08-12
293315,Nicklas Mouritsen,1995-03-15
293523,Junior Oto'o,1994-05-23
296225,Giannis Gotsoulias,1990-03-15
314995,Steph Van Cauwenberghe,1998-05-19
315235,Thijmen Nijhuis,1998-07-25
315563,Cédric Orengo,1995-09-15
319679,Abdurrahman Canli,1997-05-04
323720,Senne Verbiest,1996-05-09
323929,Bruno Bertinato,1998-05-31
324111,Teun Bijleveld,1998-05-27
331560,Takehiro Tomiyasu,1998-11-05
331739,Jón Dagur Thorsteinsson,1998-11-26
340329,Joe Willock,1999-08-20
341051,Kyle Walker-Peters,1997-04-13
342255,Stefanos Evangelou,1998-05-12
358423,Andreas Kaltoft,1998-05-22
372670,Paulinho,1997-12-25
374090,Henrique Trevisan,1997-01-20
374213,Jari Vlak,1998-08-15
375000,Emmanuel Annor,1994-09-25
375299,Samuele Guddo,1999-07-02
379807,Lyanco,1997-02-01
381585,Mykhaylo Udod,1997-02-17
382555,Joe Hardy,1998-09-26
387996,Rui Mendes,1999-11-10
396109,Genaro Rodríguez,1998-03-23
396428,Rodrigo Escoval,1997-05-08
400644,Jeredy Hilterman,1998-06-20
405726,Felipe Tontini,1995-07-16
425028,Puma,1998-06-19
427291,Patrick Sussek,2000-02-08
433219,Pape-Alioune Ndiaye,1998-02-04
439022,Marcão,1996-06-05
448920,Enea Mihaj,1998-07-05
453200,Théo Fonseca,2000-06-11
455661,Nick Woltemade,2002-02-14
456936,Harun Kavaklidere,1998-03-16
459991,Marco Pompetti,2000-05-22
461944,Mertcan Acikgöz,1999-11-18
461951,Kartal Yilmaz,2000-11-04
462141,Georgios Kornezos,1998-02-23
463356,Andrea Isufaj,1999-11-21
464619,Vladyslav Dmytrenko,2000-05-24
464990,Arton Zekaj,2000-04-16
465830,Mattéo Guendouzi,1999-04-14
465868,Nikolaos Gotzamanidis,2001-01-25
468035,Theodoros Tsirigotis,2000-06-23
468323,Bobsin,2000-01-12
469669,Yvan Neyou,1997-01-03
469688,Dusan Stojinovic,2000-08-26
469690,Nik Prelec,2001-06-10
469949,Noah Katterbach,2001-04-13
470166,Muhammet Can Tuncer,2000-01-16
473170,Cain Seedorf,2000-01-19
475284,Christian Mbulu,1996-08-06
476626,Gennadiy Kiselev,1999-01-03
476770,Mykhaylo Meskhi,1997-02-26
476836,Aron Dönnum,1998-04-20
477109,Bryan Lasme,1998-11-14
477238,Sergio Arribas,1995-07-07
477301,Joakim Balmy,1997-09-17
477800,Dimitrios Trepeklis,1998-01-17
477924,Taha Tepe,2001-01-01
477934,Ilkay Isler,2001-03-23
478346,Matis Carvalho,1999-04-28
479498,Renato Vischi,1998-05-30
479648,Félix Correia,2001-01-22
480267,Ronald Araújo,1999-03-07
480457,Thomas Poll,2001-08-28
480972,Dimitrios Dalakouras,1999-03-31
481091,Silas Gnaka,1998-12-18
483975,Andjelo Kacavenda,1999-01-22
484362,Van Hau Doan,1999-04-19
484454,Leonardo Dreyer,1997-04-23
485585,Ian Maatsen,2002-03-10
487333,Paolo Gozzi,2001-04-25
487836,Simone Panada,2002-06-02
490309,Edward Chilufya,1999-09-17
492490,Daniel Gadegaard Andersen,2001-05-31
494301,Marco Raina,2002-05-25
497719,China,1996-08-02
501709,Theo Bair,1999-08-27
503075,Isak Hien,1999-01-13
504073,Eduardo Quaresma,2002-03-02
504090,Paulo Bernardo,2002-01-24
504350,Virgile Piechocki,1997-01-12
505673,Víctor Mollejo,2001-01-21
505675,Rober González,2001-01-08
505969,Yunus Bahadir,2002-08-07
507162,Kaan Arslan,2001-01-28
511023,Dani Gallardo,1996-04-07
511525,Ahmet Sun,1998-03-15
511534,Lukas Engel,1998-12-14
512175,Ryan Longman,2000-11-06
514894,Frederik Carstensen,2002-04-09
514895,Alexander Lind,2002-06-26
515060,Maksim Gorin,1998-07-16
516127,Walterson Silva,1994-12-28
517967,Calvin Haïdara,1999-06-11
520073,Ruslan Litvinov,2001-08-18
521798,Vadim Chukhlantsev,1996-07-01
521964,Malick Thiaw,2001-08-08
522227,John Robertson,2001-08-26
523046,Panagiotis Paiteris,1997-07-14
523907,Danylo Beskorovaynyi,1999-02-07
524010,Oier Zarraga,1999-01-04
524081,Nicolai Vallys,1996-09-04
529596,Alexandros Parras,1998-05-12
530414,Kaheem Parris,2000-01-06
531062,Fabio González,1997-02-12
531678,D'Mani Mellor,2000-09-20
531927,Mads Söndergaard,2002-12-26
533092,Jordy Soladio,1998-02-12
534202,Redi Kasa,2001-09-01
534477,Bogdan Ovsyannikov,1999-01-05
534706,Rahmetullah Berisbek,1999-03-22
535955,Nuno Tavares,2000-01-26
536519,Virgiliu Postolachi,2000-03-17
537851,Stanislav Biblyk,2001-08-17
537852,Dmytro Kryskiv,2000-10-06
538073,Romain Matthys,1998-07-10
539043,Luis Palma,2000-01-17
539807,Christian Marques,2003-01-15
542586,Illan Meslier,2000-03-02
542654,Sebastian Jörgensen,2000-06-08
542691,Magnus Dalsgaard,2000-09-19
542842,Magnus Westergaard,1998-05-27
544794,José Varela,1997-09-15
546860,Yentl Van Genechten,2000-08-18
546983,Dmitriy Prishchepa,2001-06-21
548111,Álex Baena,2001-07-20
548650,Osman Bukari,1998-12-13
549027,Martim Neto,2003-01-14
556038,Nathaniel Atkinson,1999-06-13
556166,Jacky Ullrich,1974-01-14
557185,Sérgio Santos,1998-10-02
557407,Devyne Rensch,2003-01-18
558709,Bridge Ndilu,2000-07-21
560110,Ivan Kovalenko,1999-03-10
561150,Vittorio Agostinelli,2002-02-21
563749,Oguz Aydin,2000-10-27
564544,Pedro Amador,1998-12-18
566571,Oliver Bundgaard,2001-06-15
567123,Ciaran Dickson,2002-05-21
567597,Odel Offiah,2002-10-26
567873,Vladyslav Baboglo,1998-11-14
568007,Ben Knight,2002-06-14
568117,Alessandro Rigo,2002-02-25
568701,Lamine Gueye,1998-03-13
569366,Enzo Millot,2002-07-17
569368,Kelian Nsona,2002-05-11
569743,Joyskim Dawa,1996-04-09
571478,Mykyta Khodakovskyi,1996-10-18
572878,Konstantinos Papadopoulos,2000-08-08
573290,Tomás Bozinoski,1999-04-10
574193,Bambasé Conté,2003-07-07
575047,Reuben Yem,1997-10-29
575998,Leonardo Balerdi,1999-01-26
578804,Sven Mijnans,2000-03-09
578920,Max Fenger,2001-08-07
581669,CJ Egan-Riley,2003-01-02
581670,Louie Barry,2003-06-21
581679,Nathan Young-Coombes,2003-01-15
581784,Samuel Robert,1998-01-12
582869,Jacob Kongsmark,2001-01-22
583790,Nikita Karmaev,2000-07-17
584443,Konstantinos Zorbas,2001-12-14
584452,Nikolaos Michelis,2001-03-23
584769,Dwight McNeil,1999-11-22
585718,Artem Tyshchenko,2000-03-16
589459,Joseda Menargues,2002-05-01
591360,Derek Agyakwa,2001-12-19
592400,Abdelkahar Kadri,2000-06-24
595751,Mikkel Michelsen,2001-01-08
596098,Vangelis Nousios,1998-07-06
596813,Dickson Abiama,1998-11-03
597446,Cammy Clark,2000-10-24
598608,Sergi García,1999-04-14
598765,Brian Ocampo,1999-06-25
598972,Marthã,1997-06-20
600151,Florent Poulolo,1997-01-02
601451,Daniil Kuznetsov,2002-01-19
601555,Gaël Kakudji,1999-07-06
601577,André Anderson,1999-09-23
602299,Petar Zovko,2002-03-25
602487,Rasmus Nissen,2001-06-25
603940,Marvin Park,2000-07-03
605627,Pavel Kaloshin,1998-03-13
606126,Ali Demirel,2003-01-02
606276,Asim Aksungur,2000-10-08
606604,Daryl Meikle,2001-06-14
607854,Éderson,1999-07-07
608406,Tuana Ozdemir,2001-06-15
610083,Unai Vencedor,2000-11-15
610706,Jamal Baptiste,2003-11-11
611430,Mohamed Diaby,1996-09-03
611935,Jonas Langballe,2003-07-20
612143,Kylian Kaïboué,1998-08-20
612570,Gökmen Aydogdu,2000-08-27
613498,Konstantinos Malaj,1999-12-17
615300,Nikola Stajic,2001-09-08
617019,Matthew Garbett,2002-04-13
617178,Matteo Carnelos,2003-02-22
618415,Nathan Bitumazala,2002-12-10
620315,Lenny Lacroix,2003-02-06
621314,Georgios Daktylas,2001-09-22
622179,Jamie Smith,2002-05-08
622461,Sergey Babkin,2002-09-25
623090,Manolis Perdikis,1999-08-29
623329,Edvard Kobak,2002-04-22
623543,Georgios Rodis,2001-11-02
623557,Islam Alsultanov,2001-08-18
624942,Raúl Moro,2002-12-05
625047,Beñat Prados,2001-02-08
625651,Urko González,2001-03-20
626960,Juan Artola,2000-04-07
627294,Fer Niño,2000-10-24
628080,Muhammet Akpinar,2002-02-06
631996,Brandon Aguilera,2003-06-28
632112,Hamza Özdemir,2001-05-15
633377,Kaique Rocha,2001-02-28
633624,Cole McKinnon,2003-01-29
638235,Alejandro Cantero,2000-06-08
640109,Martín Satriano,2001-02-20
640492,Faissal Zangré,1997-05-05
640556,Rav van den Berg,2004-07-07
642689,Mikael,1999-05-28
644563,Bryan Soumaré,1999-02-11
645588,Tomás Händel,2000-11-27
646376,Franck Bahi,1999-12-20
647787,Malcom Bokele,2000-02-12
648971,Aldom Deuro,2000-12-20
649287,Issah Salou,1999-02-04
649317,Jhon Durán,2003-12-13
650224,Christos Kourfalidis,2002-11-11
652672,Kai Fotheringham,2003-04-18
653610,Igor Paixão,2000-06-28
654470,Frederik Heiselberg,2003-02-11
654472,Marcus Alstrup,2004-03-24
658533,Abu Francis,2001-04-27
658835,Kader Keita,2000-11-06
659543,Matthis Abline,2003-03-28
659648,Gioele Zacchi,2003-07-10
660867,Julio Enciso,2004-01-23
661428,Elias Hoff Melkersen,2002-12-31
663398,Baris Dogan,2001-01-13
663890,Mikkel Fischer,2004-03-23
665113,Percy Liza,2000-04-10
666136,Corey Panter,2000-10-19
666744,Alexandre Lauray,1997-03-18
667526,Özgür Sert,2001-01-11
668277,Alan Godoy,2003-05-04
671334,Berke Demircan,2002-11-25
673153,Artem Isik,2002-04-28
677252,Umut Eren Tunc,2002-04-29
685487,Noah König,2003-05-17
685661,Omar Popov,2003-01-02
685761,Danil Khromov,2002-12-25
686845,Zidane Iqbal,2003-04-27
686965,Juan Cabal,2001-01-08
690665,Robbin Weijenberg,2004-11-08
690993,Daichi Hayashi,1997-05-23
691316,Luis Henrique,2001-12-14
691781,Denis Osokin,2002-11-14
696597,Alexandre Gameiro,1999-01-18
696598,Ibrahim Cissé,1999-01-11
696631,Isaiah Jones,1999-06-26
696851,Paul Wade,2000-04-17
697917,Melih Bostan,2004-04-08
698164,Freddie Potts,2003-09-12
698548,Marko Lazetic,2004-01-22
699005,Anthony Uzodimma,1999-04-17
699842,Anton Baydal,2000-02-08
700464,Josh O'Connor,2004-06-16
703474,Robert Street,2001-09-26
703720,Mithat Pala,2000-08-15
704147,Dean McMaster,2003-04-13
707274,César Tárrega,2002-02-26
707279,Hugo González,2003-02-07
707317,Antoine Valério,1999-12-11
709479,Abdulla Abdullaev,2002-02-12
709970,Jan Oliveras,2004-07-07
710045,Oskar Preil,2003-09-14
711980,Guéla Doué,2002-10-17
715470,Brian Bayeye,2000-06-30
718123,Samuel Nongoh,2004-03-04
718190,Jorge Cofrades,2001-01-19
718756,Daniil Khudyakov,2004-01-09
719209,Thijmen Blokzijl,2005-02-25
720038,Pablo Torre,2003-04-03
726131,Jeppe Kudsk,2003-02-25
731466,Teddy Sharman-Lowe,2003-03-30
739076,Abou Lo,2000-01-02
742201,Giuliano Simeone,2002-12-18
743232,Bogdan Rogochiy,2003-07-11
743376,Cihan Canak,2005-01-24
745211,Egeberk Gabel,2003-06-10
745461,Luca Koleosho,2004-09-15
746908,Kike Carrasco,1998-03-02
747009,Justin Devenny,2003-10-11
748936,Dmytro Piddubnyi,2000-01-15
752046,Dmytro Mykhaylov,2000-01-28
767643,Oleksandr Myzyuk,1995-05-31
779244,Ivan Varfolomeev,2004-03-24
780352,Bourama Fomba,1999-07-10
783396,Ramón Terrats,2000-10-18
783799,Mathys Saban,2002-05-15
793415,Arda Kilic,2005-01-21
798929,Gvidas Gineitis,2004-04-15
808767,Camil Mmaee,2004-02-21
809723,Bogdan Zhinchyn,2001-04-25
812625,Agustín Álvarez,2001-05-19
815093,Konstantinos Lampropoulos,2003-04-21
815888,Cem-Ali Dogan,2004-07-19
818252,Pedro Malheiro,2001-01-21
820647,Alaattin Öner,2004-03-30
820663,Mert Sarikus,2001-05-31
823231,Dango Ouattara,2002-02-11
837093,Fred Gnalega,2001-10-08
838384,Anton Bol,2003-01-08
842904,Sergiy Zayets,2001-10-03
855043,Ryan Bakayoko,2002-02-13
855160,Guédé Nadje,2003-11-12
857653,Lucas Calodat,2002-02-06
859396,Metinho,2003-04-23
861221,Ebenezer Annan,2002-08-21
862085,Nikolaos Chalkiadakis,2004-02-19
862880,Mahamadou Doucouré,2000-05-22
863829,Alagie Saine,2003-01-20
865092,Danil Akhatov,2003-12-22
865557,Lorenzo Prso,2001-01-18
867426,Unai Ayala,2004-02-22
873445,Emrecan Terzi,2004-01-05
873539,Ethem Balci,2003-06-17
874874,Taha Veysel Kemendi,2003-05-10
875114,Arda Cagdas,2004-01-01
875412,Manssour Fofana,2002-07-10
876866,Umut Tanis,2004-02-10
880169,Nabil Ouennas,2003-07-12
881297,Adam Daghim,2005-09-28
892217,Eneko Ortiz,2003-05-26
895547,Giannis Theodosoulakis,2004-09-11
906329,Roger,2005-11-21
909138,Daniel Sosah,1998-09-21
911232,Moses David Cobnan,2002-09-10
914046,Noah Serwy,2003-02-21
918157,Aymeric Ahmed,2003-11-08
926273,Kyrylo Arkhypchuk,2003-08-13
934050,Martin Huldahl,2004-09-20
945909,Rory MacLeod,2006-02-03
962560,Kanfory Kaba,2004-03-23
974982,Ousmane Diomande,2003-12-04
985349,Igor Henrique,2004-02-17
1020544,Yuliwes Bellache,2002-12-15
1050852,Vitaliy Kholod,2004-01-15
1111275,Maksim Kardavar,1994-03-01
109,Dedê,1978-04-18
1150,Raphael Schäfer,1979-01-30
1496,Heiko Butscher,1980-07-28
2514,Bastian Schweinsteiger,1984-08-01
3131,Kevin Phillips,1973-07-25
3226,Nicolas Anelka,1979-03-14
3269,Calvin Zola,1984-12-31
3306,Jonathan Walters,1983-09-20
3458,Lomana LuaLua,1980-12-28
3560,Jerome Thomas,1983-03-23
3589,Gary Naysmith,1978-11-16
3630,Paul Robinson,1979-10-15
3762,Peter Whittingham,1984-09-08
3851,Jan-Ingwer Callsen-Bracker,1984-09-23
3913,Omar Daf,1977-02-12
4055,Dean Marney,1984-01-31
4072,Peter Crouch,1981-01-30
4190,Brian Murphy,1983-05-07
4192,Rafael van der Vaart,1983-02-11
4323,Jelle Van Damme,1983-10-10
4357,Klaas-Jan Huntelaar,1983-08-12
4403,Daniel Jensen,1979-06-25
4424,Nicky Hofs,1983-05-17
4746,David Yelldell,1981-10-01
5245,Alexandru Gatcan,1984-03-27
5399,Kamel Chafni,1982-06-11
5794,Obafemi Martins,1984-10-28
5922,Simone Perrotta,1977-09-17
5925,Nicola Legrottaglie,1976-10-20
5957,Alberto Aquilani,1984-07-07
5980,Luca Toni,1977-05-26
6026,Tommaso Rocchi,1977-09-19
6090,Manuele Blasi,1980-08-17
6119,Mohamed Sissoko,1985-01-22
6803,Henri Bedimo,1984-06-04
6915,Mehmet Yilmaz,1979-05-22
6986,Thibault Giresse,1981-05-25
7025,Selcuk Sahin,1981-01-31
7373,Albert Riera,1982-04-15
7449,Gaël Clichy,1985-07-26
7717,José Antonio Reyes,1983-09-01
7723,Antonio López,1981-09-13
7881,Alberto Lopo,1980-05-05
7901,Nano,1982-04-20
8480,Sito Riera,1987-01-05
8640,Andreas Lambertz,1984-10-15
9543,Edú,1981-11-30
9616,Steven Thompson,1978-10-14
9688,Tomas Hübschman,1981-09-04
9697,Pavel Krmas,1980-03-03
9824,Hugo Almeida,1984-05-23
9828,Ricardo Carvalho,1978-05-18
10917,Jan Zimmermann,1985-04-19
12106,Ludovic Obraniak,1984-11-10
12391,Stéphen Drouin,1984-02-27
12610,Andy Webster,1982-04-23
12895,Nikolaos Anastasopoulos,1979-08-05
12906,Michaël Ciani,1984-04-06
12912,Davy De Beule,1981-11-07
13431,Nathan Tyson,1982-05-04
13616,Andy Wilkinson,1984-08-06
13831,Marius Niculae,1981-05-16
13845,Serge Dié,1977-10-04
14041,Mikele Leigertwood,1982-11-12
14044,Andy Lonergan,1983-10-19
14221,Aaron Lennon,1987-04-16
14331,Manú,1982-08-28
14552,Ryan Smith,1986-11-10
14939,Adrian Pukanych,1983-06-22
14954,Nicolas Godemèche,1984-06-22
14971,Hjalte Bo Nörregaard,1981-04-08
15039,Jonas Kamper,1983-05-03
15067,Maksym Kalynychenko,1979-01-26
15072,Roman Pavlyuchenko,1981-12-15
15135,Rasmus Würtz,1983-09-18
15209,Andreas Johansson,1978-07-05
15300,Miso Brecko,1984-05-01
15378,Andrey Arshavin,1981-05-29
15650,Igor Denisov,1984-05-17
15666,Oleg Vlasov,1984-12-10
15680,Artem Rebrov,1984-03-04
15843,Jonathan Legear,1987-04-13
15916,Jason Brown,1982-05-18
16617,Faris Haroun,1985-09-22
17249,Simone Pepe,1983-08-30
17292,Joeano,1979-08-12
17675,Florian Jarjat,1980-02-18
17693,Sébastien Roudet,1981-06-16
18012,Paul Quasten,1985-03-13
18036,Nicolas Douchez,1980-04-22
18397,Salim Arrache,1982-07-14
18532,Landry Mulemo,1986-09-17
18901,Jérémy Clément,1984-08-26
20124,Horacio Cardozo,1979-11-29
20346,David Barral,1983-05-10
20730,Daniele Conti,1979-01-09
20857,Anders Möller Christensen,1977-07-26
21332,Kevin McBride,1981-06-14
21334,Stephen McManus,1982-09-10
21370,Ugur Ucar,1987-04-05
21387,Sean Murdoch,1986-07-31
21493,Tim Gilissen,1982-06-04
21666,Peter Franquart,1985-05-04
21690,Daniele Mannini,1983-10-25
21748,Alessio Cerci,1987-07-23
21859,Mattia Cassani,1983-08-26
22067,Stijn De Smet,1985-03-27
22210,Luca Rigoni,1984-12-07
22249,Cristian Raimondi,1981-04-30
22720,William,1985-02-07
22823,Gennaro Esposito,1985-03-18
22832,Daniel Agger,1984-12-12
22860,Jesper Hansen,1985-03-31
24032,Vitaliy Lysytskyi,1982-04-16
24180,Martin Skrtel,1984-12-15
24233,Tome Pačovski,1982-06-28
24466,Hugo Faria,1983-02-15
24861,Minas Tzanis,1984-07-04
25060,Andrey Bochkov,1982-01-13
25427,Roy Beerens,1987-12-22
25754,Shota Grigalashvili,1986-06-21
25827,Paulo Arantes,1986-11-15
25841,Eduardo Brito,1982-09-21
26460,Fernando Belluschi,1983-09-10
26946,Robert Koren,1980-09-20
27108,Konstantinos Makridis,1982-01-13
27126,Igor Bazhan,1981-12-02
27307,Nicolas Fauvergue,1984-10-13
27369,João Guilherme,1986-04-21
27554,Manuel Pamic,1986-08-20
27729,Robert Cullen,1985-06-07
27992,Luka Modric,1985-09-09
28260,Álvaro Arbeloa,1983-01-17
28719,Sanel Jahic,1981-12-10
29364,João Moutinho,1986-09-08
29434,Yohan Cabaye,1986-01-14
29686,Tolga Özgen,1980-02-28
30710,Ismail Aissati,1988-08-16
30782,Santiago Gentiletti,1985-01-09
30942,Mike Frantz,1986-10-14
31039,Hussein Mumin,1987-03-24
31451,Torsten Oehrl,1986-01-07
31776,Oleksandr Yakovenko,1987-06-23
33448,Cristian Rodríguez,1985-09-30
33465,Raïs M'Bolhi,1986-04-25
33739,Cristiano,1983-09-28
34006,Pintassilgo,1985-06-30
34171,Hakan Söyler,1983-04-06
34204,Themistoklis Tzimopoulos,1985-11-20
34211,Cristiano Del Grosso,1983-03-24
34396,Marko Lomic,1983-09-13
34543,Dusan Svento,1985-08-01
34576,João Pedro,1987-12-29
35029,Ibrahim Kas,1986-09-20
35090,Fonseca,1985-01-05
35252,Özgür Can Özcan,1988-04-10
35540,Víctor Casadesús,1985-02-28
35583,Daniel Pudil,1985-09-27
36212,Alan Kasaev,1986-04-08
36391,Viktor Elm,1985-11-13
36478,Alanzinho,1983-02-22
36527,Lee Hollis,1986-02-12
36632,Jamie MacDonald,1986-04-17
36658,Frazer Wright,1979-05-01
36845,Bojan Saranov,1987-10-22
37221,Thomas Enevoldsen,1987-07-27
37398,Manuel da Costa,1986-05-06
37700,Alan Martin,1989-01-01
37763,Kenneth Stenild,1987-09-11
37873,Aykut Akgün,1987-09-18
37899,Aydin Karabulut,1988-01-25
37966,Gabriel Cichero,1984-04-25
38003,Alexander Büttner,1989-02-11
38283,Patryk Malecki,1988-08-01
38305,Ivan Ivanov,1988-02-25
38582,Walter Bressan,1981-01-26
38593,Marek Hamsik,1987-07-27
38682,Aleksey Ivanov,1981-09-01
39020,Benedikt Höwedes,1988-02-29
39090,Fredy Guarín,1986-06-30
39426,Nicolai Müller,1987-09-25
39918,Régis Gurtner,1986-12-08
40043,Leon Britton,1982-09-16
40660,Alessandro Matri,1984-08-19
41037,Danilo,1986-11-11
41191,Magnus Lekven,1988-01-13
41541,Danny Blum,1991-01-07
41759,Mario Budimir,1986-02-12
42198,Sone Aluko,1989-02-19
42234,Havard Nordtveit,1990-06-21
42267,Nabil Dirar,1986-02-25
42366,Mads Agesen,1983-03-17
42539,Arnaud Djoum,1989-05-02
42710,Toby Alderweireld,1989-03-02
42717,Jo Coppens,1990-12-21
42731,Hervé Kage,1989-04-10
42853,Ferreira,1984-10-24
42933,Anis Boussaidi,1981-04-10
42938,Athanasios Papazoglou,1988-03-30
43075,Michael Törnes,1986-01-08
43235,Ilya Madilov,1988-06-18
43364,Luigi Scaglia,1986-11-23
44012,David García,1982-02-25
44017,Javi Martínez,1988-09-02
44122,André Schembri,1986-05-27
44361,Oleksiy Gay,1982-11-06
44521,Kevin Großkreutz,1988-07-19
44903,Réginal Goreux,1987-12-31
44977,Ugur Demirok,1988-07-08
45072,David Barron,1987-09-10
45227,Mehmet Uslu,1988-02-25
45314,Federico Fazio,1987-03-17
45353,Wallace,1986-10-29
45383,Adrián López,1988-01-08
45613,Sergey Kislyak,1987-08-06
45921,Luke Daniels,1988-01-05
46236,Manolis Moniakis,1988-11-09
46594,Scott Vernon,1983-12-13
46662,Cristian Tanase,1987-02-18
47375,Ivan Rodic,1985-11-11
47459,Ante Puljic,1987-11-05
47637,Sandi Krizman,1989-08-17
47741,Theo Vogelsang,1990-02-23
47781,Sakari Mattila,1989-07-14
48002,Angelo Ogbonna,1988-05-23
48550,Roman Shirokov,1981-07-06
48619,Milos Stojcev,1987-01-19
49462,Mikhail Bakaev,1987-08-05
49795,Dejan Lekic,1985-06-07
50143,Jonas,1984-04-01
50691,Kasper Fisker,1988-05-22
51420,Ángel Dealbert,1983-01-01
51489,Aritz López Garai,1980-11-06
51497,Ridge Munsy,1989-07-09
51510,Ángel Rodríguez,1987-04-26
51545,Mario Bermejo,1978-10-07
51897,Vladislav Ignatjev,1987-01-20
51954,Antonis Ladakis,1982-01-25
51956,Rogério Martins,1984-11-19
52045,Athanasios Panteliadis,1987-09-06
52063,Toni Calvo,1987-03-28
52647,Júlio César,1986-09-02
52723,Dávid Gróf,1989-04-17
52787,Dentinho,1989-01-19
52897,Hernanes,1985-05-29
53231,Diego Cavalieri,1982-12-01
53293,Manu Fernández,1986-05-09
53622,Ilkay Gündogan,1990-10-24
53922,Alan Kardec,1989-01-12
54714,Emiljano Vila,1988-03-12
54906,Matteo Darmian,1989-12-02
54928,Diego Godín,1986-02-16
54935,Martín Cáceres,1987-04-07
55317,Edno,1983-05-31
55382,Cristian,1983-06-25
55484,Márcio Azevedo,1986-02-05
55756,Agil Etemadi,1987-04-23
55759,Arnór Smárason,1988-09-07
55972,Guram Kashia,1987-07-04
56026,Tanju Kayhan,1989-07-22
56097,Deniz Aycicek,1990-06-05
56130,Saúl,1985-04-09
56436,Jens van Son,1987-08-19
56491,Barry Maguire,1989-10-27
56528,Kagan Söylemezgiller,1988-03-04
56534,Donny Gorter,1988-06-15
56762,Pasquale Schiattarella,1987-05-30
56785,Elliot Grandin,1987-10-17
57020,Marios Nikolaou,1983-10-04
57021,Michalis Pavlis,1989-09-22
57186,Bakary Koné,1988-04-27
57188,László Köteles,1984-09-01
57354,Giuseppe Bellusci,1989-08-21
57414,Giannis Kiliaras,1988-06-09
57525,Romain Genevois,1987-10-28
57791,Diego Castro,1982-07-02
58402,Maksym Kovalyov,1989-03-20
58437,Dani Schahin,1989-07-09
58810,Kerem Can Akyüz,1989-07-01
58976,Maksim Startsev,1980-01-20
58988,Emídio Rafael,1986-01-24
59045,Pavlo Gryshchenko,1990-07-06
59145,Gernot Trauner,1992-03-25
59168,Peter Hackenberg,1989-02-06
59266,Ilya Galyuza,1979-11-16
59333,Diego Ângelo,1986-02-12
59411,Marko Devic,1983-10-27
59641,Denis Odoi,1988-05-27
59791,Jorge Teixeira,1986-08-27
59930,Apodi,1986-12-13
60525,Yoann Court,1990-01-14
60542,Maxime Gonalons,1989-03-10
60596,Nicolas Seguin,1990-03-06
61194,Vladan Giljen,1989-12-07
61344,Borja Viguera,1987-03-26
61666,Henrik Ojamaa,1991-05-20
61674,Martyn Waghorn,1990-01-23
61832,Jake Livermore,1989-11-14
62094,James Tavernier,1991-10-31
62125,Harmeet Singh,1990-11-12
62457,Rasmus Festersen,1986-08-26
62688,Scott Dann,1987-02-14
62966,Jokin Esparza,1988-06-15
63047,Milan Skoda,1986-01-16
63706,Mikel Saizar,1983-01-18
63833,Jiloan Hamad,1990-11-06
64355,Furdjel Narsingh,1988-03-13
64791,Süleyman Koc,1989-06-09
64793,Leonardo Pavoletti,1988-11-26
64893,Farkhod Vasiev,1990-04-14
66110,Jon Gaztañaga,1991-06-28
67283,Ben Hamer,1987-11-20
67864,Maurício,1988-09-20
68290,Neymar,1992-02-05
68407,Giannis Georgopoulos,1992-05-10
68523,Musa Nizam,1990-09-08
68815,Felipe Trevizan,1987-05-15
69306,Thomas Nörgaard,1987-01-07
69458,Wíres,1982-12-30
69576,Theodoros Vasilakakis,1988-07-20
69978,Josef Sural,1990-05-30
70209,Adama Traoré,1990-02-03
71787,Joey Godee,1989-03-02
72651,Bruno Fornaroli,1987-09-07
73013,Pierre-Michel Lasogga,1991-12-15
73083,Franco Zuculini,1990-09-05
73120,Ahmed Kashi,1988-11-18
73185,Lucas Pérez,1988-09-10
73257,Nagore,1980-12-27
73335,Anzor Sanaia,1989-05-22
73427,Caleb Patterson-Sewell,1987-05-20
73582,Gary Woods,1990-10-01
73623,Luis Ibáñez,1988-07-15
73769,Zé Soares,1983-07-27
73782,Adrián Ramos,1986-01-22
73852,Fredy Montero,1987-07-26
74448,Andrea Rispoli,1988-09-29
74544,Joachim Van Damme,1991-07-23
74621,Jonathan Urretaviscaya,1990-03-19
74842,Mario Götze,1992-06-03
74900,Jakub Sylvestr,1989-02-02
74996,Izet Hajrovic,1991-08-04
75209,Igor Shitov,1986-10-24
75442,Nico Gaitán,1988-02-23
75568,Viktor Lundberg,1991-03-04
76028,Taison,1988-01-13
76071,Leandro,1983-12-29
76746,Damián Suárez,1988-04-27
76924,Felipe Pardo,1990-08-17
77005,Alper Kalemci,1991-07-22
77140,Goran Galesic,1989-03-11
77920,Immanuel Höhn,1991-12-23
78082,Cheick Diabaté,1988-04-25
78716,Oleg Aleynik,1989-02-08
78917,Julien Faussurier,1987-01-14
78940,Haris Dilaver,1990-02-06
79620,Ali Crawford,1991-07-30
80188,Benoît Poulain,1987-07-24
80339,Graham Carey,1989-05-20
80599,David Addy,1990-02-21
80840,Ismaïla N'Diaye,1988-01-22
81056,Dylan Gissi,1991-04-27
82008,Phillipp Steinhart,1992-07-07
82018,Hendrick Zuck,1990-07-21
82926,Leon Broekhof,1988-05-14
83485,Nuno Reis,1991-01-31
84150,Rafael Czichos,1990-05-14
84260,Nicky Kuiper,1989-06-07
84802,Filip Kljajic,1990-08-16
84835,Emanuele Giaccherini,1985-05-05
84979,Callum Booth,1991-05-30
85176,Nurettin Kayaoglu,1992-01-08
85602,Pires,1981-04-01
85866,Roussel Ngankam,1993-09-15
86055,Parfait Mandanda,1989-11-10
86158,Onur Cenik,1992-09-24
86739,Simeon Raykov,1989-11-11
87512,Matías Castro,1991-12-18
87864,Mohamed Achraf Khalfaoui,1980-10-24
88103,James Rodríguez,1991-07-12
88373,Nicolai Jörgensen,1993-01-12
88388,Gaby Jallo,1989-01-01
89400,Igor Kaleshin,1983-05-29
89581,Dennis Dessaer,1983-06-17
89643,Kévin Gomis,1989-01-20
90297,Brent McGrath,1991-06-18
90591,Vincent Martin,1980-04-29
90593,Cedric Meurisse,1984-01-25
90681,Eliaquim Mangala,1991-02-13
90937,Yigit Incedemir,1985-03-09
90983,Ridvan Simsek,1991-01-17
91317,Ashley Westwood,1990-04-01
91365,Andrey Voronkov,1989-02-08
91465,Andriy Zaporozhan,1983-03-21
91549,Valeriy Kutsenko,1986-11-02
91722,Anton Golenkov,1989-12-17
91849,Thomas Delaney,1991-09-03
92575,Yuriy Gabovda,1989-05-06
92741,Aleksandar Stankov,1991-02-19
92747,Sébastien Didier,1984-07-11
93056,Emmanuel Frimpong,1992-01-10
93077,Sergiy Starenkyi,1984-09-20
93142,Dani Torres,1989-11-15
93732,Chris Mavinga,1991-05-26
93935,Sergio Escudero,1989-09-02
94094,Filippo Fondi,1989-07-03
94184,Gertjan Martens,1988-09-20
94211,Enes Uzun,1992-01-25
94292,Kristian Faeste,1990-03-24
95239,Pavlo Shchedrakov,1985-01-17
95424,Kyle Walker,1990-05-28
95604,Gianni Bruno,1991-08-19
95870,Toni Silva,1993-09-15
96540,Alfredo Ortuño,1991-01-21
96630,Ante Coric,1997-04-14
97159,Anestis Nastos,1989-04-28
98322,Denis Cheryshev,1990-12-26
98492,Aleksandr Stolyarenko,1991-01-18
98536,Adis Jahovic,1987-03-18
98537,Yuri Petrakov,1991-01-27
98543,Aslan Dudiev,1990-06-15
98821,Andriy Savchenko,1994-09-29
99353,Portu,1992-05-21
101506,Aderlan,1990-08-18
102621,Jeppe Hansen,1989-02-10
102744,Sébastien Corchia,1990-11-01
103261,Jérémy Hélan,1992-05-09
103370,Adriano Facchini,1983-03-12
104543,Théo Defourny,1992-04-25
104705,Igor Portnyagin,1989-01-07
105874,Amadou Soukouna,1992-06-21
106181,Jacques Zoua,1991-09-06
106644,Steven Lawless,1991-04-12
106987,Marcel Sabitzer,1994-03-17
107274,Sergiy Chebotaev,1988-03-07
107444,Antonio Briseño,1994-02-05
107775,Frederik Rönnow,1992-08-04
108382,Robin Udegbe,1991-03-20
108390,Thibaut Courtois,1992-05-11
108636,Nosa Igiebor,1990-11-09
109881,Thulani Serero,1990-04-11
110338,Luca Mora,1988-05-10
110577,Damiano Zanon,1983-02-09
110864,Sam Johnstone,1993-03-25
111005,Frédéric Bulot,1990-09-27
111011,Yvan Erichot,1990-03-25
111039,Ishak Belfodil,1992-01-12
111528,Anthony Gonçalves,1986-03-06
112008,Ofir Marciano,1989-10-07
112022,Maxime Barthelmé,1988-09-08
112336,Jörgen Skjelvik,1991-07-05
112515,Marcos Alonso,1990-12-28
113888,Igor Levchenko,1991-02-23
114113,Gudmundur Thórarinsson,1992-04-15
114130,Fábio Espinho,1985-08-18
114899,Deniz Öksüz,1987-10-24
114937,Dudu,1992-01-07
115860,Branimir Aleksic,1990-12-24
116791,Don Cowan,1989-11-16
116900,Simon Hedlund,1993-03-11
117674,Maximilian Arnold,1994-05-27
118022,Younès Belhanda,1990-02-25
118129,Federico Falcone,1990-02-21
118492,Hotaru Yamaguchi,1990-10-06
118534,Michael Keane,1993-01-11
118689,Leonardo Spinazzola,1993-03-25
119369,Federico Dionisi,1987-06-16
119581,Marvin Wanitzek,1993-05-07
119772,Roland Ugrai,1992-11-13
120205,Michael Gregoritsch,1994-04-18
121335,Liam Marrs,1992-11-26
121398,Tommy Smith,1992-04-14
121940,Giovanni Gravenbeek,1988-05-11
123136,Alassane N'Diaye,1990-02-25
123252,Junya Tanaka,1987-07-15
123305,Djakaridja Koné,1986-06-22
123520,Benjamin van Leer,1992-04-09
124286,Hugo Vieira,1988-07-25
124410,Rani Khedira,1994-01-27
124461,Mattia Maggio,1994-02-22
124550,Ola John,1992-05-19
124559,Alen Stevanovic,1991-01-07
124697,Georgios Kaminiaris,1988-10-20
124769,Luca Marrone,1990-03-28
124895,Bart Schenkeveld,1991-08-28
125314,Pontus Jansson,1991-02-13
125614,Sargis Adamyan,1993-05-23
125698,Dillon Powers,1991-02-14
125710,Emiliano Tortolano,1990-05-22
125746,Richard Tait,1989-12-02
125829,Adem Candir,1993-03-19
125850,Marc McNulty,1992-09-14
126188,George Brislen-Hall,1992-12-24
126214,Mathew Leckie,1991-02-04
126360,Yuriy Lodygin,1990-05-26
126664,Lucas Digne,1993-07-20
126729,Patric,1993-04-17
127139,Guillaume Legras,1990-01-17
127185,Kévin Crépel,1993-04-16
127187,Abdoulaye Doucouré,1993-01-01
127189,Geoffrey Kondogbia,1993-02-15
127307,Maksim Batov,1992-06-05
128362,Andreas Iraklis,1989-05-16
128363,Angelos Zouboulakis,1989-05-23
129001,Sherwin Grot,1990-07-29
129390,Dmytro Ivanov,1989-09-30
129483,Derik Osede,1993-02-21
129561,Sergey Chernik,1988-07-20
129582,Adrien Faidherbe,1994-07-12
129585,Guillaume Hubert,1994-01-11
130158,Jonathan Bauman,1991-03-30
130666,Bruninho,1988-09-30
130824,Yevgen Zubeyko,1989-09-30
130940,Idris Mandiang,1984-12-27
130964,Boubacar Fofana,1989-11-06
131790,Süleyman Özdamar,1993-02-25
132213,Mo Yaqub,1994-01-07
132563,Morteza Pouraliganji,1992-04-19
132730,Panagiotis Kourdakis,1988-08-15
132999,Ivan Rogac,1992-06-18
134293,Jayden Stockley,1993-09-15
136091,Simone Calvano,1993-07-11
136109,Alexei Coselev,1993-11-19
136581,Aaron Martin,1989-09-29
136645,Praxitelis Vouros,1995-05-05
137704,Miguel Ángel Guerrero,1990-07-12
138394,Rosario Licata,1989-01-16
138446,Renato,1991-12-03
139198,Gevaro Nepomuceno,1992-11-10
139503,Enner Valencia,1989-11-04
140128,Edder Farías,1988-04-12
140191,Ryan Fredericks,1992-10-10
140436,Lei Wu,1991-11-19
140803,Anthony Limbombe,1994-07-15
140957,Alex,1990-08-21
141344,Lee Lynch,1991-11-27
141660,Jesse Lingard,1992-12-15
142031,Omar Mascarell,1993-02-02
144547,Petr Ten,1992-07-12
144904,Jonas Knudsen,1992-09-16
146163,Raphael Framberger,1995-09-06
146284,Denis Shebanov,1989-11-27
146554,Anton Saroka,1992-03-05
147151,Bright Dike,1987-02-02
148123,Sven Mende,1994-01-18
148824,Soma Novothny,1994-06-16
148911,Frankie Sutherland,1993-12-06
149654,Sancidino,1994-03-05
149655,Daniel Martins,1993-06-23
151505,Auremir,1991-09-10
152093,Anderson Correia,1991-05-06
152642,Kyle Ebecilio,1994-02-17
153582,Alexander Scholz,1992-10-24
153664,Khaled Narey,1994-07-23
154199,Wesley Lautoa,1987-08-25
154578,Saulo Decarli,1992-02-04
157166,Sidy Koné,1992-06-06
157993,Caner Osmanpasa,1988-01-15
158071,Sergio Mendigutxia,1993-06-12
158697,Gaël Bigirimana,1993-10-22
158700,Tendayi Darikwa,1991-12-13
158792,Eneko Satrústegui,1990-09-25
160506,Josip Radosevic,1994-04-03
160929,Marvin Schwäbe,1995-04-25
161851,Fouad Rachid,1991-11-15
162571,Anastasios Bakasetas,1993-06-28
163627,Lorenzo Bambozzi,1994-07-26
163628,Riccardo Barbuti,1992-03-12
163738,Moses Odubajo,1993-07-28
164236,Aurelian Chitu,1991-03-25
164487,Fegor Ogude,1987-07-29
164729,Panagiotis Tsintotas,1993-07-04
164816,Javi Álamo,1988-08-18
164967,Axel Maraval,1993-10-20
165354,Stefanos Gounaridis,1990-06-15
166326,Peter Leeuwenburgh,1994-03-23
166575,Zauri Makharadze,1993-03-24
166666,Jean Marie Dongou,1995-04-22
167165,Pedro Tiba,1988-08-31
167216,Kuca,1989-08-02
167727,Andrea Belotti,1993-12-20
167895,Luca Rizzo,1992-04-24
167896,Gianluca Sampietro,1993-03-15
168161,Anil Koc,1995-01-29
168959,Nemanja Radoja,1993-02-06
168989,Silvan Widmer,1993-03-05
169334,Henk Dijkhuizen,1992-06-09
169497,Juan Cruz,1992-07-28
170544,Christophe Hérelle,1992-08-22
170712,Nabila Samba,1992-09-15
170905,Florian David,1992-11-16
171078,Kevin Holt,1993-01-25
171408,Gaëtan Courtet,1989-02-22
171412,Abdelkarim Hassan,1993-08-28
172137,Tiago Caeiro,1984-03-29
172143,João Meira,1987-04-30
173463,Muhammed Demirci,1995-01-03
173483,Nahki Wells,1990-06-01
173584,Raheem Hanley,1994-02-24
174196,Kenny Lala,1991-10-03
174842,El Arbi Hillel Soudani,1987-11-25
174852,Emilio Mac Eachen,1992-05-04
175323,Óscar Duarte,1989-06-03
175589,Kieran MacDonald,1993-07-21
175836,Miguel Cifuentes,1990-10-05
176442,Taha Can Velioglu,1994-02-21
176618,Pavel Mogilevets,1993-01-25
177476,Nathan Aké,1995-02-18
177859,Tiago Ilori,1993-02-26
177866,Mica Pinto,1993-06-04
178322,Jean Evrard Kouassi,1994-09-25
178459,Davie Selke,1995-01-20
178926,Aron Elís Thrándarson,1994-11-10
179451,Donald Love,1994-12-02
179634,Robert Bauer,1995-04-09
179757,Maximiliano Olivera,1992-03-05
181135,Michal Szromnik,1993-03-04
181751,Oguzhan Berber,1992-04-10
181766,Pedro Paulo,1994-02-10
181783,Cláudio Winck,1994-04-15
181797,Anderson Santos,1992-06-10
181833,Dmitri Volkotrub,1992-04-23
182323,Lucas Lima,1991-10-10
182718,Tomás Podstawski,1995-01-30
182721,Tiago Duque,1994-06-25
182913,Adrien Rabiot,1995-04-03
182991,Agustín Vuletich,1991-11-03
183293,Joe Rothwell,1995-01-11
183436,Kento Hashimoto,1993-08-16
183538,Ivan Goranov,1992-06-10
184398,Stephen Kingsley,1994-07-23
184534,Alexander Ludwig,1993-06-30
184672,Guido Carrillo,1991-05-25
185570,Adnane Tighadouini,1992-10-30
185691,Konstantinos Triantafyllopoulos,1993-04-03
186176,Ibra Sekajja,1992-10-31
187024,Evgeniy Chernov,1992-10-23
187098,Dave Bulthuis,1990-06-28
187147,Hjörtur Hermannsson,1995-02-08
187532,Aleksandr Selyava,1992-05-17
187798,Sokratis Dioudis,1993-02-03
187914,Athanasios Kanoulas,1992-02-19
189151,Stelios Kitsiou,1993-09-28
189186,Alim Öztürk,1992-11-17
189437,Guillermo Méndez,1994-08-26
189558,Mads Damgaard,1993-03-31
189640,Michal Travnik,1994-05-17
190333,Farès Bahlouli,1995-04-08
190366,Lucas Mocio,1994-05-11
190393,Corentin Tolisso,1994-08-03
190543,Dener,1992-03-13
190634,Marko Pajac,1993-05-11
191056,Brice Samba,1994-04-25
191391,Yusuf Erdogan,1992-08-07
192018,Christos Intzidis,1993-01-09
192496,Brad Donaldson,1994-07-02
192557,Jackson Irvine,1993-03-07
192736,Sabin Merino,1992-01-04
193079,Scott Fraser,1995-03-30
193081,Ryan Gauld,1995-12-16
193096,Craig Moore,1994-08-16
193256,Gauthier Gallon,1993-04-23
193592,Kristoffer Olsson,1995-06-30
193724,Vito Hammershöy-Mistrati,1992-06-15
194460,Joe Bryan,1993-09-17
195308,Luís Machado,1992-11-04
195810,Bastos,1991-03-27
196313,Jordan Laidler,1993-10-13
196721,Yannick Loemba,1990-04-21
196793,Maximilian Wittek,1995-08-21
196836,Devante Parker,1996-03-16
197135,Joseba Zaldua,1992-06-24
197478,Daniele Grandi,1993-02-05
197484,Federico Varano,1995-01-31
197711,Hakan Bilgic,1992-10-30
197739,Gianny Vanhaecke,1993-06-23
198006,Rafa Soares,1995-05-09
198570,Rui Vieira,1991-11-13
198780,Bauyrzhan Islamkhan,1993-02-23
198967,Mihkel Ainsalu,1996-03-08
199274,Mattia Sprocati,1993-04-28
199321,Rubén Blanco,1995-07-25
199323,Ramón Bueno,1995-02-07
199325,Ander Cantero,1995-01-09
199758,Simone Caruso,1994-09-09
200512,Sadio Mané,1992-04-10
200521,Asael Ben Shabat,1988-05-09
200796,Alexis Scholl,1996-03-11
201628,Oleksiy Maydanevych,1991-07-18
202035,Juan Falcón,1989-02-24
202570,Jakob Bonde,1993-12-29
202886,Ruben Loftus-Cheek,1996-01-23
203167,Dimitrios Popovic,1995-02-11
203330,Tyler Boyd,1994-12-30
205006,Rick Karsdorp,1995-02-11
206386,Tin Jedvaj,1995-11-28
206717,Eduard Sobol,1995-04-20
207576,Oguzhan Aydogan,1997-02-04
207924,Jozabed Sánchez,1991-03-08
208244,Brendan Galloway,1996-03-17
208405,Malthe Johansen,1996-02-01
208446,Darko Zoric,1993-09-12
208772,Liam Kelly,1996-01-23
209048,Luca Checchin,1997-05-03
210141,Didac Devesa,1990-12-30
210153,Alberto Martín,1989-03-31
210202,James Horsfield,1995-11-30
211083,Joel Silva,1990-10-24
212325,Berk Yildiz,1996-01-09
212432,Christos Donis,1994-10-09
213114,Chris Johnston,1994-09-03
214252,Arshak Koryan,1995-06-17
214576,Giovanbattista Catalano,1994-01-22
215092,Pascal Huser,1995-04-17
215094,Nick Olij,1995-08-01
215653,Baptiste Aloé,1994-06-29
216172,Axel Gulin,1995-07-19
216597,Batuhan Altintas,1996-03-14
216718,Florent Bojaj,1996-04-13
217033,Aleksey Sutormin,1994-01-10
217111,Hakim Ziyech,1993-03-19
217923,Khyzyr Appaev,1990-01-27
218118,Lucas Silva,1993-02-16
220656,László Kleinheisler,1994-04-08
221311,Iván Sánchez,1992-09-23
221984,David Forniés,1991-06-02
222636,Florian Escales,1996-02-03
223560,Luciano,1993-05-18
223781,Néstor Díaz,1992-06-26
223920,Adam Stahl,1994-10-08
224691,Alexandre De Bruyn,1994-06-04
224878,João Afonso,1995-02-09
225616,Paul Babiloni,1990-01-16
225736,Arthur Hannes,1994-08-10
226073,Ivo Grbic,1996-01-18
226093,Lorenco Simic,1996-07-15
226262,Miguel García,1991-04-17
227352,Stefan Velkov,1996-12-12
227356,Fabien Dao Castellana,1993-07-28
227511,Maurides,1994-03-10
228038,Michael,1993-04-19
228900,David Djigla,1995-08-23
228945,Ersin Kayalar,1996-01-02
229320,Daniel Romanovskij,1996-06-19
229912,Shane O'Neill,1993-09-02
230066,Adama Mbengue,1993-12-01
230210,Lolo Plá,1993-04-07
230221,Christian Kouakou,1991-03-01
231025,Jordan Marié,1991-09-29
231169,Mathieu Kervestin,1993-05-21
231192,Theodoros Toromanidis,1993-05-06
232093,Reziuan Mirzov,1993-06-22
232577,Jonatan Lucca,1994-06-02
232854,Abdallah Ndour,1993-12-20
232859,Cristian Benavente,1994-05-19
234163,Andi Renja,1993-01-06
234188,Thomas Goddeeris,1992-06-30
234375,Emil Berggreen,1993-05-10
234868,Kamil Mullin,1994-01-05
234914,Stelios Nakas,1994-01-27
235291,Lima Pereira,1994-06-03
235923,Mattia Muroni,1996-04-06
236785,Chrysovalantis Kozoronis,1992-08-03
237436,Mathias Greve,1995-02-11
238585,Declan John,1995-06-30
238627,Achille Anani,1994-12-27
238637,Jonathan Santiago,1994-06-09
238720,Jérôme Prior,1995-08-08
238890,Panagiotis Spyropoulos,1992-08-21
238981,Vittorio Parigini,1996-03-25
240178,Stas Pokatilov,1992-12-08
240194,Raffaele Dalle Vedove,1994-02-28
240220,Adilson,1987-11-25
240360,Esteban Saveljich,1991-05-20
240365,Michele Somma,1995-03-16
240408,Samúel Fridjónsson,1996-02-22
240675,Simone Perilli,1995-01-07
240778,Marko Kvasina,1996-12-20
240912,Hebert,1991-05-23
242018,Alihan Kubalas,1991-10-26
242082,Simone Moschin,1996-01-20
242242,Lorenzo Gallotti,1995-07-03
242630,Michalis Iliadis,1996-05-29
242644,Moses Makasi,1995-09-22
243225,Samuel Mraz,1997-05-13
243744,David Sambissa,1996-01-11
243871,Nicola Guglielmelli,1997-07-23
244140,Quade Taylor,1993-12-11
244338,Pelly-Ruddock Mpanzu,1994-03-22
245029,Michel Franken,1994-01-26
245049,Marko Krivicic,1996-02-01
245083,Jan Repas,1997-03-19
245893,Matt Miazga,1995-07-19
246877,Rachid Aït-Atmane,1993-01-04
247263,Liam Grimshaw,1995-02-02
248271,Umut Nayir,1993-06-28
248330,Chema Rodríguez,1992-03-03
249161,David Moyo,1994-12-17
249256,Jordan Jones,1994-10-24
249459,Tarsi Aguado,1994-10-16
249952,Berkay Özcan,1998-02-15
250007,Clayton,1995-10-23
251484,Umut Tekoglu,1993-08-25
252209,Adrián Balboa,1994-01-19
252800,Serhan Yilmaz,1995-02-20
253331,Ibrahim Halil Yasar,1994-01-21
255172,Alexander Jakobsen,1994-03-18
255440,Nikita Haikin,1995-07-11
256448,Gianluca Mancini,1996-04-17
257324,Jeppe Tverskov,1993-03-12
257448,Gelson Martins,1995-05-11
257534,Emmanuel Onariase,1996-10-21
257785,Gökhan Sazdagi,1994-09-20
258034,Guga,1997-07-18
258138,Milos Stanojevic,1993-11-20
258356,Mauro Savastano,1997-04-16
258626,Talisca,1994-02-01
258653,Tom Beadling,1996-01-16
258888,Kyle Scott,1997-12-22
258889,Dominic Solanke,1997-09-14
260229,Egor Danilkin,1995-08-01
260298,Dmitriy Starodub,1995-05-19
260595,Sultan Aksanov,1993-08-19
260806,Isaac Mbenza,1996-03-08
261504,Aleix García,1997-06-28
261927,Ricardo Horta,1994-09-15
262396,Unai Simón,1997-06-11
262687,Abdullahi Shehu,1993-03-12
262749,David Raya,1995-09-15
263267,Riad Bajic,1994-05-06
263934,Maksim Mayrovich,1996-02-06
264014,Sergio Rochet,1993-03-23
264480,Francesco Bordi,1997-01-28
265542,Semih Güler,1994-11-30
265592,Mitch Pinnock,1994-12-12
266332,Jordy Thomassen,1993-04-15
266441,Joe van der Sar,1998-03-16
266582,Andrey Pridyuk,1994-02-25
266795,Gonzalo Escalante,1993-03-27
266941,Milos Satara,1995-10-28
268055,Maksim Lepskiy,1992-04-08
268122,Iebe Swers,1996-12-27
268216,Marcus Mathisen,1996-02-27
268590,Eloge Yao,1996-01-20
270164,Alexander Groiß,1998-07-01
270308,Kike Boula,1993-07-17
272617,Ryan Bidounga,1997-04-29
272812,Kingsley Ehizibue,1995-05-25
272960,Jesse Wielinga,1994-10-15
273033,Piris da Motta,1994-07-26
273137,Mart de Jong,1995-11-21
273383,Rasmus Karjalainen,1996-04-04
273945,Miroslav Bogosavac,1996-10-14
273973,Nicholas Marfelt,1994-09-15
274571,Laurent Dos Santos,1993-03-21
274765,Héctor Figueroa,1988-10-30
274771,Asdrúbal Padrón,1991-03-13
275303,Hans Hateboer,1994-01-09
275483,Ricardo Kieboom,1991-09-20
276030,Artur Jorge,1994-08-14
276895,Steven Fortes,1992-04-17
277268,Alexis Araujo,1996-11-07
277782,Chris Cadden,1996-09-19
278343,Felix Uduokhai,1997-09-09
280027,Valeri Yaroshenko,1997-05-08
280125,Boris Rasevic,1995-01-26
280398,Didi,1994-02-03
281658,Jami Rafati,1994-04-26
281807,Liam Smith,1996-04-10
282006,Arona Sané,1995-06-21
282031,Christophe Diedhiou,1988-01-08
282280,Vadym Strashkevych,1994-04-21
282382,Roman Salimov,1995-03-24
282460,Ismail Cipe,1995-01-05
282520,Roy Gelmi,1995-03-01
282658,Sidney Friede,1998-04-12
282689,Seung-ho Paik,1997-03-17
283001,Noah Joel Sarenren Bazee,1996-08-21
283871,Florian Dietz,1998-08-03
284737,Törles Knöll,1997-09-13
284744,Fernando Russi,1989-04-21
284970,Stefanos Papoutsogiannopoulos,1994-08-10
285282,Ali Coote,1998-06-11
285551,Joel Coleman,1995-09-26
285597,Vladimir Lobkarev,1993-09-17
286042,Ayron Verkindere,1997-05-17
286071,Konstantinos Zdravos-Rizos,1993-08-16
286293,Edoardo Masciangelo,1996-07-08
286945,Pablo Gállego,1993-10-01
287305,Adolfo Martínez,1992-01-15
287635,Assane Dioussé,1997-09-20
288239,Paulo Pinho,1997-02-11
288248,Denis Will Poha,1997-05-28
288313,Ahmet Canbaz,1998-04-27
288415,Léo Jardim,1995-03-20
288716,Claudiu Balan,1994-06-22
289194,Alphousseyni Sané,1996-01-17
289228,Eduart Rroca,1993-07-28
289241,Eneko Capilla,1995-06-13
289614,Nando Nöstlinger,1998-01-15
290405,Edgar Babayan,1995-10-28
290533,Yann Bodiger,1995-02-09
290550,Dimitrios Katsimitros,1997-06-12
290746,Moreto Cassamá,1998-02-16
290940,Raphaël Diarra,1995-05-27
291033,Faruk Cakir,1995-02-08
291400,Giovanni Crociata,1997-08-11
291749,Cagri Bülbül,1992-02-01
292269,In-hyeok Park,1995-12-29
292357,Georgios Manthatis,1997-05-11
292736,João Góis,1990-05-05
292822,Aldo Kalulu,1996-01-21
293388,Oriol Rey,1998-02-25
293502,Kaare Jensen,1996-02-04
293726,Charlie Gilmour,1999-02-11
293754,Frank Ross,1998-02-18
293955,Yakup Alkan,1992-03-03
295845,Igor Kurylo,1993-05-03
296188,Alexander Rossipal,1996-06-06
296397,Arne Maier,1999-01-08
297230,Bartlomiej Urbanski,1998-05-15
298185,Héctor Pizana,1995-02-07
298417,Ali Faez,1994-09-09
298581,Yusuf Cekic,1995-07-05
299715,Koke Vegas,1995-09-27
300447,Aleksey Gerasimov,1993-04-15
301237,Nicola Dalmonte,1997-09-13
301571,Yüksel Kazdal,1994-08-02
301841,Julien Begue,1993-08-08
303442,Gregers Arndal-Lauritzen,1998-05-03
303657,Ionut Radu,1997-05-28
304791,Dmytro Podkolzin,1993-10-28
305493,Armando Prisco,1997-02-13
306940,Kyriakos Evangelidakis,1994-01-02
307807,Dario Maresic,1999-09-29
308133,Ado Onaiwu,1995-11-08
308265,Anas Tahiri,1995-05-15
310132,Artem Maksimenko,1998-05-27
311696,Kuki Zalazar,1998-05-05
311739,Guillermo Cotugno,1995-03-12
312493,Vito van Crooij,1996-01-29
312891,Evgeniy Latyshonok,1998-06-21
314183,Karlan Grant,1997-09-18
314215,Enes Durmus,1997-01-08
314980,Rubin Seigers,1998-01-11
315209,Cekdar Orhan,1998-03-08
315751,Julio Iricibar,1993-10-24
315870,Emanuele Torrasi,1999-03-16
316137,Moussa Doumbia,1994-08-15
318552,Innes Murray,1998-02-17
319162,Ayo Obileye,1994-09-02
319539,Jesús Pozo,1995-03-24
320861,Matija Rom,1998-11-01
321169,Jordan Thompson,1997-01-03
321860,Marco Ramkilde,1998-05-09
322065,Dennis Hadzikadunic,1998-07-09
322397,Paulin Puel,1997-05-09
323167,Matteo Gabbia,1999-10-21
323788,Dylan Seys,1996-09-26
323934,Matheus Pereira,1998-02-25
323954,Walace,1995-04-04
324350,Sofoklis Radis,1998-02-21
325105,Tom James,1996-04-15
325420,Bogdan Myshenko,1994-12-29
325994,Rasmus Lauritsen,1996-02-27
329899,Christos Theodorakis,1996-09-17
330780,Artem Sokol,1997-06-11
331169,Senad Jarovic,1998-01-20
331514,Bobby Adekanye,1999-02-14
331572,Jean Chopin,1994-10-09
332047,Jessy Benet,1995-06-24
332071,Emil Holten,1996-08-08
333815,Dirk Abels,1997-06-13
334835,Toma Basic,1996-11-25
335619,Bryan Janssen,1995-01-09
336074,Celil Yüksel,1998-01-01
336329,Nils Stendera,2000-09-30
336359,Tolga Tekin,1995-12-01
336704,Alassane Traoré,1996-09-28
336729,Cedric Omoigui,1994-11-11
336891,Sunday Abalo,1995-05-14
338792,Anil Tekeli,1997-05-24
338793,Grad Damen,1997-08-14
339487,Ighodaro Osaguona,1990-10-10
339829,Pierre Kunde,1995-07-26
340066,Stefano Pellini,1997-08-06
340258,Paolo Parente,1997-03-08
340394,Abdelhamid Sabiri,1996-11-28
340429,Francesco Faiella,1997-06-05
340611,Sam Robertson,1997-07-04
340636,Federico Abelli,1997-01-22
340700,Ivan Prtajin,1996-05-14
340853,Javi Sánchez,1997-03-14
340967,Soner Gönül,1997-06-11
342017,Zacharias Marathianos,1994-03-20
342024,João Pedro,1996-11-15
342131,Manolis Bolakis,1994-10-20
342141,Young-jae Seo,1995-05-23
342223,Kévin Appin,1998-01-20
342240,Thijmen Goppel,1997-02-16
342389,Anders Dreyer,1998-05-02
344576,Rayan Raveloson,1997-01-16
344598,Dan-Axel Zagadou,1999-06-03
345225,Steve Shamal,1996-02-22
345587,Luka Racic,1999-05-08
345589,Nicklas Strunck Jakobsen,1999-08-17
345595,Viktor Tranberg,1997-02-26
345647,Anders Hagelskjaer,1997-02-16
346290,Maxime D'Arpino,1996-06-17
346879,Marcel,1992-10-16
347090,Leandro Vilela,1995-06-29
347353,Leonardo Marson,1998-01-05
348795,Giovani Lo Celso,1996-04-09
349347,Jordy Rondeel,1994-08-04
349570,Diney Borges,1995-01-17
349856,Son,1994-03-30
350082,Marco Pissardo,1998-01-08
350357,Sarpreet Singh,1999-02-20
351095,Mehmet Orta,1996-07-25
351478,Mikel Oyarzabal,1997-04-21
351746,Rafa Navarro,1994-02-24
352661,Baris Zeren,1999-03-08
352662,Ali Ülgen,1999-11-10
352811,Aylton Boa Morte,1993-09-23
352851,Pedro Mendes,1993-12-06
352925,Vasco Costa,1991-08-08
353845,Diogo Firmino,1996-11-14
353985,Benjamin Aulagnier,1998-03-10
354136,Vitalie Damascan,1999-01-24
354330,Juan Calero,1998-11-05
354726,Florian Sotoca,1990-10-25
355469,Gleison Moreira,1995-06-23
355479,Ferdinando Del Sole,1998-01-17
355501,Amadou Diawara,1997-07-17
355512,Andreas Skovgaard,1997-03-27
355578,Mohamed Haddachi,1997-04-20
355685,Orhan Džepar,1996-06-13
355761,Giannis Bouzoukis,1998-03-27
356196,Iago Indias,1996-01-03
358261,Konstantinos Doumtsios,1997-09-20
358719,Joseph Amoah,1994-06-26
358734,Alexandru Boiciuc,1997-08-21
358956,Oleksandr Kucherenko,1991-10-01
359205,Jamie Cobain,1996-11-11
359693,James Tilley,1998-06-13
360661,Kevin Nisbet,1997-03-08
361081,Daishawn Redan,2001-02-02
361126,Keyennu Lont,2000-04-04
362746,Muhammed Kiprit,1999-07-09
362977,Josip Juranovic,1995-08-16
363537,Simon Diédhiou,1991-07-10
364237,Mamadou Loum,1996-12-30
365263,Maksim Levin,1999-05-06
365476,Nikita Sorokin,1991-04-07
366645,Alisson Farias,1996-04-07
367024,Giorgi Gadrani,1994-09-30
368638,Morelatto,1994-05-25
369093,Andriy Ralyuchenko,1995-06-08
369684,Rasmus Kristensen,1997-07-11
370997,Dominik Kotarski,2000-02-10
371147,Aksel Aktas,1999-07-15
371256,Tetê,2000-02-15
371816,Dimitry Bertaud,1998-06-06
373373,Lucas Martínez Quarta,1996-05-10
374139,Junior Firpo,1996-08-22
374326,Oliver Valaker Edvardsen,1999-03-19
374889,Kenji Gorré,1994-09-29
374954,Kristijan Jakic,1997-05-14
375661,Gian Martins,1993-04-02
375718,Evangelos Patoulidis,2001-09-24
376175,Thiago,1993-02-04
377605,Hamdou Elhouni,1994-02-12
377720,Daniël van Kaam,2000-06-23
378139,Aitor Ruibal,1996-03-22
379315,Edgaras Utkus,2000-06-22
379548,Jokin Ezkieta,1996-08-17
379677,Oleksandr Mishurenko,1988-10-25
379742,Jordan Leborgne,1995-09-29
381370,Pietro Beruatto,1998-12-21
382007,Andrej Kotnik,1995-08-04
382774,Nicky Beloko,2000-02-16
383211,Yaroslav Deda,1999-05-28
383456,Cinar Tarhan,1997-05-20
383657,Burak Can Sen,1997-08-02
384587,Mohammed El Hankouri,1997-07-01
386786,Darko Churlinov,2000-07-11
387047,Danilho Doekhi,1998-06-30
387355,Nathan McGinley,1996-09-15
387990,Tom Vandenberghe,1992-08-17
389581,Eyob Zambataro,1998-08-18
390107,Mattheos Kapsaskis,1996-08-12
390156,Callum Hendry,1997-12-08
390159,Vincenzo Millico,2000-08-12
390724,Manuel Ferrini,1998-06-25
390823,Eric Curbelo,1994-01-14
391005,Mads Roerslev,1999-06-24
391443,Mert Özyildirim,1995-02-28
392156,Tim Maciejewski,2001-03-05
392571,Enrico Celeghin,1999-02-22
392586,Stefano Marchetti,1998-04-22
393155,Thomas Triantafyllos,1996-09-14
393255,Thomas Wildemeersch,2000-01-18
393858,Aleksandr Soldatenkov,1996-12-28
394400,Konstantin Pliev,1996-10-26
394855,Tommaso Farabegoli,1999-03-26
395512,Antoine Bernede,1999-05-26
396094,Riccardo Daga,2000-01-13
396176,Tom Sang,1999-06-29
397224,Alberto Carminati,1999-01-14
398014,Alvin Segbia,1996-08-20
398030,Giuseppe Caso,1998-12-09
398031,Fabio Maistro,1998-04-05
398275,Abdoulaye Traoré,2000-04-30
398693,Kadir Kurt,1999-01-15
398809,Aly Malle,1998-04-03
398827,Dmitri Khristis,1996-05-07
398841,Evgeniy Stukanov,1996-01-09
399264,Josh Umerah,1997-03-08
399990,Kye Rowles,1998-06-24
400534,Josh Heaton,1996-09-16
401161,Matteo Soncin,2001-03-28
401527,Rogério,1998-01-13
401822,Maksym Lunyov,1998-05-22
402002,Mamady Diarra,2000-06-26
402625,Aleksey Mironov,2000-01-01
402646,Christos Antoniou,1998-02-14
402962,Ilias Kyritsis,1997-10-14
403151,Robert Sánchez,1997-11-18
404262,Lukas Fahrnberger,2001-01-08
405833,Bruno Silva,1992-09-14
407367,Alex Penny,1997-02-16
407841,Lucas Paes,1997-12-07
408562,Marlon Fossey,1998-09-09
410490,Mariano Bernardini,1998-01-14
410735,Jamie Jacobs,1997-12-03
412517,Zan Zaletel,1999-09-16
412638,Ladislav Almasi,1999-03-06
412829,Léo Pétrot,1997-04-15
412954,Vicente Besuijen,2001-04-10
413039,Bryan Mbeumo,1999-08-07
413502,Óscar Pinchi,1996-01-17
415085,Justin Ogenia,1999-02-05
415271,Abdoulaye Diallo,1996-01-15
415525,Kanya Fujimoto,1999-07-01
419999,Guessouma Fofana,1992-12-17
420515,Leonardo Mazza,2000-09-27
420637,Christos Zervopoulos,1999-01-11
421284,Maksim Rudnev,1997-04-20
421768,Alessandro Cortinovis,2001-01-25
422769,Givan Werkhoven,1997-09-27
424015,Nathan Patterson,2001-10-16
424019,Danny Finlayson,2001-01-19
425400,Farid El Melali,1997-07-13
427868,Dan Jefferies,1999-01-30
427927,Jordan Davies,1998-08-18
429564,Derick Poloni,1993-09-01
430600,Lucas Damblon,1996-11-16
431131,Raúl Almeida,1997-11-02
431132,Oktay Bala,1998-01-01
431422,Nathan Trott,1998-11-21
432293,Luke Dreher,1998-11-27
432401,Yutaro Oda,2001-08-12
432895,Pedro,1997-06-20
433181,Tino Anjorin,2001-11-23
433615,Jorben Vanhulle,2001-03-09
434282,Ahmet Can Arik,1997-08-22
435019,Chovanie Amatkarijo,1999-05-20
435228,Ardian Ismajli,1996-09-30
435772,Charles De Ketelaere,2001-03-10
436418,Gilles Van Remoortere,1996-11-08
436585,Delano Burgzorg,1998-11-07
438001,Santiago Bueno,1998-11-09
439457,Bardhec Bytyqi,1997-01-08
441170,Valentin Rosier,1996-08-19
443983,Justin Verlinden,1997-04-06
444971,Mischa Häuser,2000-01-23
446093,Ryan Porteous,1999-03-25
446418,Radomir Novakovic,2000-01-24
446712,Lewis Smith,2000-03-16
447785,Alex Marshall,1998-02-15
448177,Jessic Ngankam,2000-07-20
448255,João Serrão,2000-02-11
448258,Josha Vagnoman,2000-12-11
448344,Óscar Melendo,1997-08-23
448471,Magnus Jensen,1996-10-27
448835,Gaizka Campos,1997-05-16
448981,Maksim Glushenkov,1999-07-28
450050,Jean-Ricner Bellegarde,1998-06-27
450234,Marco John,2002-04-02
450790,Bernardo,1997-12-04
451306,Maxime Biamou,1990-11-13
451673,Aventis Aventisian,2002-08-17
452309,Medjon Hoxha,1999-07-27
454126,Iduitua David,1997-03-17
454628,Alex Timossi Andersson,2001-01-19
455068,Emil Kornvig,2000-04-28
455337,Dani Santafé,1997-07-03
455339,Aitor Lorea,1998-03-14
456492,Faride Alidou,2001-07-18
456530,Cyril Chevreuil,1990-01-13
458405,Radinio Balker,1998-09-03
459452,Riccardo Ladinetti,2000-12-20
459661,Eddie Salcedo,2001-10-01
460059,Luc Tinnemans,1998-04-01
460602,Franck Djoulou,1999-01-01
460629,Colin Dagba,1998-09-09
460683,Max Taylor,2000-01-10
461623,Alberto Ródenas,1998-09-26
461666,Maksym Melnychuk,1999-09-18
461701,Nair Tiknizyan,1999-05-12
462831,Jeppe Pedersen,2001-03-03
463605,Bafodé Diakité,2001-01-06
463618,Khéphren Thuram,2001-03-26
463751,Marc Leonard,2001-12-19
463792,Luca Gemello,2000-07-03
464067,Lucas Lissens,2001-07-25
464373,Elías Rafn Ólafsson,2000-03-11
464465,Daniel Dumbravanu,2001-07-22
464984,Tobias Damsgaard,1998-08-03
468249,Vitinho,1999-07-23
470738,Rasmus Lysdal,1997-07-20
472224,Felix Irorere,2002-06-21
472866,Ísak Óli Ólafsson,2000-06-30
473871,Thomas Battistella,2001-07-29
475208,Bryan Reynolds,2001-06-28
476219,Bojan Miovski,1999-06-24
477799,Antonis Gerekos,1999-01-11
477834,Ilyes Chetti,1995-01-22
477936,Taha Tunc,2001-03-20
478357,Anthony Correia,1999-09-06
478601,Lazar Romanic,1998-03-25
479019,Marokhy Ndione,1999-11-04
479941,Kofi Atta,1997-06-17
480022,Dylan Ryan,2000-06-10
481682,Pavlos Mavroudis,2001-01-12
481836,Gianluca Contini,2001-06-18
482163,Deji Beyreuther,1999-09-06
483335,Berat Delihasan,1998-12-12
483974,Leon Dajaku,2001-04-12
486597,Matías Nani,1998-03-26
487465,Pedro Neto,2000-03-09
488763,Noah Nurmi,2001-02-06
490297,Mamadou Kané,1997-01-22
490384,Koni De Winter,2002-06-12
490606,Lucas Bergström,2002-09-05
490609,Lasse Rieß,2001-07-27
491616,Jackson Porozo,2000-08-04
491738,Osaze Urhoghide,2000-07-04
491764,Aleksandr Naumenko,1997-11-09
492319,Franco Israel,2000-04-22
493674,Jack Lahne,2001-10-24
493702,Mattia Viti,2002-01-24
494177,Noah Jean Holm,2001-05-23
495602,Moha Ramos,2000-04-13
495669,Lamine Diaby-Fadiga,2001-01-19
495672,Christian Madu,1993-07-09
496706,Montassar Talbi,1998-05-26
497245,Thomas Rier,2000-01-13
497312,Federico Artioli,2001-06-12
499441,Leonardo Moleri,2002-01-18
499857,Iddriss Mohammed,2000-07-26
501640,Maxim Gullit,2001-05-20
502893,Denzel Jubitana,1999-05-06
503638,Mohamed Ihattaren,2002-02-12
503731,Stephen Duke-McKenna,2000-08-17
503750,Dominic Revan,2000-09-19
503795,Jeremy Ngakia,2000-09-07
503881,Aster Vranckx,2002-10-04
503989,Jeriel Dorsett,2002-05-04
504072,Samuel Soares,2002-06-15
504075,Rafael Brito,2002-01-19
504592,Abdul Rahman Weiss,1998-06-14
504849,Kaoru Mitoma,1997-05-20
506150,Tiago Ferreira,2002-03-18
507167,Tolga Topaloglu,2001-09-24
507223,Kristijan Belic,2001-03-25
508642,Ibrahim El Kadiri,2002-01-23
511119,Halil Yeral,2000-01-01
511454,Samy Baghdadi,1997-07-11
512993,Christos Giousis,1999-02-08
518073,Julien Célestine,1997-07-24
520840,José Copete,1999-10-10
521634,Karol Niemczycki,1999-07-05
522260,Nemanja Nikolic,2001-02-21
524318,Sami Ben Amar,1998-03-02
524986,Franklin Wadja,1995-05-01
525704,Nicolò Rovella,2001-12-04
525971,Oliver Klitten,2000-05-01
527350,Manu Vallejo,1997-02-14
528262,Thomas Coulange,2001-05-01
528454,Oscar Fuglsang,2002-03-12
528833,Lazar Samardzic,2002-02-24
529356,Eduardo Baldé,1999-03-10
529543,Marko Nikolic,1998-03-31
531824,Kike Hermoso,1999-08-10
532495,Marlon Mustapha,2001-05-24
534376,Marco Moreno,2001-02-20
534473,Paulinho,1997-01-08
535469,Valentin Mihaila,2000-02-02
535958,Ricardo Matos,2000-03-25
536341,Diego Stramaccioni,2001-01-02
537218,Dogukan Bilgen,1999-01-22
537386,Bruno Xavier,1996-11-27
538972,Exaucé Mpembele Boula,2002-05-15
539547,Yahcuroo Roemer,2001-07-22
539737,Maksym Khimchak,2000-02-13
539832,Furkan Özcan,1999-01-14
540056,Giorgi Gocholeishvili,2001-02-14
541017,Davino Liessens,1999-04-08
542596,Lazio,1996-01-22
543051,Billal Brahimi,2000-03-14
543311,Anosike Ementa,2002-05-03
546351,Berk Balaban,2000-01-01
546527,Philip Yeboah,2002-09-27
547818,Raul Steau,2001-04-22
550027,Eriks Santos,1996-02-23
551752,Demba Seck,2001-02-10
552059,Lukas Vorlicky,2002-01-18
552445,Bruno Sousa,1996-03-12
553062,Vitor Carvalho,1997-05-27
554043,Rudy Monteiro,1996-05-22
554422,Jens Craenmehr,2002-04-30
556152,Erkan Süer,2001-07-12
556713,Homam Ahmed,1999-08-25
562287,Christian Celesia,2002-01-22
563694,Mickel Miller,1995-12-02
564126,Romain Caumet,1999-04-13
565673,Dimitrios Ioannidis,2000-02-13
565836,Ronaldo Shani,2002-03-29
565837,Giannis Fakkis,2001-04-14
566271,Yusuf Barasi,2003-03-31
568702,Papa Ndiaga Yade,2000-01-05
569578,Julio Cesar,1995-04-18
569845,Charles Vanhoutte,1998-09-16
573816,Ibrahim Suaib,
576033,Dogan Alemdar,2002-10-29
576035,Adem Dogan,2001-10-05
576566,Zafer Görgen,2000-06-21
577394,Denso Kasius,2002-10-06
580142,Joaquín Fernández,1999-01-22
581660,Valdemar Birksö,2001-03-17
582642,Kerian Atheba,2001-05-31
583627,Orestis Sousonis,1999-04-24
584434,Adrian Imeri,1999-05-21
584450,Georgios Marinos,2000-05-08
585949,Pierre Kalulu,2000-06-05
586729,Georgios Labropoulos,1999-08-12
586984,Daniel Oyegoke,2003-01-03
587179,Adilson Maringá,1990-08-22
587298,Pelle Mattsson,2001-08-04
587333,Sekou Sylla,1999-01-09
589477,Luke Barlow,2000-03-22
592474,Stuart McKinstry,2002-09-18
594505,Raimonds Krollis,2001-10-28
594992,Alpha Sissoko,1997-03-07
595011,Nedeljko Stojisic,1997-09-25
596884,Adrián Butzke,1999-03-30
598037,Achraf Madi,2002-06-27
598917,Georgios Christopoulos,1998-05-27
600222,Jetmir Topalli,1998-02-07
600942,Nahuel Noll,2003-03-17
601445,Daniil Shamkin,2002-06-22
601852,Vyacheslav Litvinov,2001-04-01
602597,Simon van Duivenbooden,2002-05-11
602607,Stefano Piccinini,2002-12-31
602979,Lluis Andreu,1999-07-27
603621,Luis Meseguer,1999-09-07
603864,Lewis Miller,2000-08-24
603891,Emmanuel Ekong,2002-06-25
605637,Hüseyin Mert Kurt,2000-09-04
606022,Nelson Konings,2001-05-02
606023,Nathan Tjoe-A-On,2001-12-22
606647,Josh Rennie,2002-05-28
610239,Yigit Kafkasyali,1998-06-13
610383,Filippo Frison,2002-07-30
610436,Marinus Larsen,2003-12-30
610849,Liam Delap,2003-02-08
611195,Oliver Zandén,2001-08-14
612748,Rico Richards,2003-09-27
616169,Duccio Degli Innocenti,2003-04-28
617060,Mika Mármol,2001-07-01
617074,Ilaix Moriba,2003-01-19
617081,Diego López,2002-05-13
617864,Ercan Cifci,2000-09-23
618036,Joshua Eijgenraam,2002-02-18
618531,Michalis Kosidis,2002-02-09
620188,Batuhan Kirdaroglu,2000-09-10
621391,Murat Aksit,2002-01-02
621553,Mikhail Osinov,2000-12-29
623048,Gerasimos Bakadimas,2000-06-06
623166,Nikolaos Somoglou,2000-04-08
623173,Anestis Vlachomitros,2001-11-06
623525,Luis López,2001-05-08
626888,Kaine Kesler-Hayden,2002-10-23
627226,Reinier,2002-01-19
627282,Dani Tasende,2000-07-06
627469,Olivier Dhauholou,1997-06-06
628492,Gerard Barri,2001-01-02
629773,Lukas Hornicek,2002-07-13
630989,Ricardo Visus,2001-04-24
632256,Bogdan Bezkrovnyi,1998-11-21
633655,Chris Mochrie,2003-04-07
637280,Alexis Triadis,1997-05-16
637514,Carl Davordzie,2000-05-27
637669,Emre Demir,2004-01-15
641151,Edwin Venté,1996-08-12
644771,Odilon Kossounou,2001-01-04
645191,Roan Wilson,2002-05-01
647125,Andrezinho,1996-12-01
647831,Geo Danny Ekra,1999-01-10
647950,Valentine Ozornwafor,1999-06-01
649035,Youssouph Badji,2001-12-20
651269,Armin Gigovic,2002-04-06
651522,Griffin Sabatini,1998-09-23
652633,Lewis Neilson,2003-05-15
652636,Stevie Warnock,2003-06-12
653725,Tika de Jonge,2003-03-11
656695,Jonathan Khemdee,2002-05-09
657324,Osaze De Rosario,2001-07-19
657791,Jeriel de Santis,2002-06-18
658244,Luigi Samele,2002-04-09
460630,Azzeddine Toufiqui,1999-04-25
466367,Dorian Ciezkowski,2001-03-22
470240,Christos Sielis,2000-02-02
482838,Ivan Mesik,2001-06-01
483718,Oleksandr Zozulya,1996-04-11
503035,Houssam Ghacha,1995-10-25
512496,Vasyl Kurko,1995-04-25
514235,Tomás Cardoso,1999-12-29
528894,Matt Smith,2000-10-05
531456,Hicham El Hamdaoui,1995-11-18
537598,Fábio Vieira,2000-05-30
538957,Rob Deiman,1999-06-10
539730,Volodymyr Zavalyak,1996-07-24
547314,Seppe Bastiaens,2001-02-05
547533,Miguel Azeez,2002-09-20
570160,Henning Matriciani,2000-03-14
579055,Lennert Hallaert,2003-04-17
580801,Layton Stewart,2002-09-03
587900,Göktug Kimisir,1998-01-01
596881,Florian Flick,2000-05-01
606882,Diogo Silva,1993-05-13
607814,Kirill Kravtsov,2002-06-14
610461,Luismi Cruz,2001-05-23
616431,Ryan Teague,2002-01-24
618154,Melih Enes Uygun,2001-09-29
620074,Sergen Yatagan,1999-05-17
631589,Matheus Clemente,1998-06-10
649016,El Bilal Touré,2001-10-03
656701,Yakup Mert Cakir,1999-07-23
681831,Tomás Castro,1999-03-13
700753,Ruslan Daurov,2002-09-11
703581,Egor Ushakov,2002-12-02
724104,Fabio Chiarodia,2005-06-05
726033,Pavlo Isenko,2003-07-21
727101,Adem Metin Türk,2004-01-15
748319,Carlos Alcaraz,2002-11-30
832184,Arda Cinkir,2002-04-03
875178,Willy Kumado,2002-10-16
949113,Pape Diop,2003-09-04
1110406,Ibrahim Osman,2004-12-14
3109,Steven Gerrard,1980-05-30
3190,Stuart Taylor,1980-11-28
3476,Brad Friedel,1971-05-18
4058,Lee Barnard,1984-07-18
5648,Jean Makoun,1983-05-29
5853,Alfonso De Lucia,1983-11-12
6097,Fabrizio Miccoli,1979-06-27
9593,Olivier Deschacht,1981-02-16
9644,Sergey Ignashevich,1979-07-14
9975,Richard Chaplow,1985-02-02
15185,Lukas Podolski,1985-06-04
15974,Esteban,1975-06-27
16439,Minas Pitsos,1980-10-08
17228,Panagiotis Lagos,1985-07-18
18833,Tim Hoogland,1985-06-11
20362,Kenny Van Hoevelen,1983-06-24
22217,Roberto Vitiello,1983-05-08
25618,Sergiy Pshenychnykh,1981-11-09
27800,Atsuto Uchida,1988-03-27
28318,Pape Diakhaté,1984-06-21
28698,Milan Stepanov,1983-04-02
31007,Zlatko Junuzovic,1987-09-26
32380,Kadir Bekmezci,1985-07-05
33570,Mehmet Yildiz,1981-09-14
33794,Erhan Güven,1982-05-15
33951,Sébastien Bassong,1986-07-09
35631,Royston Drenthe,1987-04-08
37623,Thiago,1988-10-22
39622,Essam Mahmoud,1977-06-20
41125,Sascha Kotysch,1988-10-02
45235,Arnaud Maire,1979-03-06
46006,Nicki Bille Nielsen,1988-02-07
46741,David Luiz,1987-04-22
48064,Sammy Bossut,1985-08-11
49542,Billy Sharp,1986-02-05
54964,Patrick Ziegler,1990-02-09
55385,Granddi N'Goyi,1988-05-17
55444,Michael Zullo,1988-09-11
55743,Simeon Bulgaru,1985-05-26
57895,Denys Oliynyk,1987-06-16
59646,Koen Weuts,1990-09-18
60410,Marcos Acuña,1991-10-28
61697,Wes Foderingham,1991-01-14
61962,Vladislav Nikiforov,1989-03-21
62054,Vegard Forren,1988-02-16
64615,Subrata Paul,1986-12-24
68973,Jesper Christjansen,1987-12-29
69906,Kasper Povlsen,1989-09-26
69934,Jeppe Kjaer,1985-11-06
71082,Wout Droste,1989-05-20
72471,Nahuel Valentini,1988-09-19
74561,Víctor Ibáñez,1989-04-21
77829,Frédéric Duplus,1990-04-07
79209,Sergey Chepchugov,1985-07-15
81650,Saladin Said,1988-10-29
81655,Joe Sise,1989-12-12
81776,Jean-Paul Yontcha,1983-05-15
82105,Joel Matip,1991-08-08
85353,Gévero Markiet,1991-04-08
85475,Federico Fernández,1989-02-21
85706,Enda Stevens,1990-07-09
98122,Matija Dvornekovic,1989-01-01
100089,Paulo Regula,1989-12-03
101000,Jonas Henriksen,1991-03-06
101277,Márkó Futács,1990-02-22
101913,Ramos Borges Emerson,1980-08-16
105092,Cofie Bekoe,1988-03-16
109751,Onel Hernández,1993-02-01
117469,Pawel Olkowski,1990-02-13
121357,Xenofon Panos,1989-08-25
122559,Mikkel Bruhn,1990-10-16
122694,Chuks Aneke,1993-07-03
124866,Lorenzo Burnet,1991-01-11
125069,Júnior Morais,1986-07-22
125754,Sébastien Dewaest,1991-05-27
128042,Mark van der Maarel,1989-08-12
128324,Dusan Micic,1984-11-29
129358,Marcin Kaminski,1992-01-15
131745,Nikolai Alho,1993-03-12
132144,Charis Kostakis,1990-07-12
136229,Emre Gürbüz,1991-03-25
138803,Francisco Portillo,1990-06-13
140786,Pierre-Yves Ngawa,1992-02-09
142389,Mark Gillespie,1992-03-27
157889,Jasper Otte,1992-10-16
159029,Hüseyin Kala,1987-05-05
160438,Mohamed Elneny,1992-07-11
162101,Andreas Hansen,1995-08-11
162653,Jérémy Malherbe,1991-03-15
164902,Pierre Bourdin,1994-01-06
167329,Alassane Plea,1993-03-10
169850,Üstün Bilgi,1988-05-30
172192,Marco Bürki,1993-07-10
173559,Cristóbal Gil,1992-02-05
175722,Eric Dier,1994-01-15
176140,Rodrigo Ely,1993-11-03
179043,Dieguinho,1992-06-07
182887,Yarouba Cissako,1995-01-08
184399,Noël Nyason,1993-01-16
185400,Sven Braken,1993-06-12
186604,Cédric Buekers,1994-04-17
187847,Yassine Benzia,1994-09-08
193680,Nikolaj Hansen,1993-03-15
198587,Remie Streete,1994-11-02
200782,Kevin Stewart,1993-09-07
203907,Kai Huisman,1995-03-27
204987,Dor Peretz,1995-05-17
205924,Marko Kolar,1995-05-31
206054,Pavlo Myagkov,1992-12-30
211420,Miguel Araujo,1994-10-24
225955,Martin Fisch,1993-01-26
227075,Fahd Aktaou,1993-01-13
231724,Igor Yurganov,1993-12-10
234237,Simo Rumbullaku,1991-12-30
237599,Giannis Domatas,1992-01-31
238644,Gianni Seraf,1994-07-05
241468,Giuseppe D'Amico,1995-01-10
246267,Felipe Desco,1989-06-29
252922,Jefferson,1994-01-22
255995,Mario González,1996-02-25
261461,Mikayil Yaman,1997-11-09
263727,Joan Jordán,1994-07-06
265127,Éder Balanta,1993-02-28
268093,Reinaldo Lenis,1992-07-20
271227,Ben Reichert,1994-03-04
276566,Aaron Herzog,1998-01-30
283224,Nicolas Mortensen,1994-04-26
284545,Oguz Mataraci,1994-08-07
289847,Aris Vaporakis,1995-01-06
292775,Ricardo Valente,1991-04-03
293827,Hakan Olkan,1992-01-09
293941,Murilo,1995-03-08
314571,Volodymyr Bayenko,1990-02-09
316398,Sebastiaan Brebels,1995-05-05
319213,Vlad Dragomir,1999-04-24
321275,Vasyl Tsyutsyura,1994-02-26
333074,Sören Ahlers,1997-09-09
334126,Todor Petrovic,1994-08-18
334221,Amos Pieper,1998-01-17
334238,Niklas Wiemann,1999-02-23
338669,Paolo Sabak,1999-02-10
339330,Navajo Bakboord,1999-01-29
342016,Sebastian Chrusciel,1997-06-24
346332,Nassim Boujellab,1999-06-20
351245,Nego Tembeng,1991-09-13
354362,Rodrigo Bentancur,1997-06-25
355816,Ko Itakura,1997-01-27
369258,Dudu,1999-02-10
371344,Ferhat Ugur,1996-05-09
375003,Ahmed Abdelaal,1995-01-04
376486,Marc Gual,1996-03-13
380078,Julian Rieckmann,2000-08-01
381360,Aliko Bala,1997-02-27
382773,Jonathan Toro,1996-10-21
383568,Ivan Siletskyi,1996-01-22
392765,Emile Smith Rowe,2000-07-28
403564,Jon McCracken,2000-05-24
405687,Tom Krauß,2001-06-22
414657,Jordy Verstraeten,1996-01-09
417239,Artem Danylyuk,2001-07-06
418661,Abdoulaye Sissako,1998-05-26
419929,Josh Tymon,1999-05-22
433182,Luis Longstaff,2001-02-24
442552,Houboulang Mendes,1998-05-04
459763,Marco Carnesecchi,2000-07-01
468198,Joe Aribo,1996-07-21
476755,Mateo Les,2000-03-25
478365,Francisco Moura,1999-08-16
480191,Cohen Bramall,1996-04-02
481640,Daan Vekemans,2000-02-22
494284,Liam Hughes,2001-08-19
514251,Simão Pipo,1999-06-21
532539,Lee Buchanan,2001-03-07
537853,Andriy Stryzhak,1999-10-22
538481,Onurhan Babuscu,2003-09-05
539739,Volodymyr Skotarenko,1997-03-17
553075,Jari De Roover,1998-05-12
553380,Anatoliy Ulyanov,1998-07-26
553863,Hamdi Tayfun Yilmaz,1998-01-20
554066,Ali Eren Iyican,1999-06-26
554393,Apostolos Konstantopoulos,2002-08-02
556568,Alexander Kieffer,1999-06-18
556870,Ben Scholte,2001-08-10
557015,Harm Dieker,2002-01-18
568006,Dennis Cirkin,2002-04-06
586980,Alex Kirk,2002-10-27
591796,Moussa Djitté,1999-10-04
599847,Chico Teixeira,1998-04-26
616489,Yavuz Bugra Boyar,1998-08-10
617982,Sef Van Damme,2003-01-08
624051,Stathis Tachatos,2001-08-12
628223,Alex,1999-05-10
628923,Juan María Alcedo,2001-02-05
634963,Parfait Bizoza,1999-03-03
642967,Brayan Vera,1999-01-15
655488,Gabriel Martinelli,2001-06-18
464446,Andri Fannar Baldursson,2002-01-10
491292,Ilias Bronkhorst,1997-05-10
541134,Souffian El Karouani,2000-10-19
548658,Mohamed Aidara,1996-11-06
567022,Mukhtar Khanmurzaev,2000-11-23
684116,Silas Ostrzinski,2003-11-19
702869,Ismael Saibari,2001-01-28
718936,Didi,1998-09-24
719635,Alexandro Bernabéi,2000-09-24
875208,Johnny Kenny,2003-06-06
12674,Paul Quinn,1985-07-21
13038,Arthur Boka,1983-04-02
14694,Russell Duncan,1980-09-15
18502,Tim Dreesen,1987-01-30
31312,Daryl Murphy,1983-03-15
36757,Joe Malin,1988-07-13
45333,James McCarthy,1990-11-12
45486,Danny Holla,1987-12-31
60979,Yannick Boli,1988-01-13
62678,Jesper Rask,1988-07-18
70789,Michu,1986-03-21
85093,Eran Zahavi,1987-07-25
132239,Jurado,1990-03-14
147396,Bruno Uvini,1991-06-03
164477,Ezequiel Rescaldani,1992-06-11
186228,Alex Schalk,1992-08-07
207006,Joshua Brenet,1994-03-20
240086,Luke Donnelly,1996-01-20
241483,Terry Lartey Sanniez,1996-08-10
248349,Fabijan Buntic,1997-02-24
254290,Raphael Dwamena,1995-09-12
265513,Eamonn Brophy,1996-03-10
282388,Giovanni Simeone,1995-07-05
298796,Érick Gutiérrez,1995-06-15
299328,Patrick Fritsch,1998-12-21
308669,Stephen Miller,1996-02-23
322309,Gaël Ondoua,1995-11-04
326028,Mike van de Meulenhof,1999-05-11
334449,Nikita Andreev,1997-11-02
363466,Malte Amundsen,1998-02-11
383400,Ronald Pfumbidzai,1994-12-25
388513,Mateu Morey Bauzà,2000-03-02
392334,Giuseppe Esposito,1999-04-16
404383,Pedro Marques,1998-04-25
420196,Justin de Haas,2000-02-01
448263,Dominic Vinicius,1995-01-05
450936,Tanguy Ndombélé,1996-12-28
453796,Kevin Bukusu,2001-02-27
489929,Magnus Mattsson,1999-02-25
490383,Mathias De Wolf,2002-02-21
505653,Fábio Silva,2002-07-19
511401,Anthony Musaba,2000-12-06
515076,Shakhban Gaydarov,1997-01-21
524131,Tom Grivosti,1999-06-15
527467,Lundrim Hetemi,2000-02-18
532792,Islam Zhilov,1997-11-29
536530,Barry Coffey,2001-03-27
572051,Tobias Sommer,2001-11-27
573907,Luiz Felipe,1997-04-24
575367,Richard Ledezma,2000-09-06
581677,Nohan Kenneh,2003-01-10
591363,Daan Rots,2001-07-25
596153,Justin Njinmah,2000-11-15
596158,Casper Staring,2001-02-01
600870,Marcelo Vilela,1999-03-29
616142,Jonathan Spedalieri,2002-01-26
648579,Adama Fofana,2001-01-04
661257,Alexandre Tégar,2000-08-12
664809,Isak Dybvik Määttä,2001-09-19
668212,Rubén Iranzo,2003-03-14
668265,Kayky,2003-06-11
670858,Lewis Hall,2004-09-08
670965,Vitinho,1999-04-01
671738,Thom van Bergen,2004-01-06
671739,Hakan Aydin,2003-02-05
671882,Diogo Silva,1995-01-11
671916,Magnus Nielsen,2004-08-04
672024,Georgios Papadopoulos,2002-10-18
673193,Filippo Berti,2003-01-31
680218,Matthieu Epolo,2005-01-15
680447,Waniss Taïbi,2002-03-07
685855,Sergey Kochkanyan,2003-05-05
687617,Aleksandr Kutitskiy,2002-01-01
690568,Rizvan Tashaev,2003-10-05
690608,Mabrouk Rouaï,2000-11-01
690624,Sven Jansen,2004-10-23
691482,Jacopo Fazzini,2003-03-16
694509,Moussa Diarra,2000-11-10
694535,Luis Castillo,2000-01-31
694974,Mikkel Hyllegaard,1999-04-03
696600,Simon Ngapandouetnbu,2003-04-12
696852,Ibrahim Diarra,1998-05-19
696890,Cristo Romero,2000-04-30
697818,Marcelo dos Santos,1997-07-27
698454,Pedro Teixeira,2001-11-20
699266,Konstantin Shiltsov,2002-05-07
699592,Manu,2001-06-12
700074,Muhammed Ergin,2001-04-24
704117,Alex Arnofoli,2003-02-21
704714,Salah Basha,2003-03-05
705815,Gori,2002-05-15
708084,Alessandro Russo,2003-09-06
708454,Romeo Vermant,2004-01-24
710470,Hosine Bility,2001-05-10
711638,Fran Delgado,2001-07-11
717411,Yegor Yarmolyuk,2004-03-01
718035,Pepe Blanco,1999-07-29
719682,Kieran Offord,2004-03-28
720532,Diego Bri,2002-09-12
724039,Georgios Koutsias,2004-02-08
724041,Enock Agyei,2005-01-13
726038,Vitaliy Roman,2003-04-14
726697,Cristian Castro,2001-01-25
728864,Lequincio Zeefuik,2004-11-26
733858,Lampros Angeloulis,2002-05-26
735700,Maxence Rivera,2002-05-30
740615,Isaac Nuhu,2001-09-30
741285,Ferran Quetglás,2005-06-06
742005,Yusuf Özer,2002-06-19
742453,Miguel Falé,2004-01-28
743091,Emirhan Ilkhan,2004-06-01
743231,Vadim Lukyanov,2002-12-16
746067,Kris Moore,2003-11-13
746479,Artur Sokhiev,2002-09-27
769063,Luka Romero,2004-11-18
783873,Álvaro López,1999-06-07
786436,Ismaël Doukouré,2003-07-24
787301,Aleksey Kornienko,2003-01-15
787305,Ivan Komarov,2003-04-15
795086,Lorenzo Offermann,2002-01-10
795738,Paxten Aaronson,2003-08-26
800175,Luiz Henrique,2001-01-02
801693,Arif Bosluk,2003-06-06
802560,Emil Höjlund,2005-01-04
804715,Nathan Monzango,2001-04-18
805835,Rémy Vita,2001-04-01
808477,Ahmed Sidibé,2002-02-10
808559,Justin Kumi,2004-07-16
809569,Yegor Gunichev,2003-12-31
811778,Álvaro Fernandez,2003-03-23
814306,Pablo Ortiz,2000-06-08
815028,Panagiotis Anastasopoulos,2003-10-24
815822,Rijad Smajic,2004-05-02
816192,Rúben Rendeiro,2000-02-01
819798,Jacob Andersen,2004-01-26
821105,Davide Franzini,2005-02-08
825437,Ilyes Housni,2005-05-14
830225,Maksym Dubenkov,1998-12-15
830265,Lohann Doucet,2002-09-14
839596,Fatih Sanlitürk,2003-01-01
841121,John Joe Patrick Finn,2003-10-24
842338,Enzo Tchato,2002-11-23
842425,Sacha Delaye,2002-04-23
851962,Murray Aiken,2004-11-14
854861,Florent Duparchy,2000-06-20
855158,Mohamed Achi,2002-01-16
860256,Philip Awuku,2000-04-27
868887,Ricardinho,2001-04-23
873540,Talha Karatas,2003-02-08
876034,Yanis Guermouche,2001-04-15
876858,Kerem Altunisik,2004-07-09
877417,Jules-Anthony Vilsaint,2003-01-06
880330,Moïse Sahi Dion,2001-12-20
882226,Ilya Tsaryuk,2001-08-02
883498,Hakan Akgül,2003-03-19
892037,Maksym Skybinskyi,2003-04-25
892221,Hugo Sotelo,2003-12-19
905408,Mamadou Camara,2002-10-15
913387,Danylo Kolesnyk,2001-09-22
929347,Imran Nazih,2006-01-25
937919,Michael Obamina,2003-03-14
938710,Volodymyr Tylinskyi,2002-03-21
941867,Mario Dominguez,2004-02-10
956050,Bill Antonio,2002-09-03
956094,Sahin Dik,2004-02-07
956100,Kaan Efsun Yilmaz,2004-06-08
975716,Soulaimane Berradi,2004-11-20
975860,Mücahit Serbest,2004-11-23
1011214,Izzet Furkan Malak,2005-01-14
1012534,Yankuba Minteh,2004-07-22
1018259,Gift Orban,2002-07-17
1112706,Ivan Matyushenko,2003-04-29
80,Tom Starke,1981-03-18
691,Simon Rolfes,1982-01-21
1095,Peer Kluge,1980-11-22
1368,Guy Demel,1981-06-13
1474,Tim Wiese,1981-12-17
1667,Diego Benaglio,1983-09-08
1792,Hamit Altintop,1982-12-08
1944,Deniz Dogan,
2386,Marjan Petkovic,1979-05-22
2583,Thorsten Stuckmann,1981-03-17
2904,Rafa Márquez,1979-02-13
2950,Robert Almer,
3160,John Terry,1980-12-07
3270,Joseph Yobo,1980-09-06
3366,Kaká,1982-04-22
3455,Zlatan Ibrahimović,1981-10-03
3525,Sylvain Armand,1980-08-01
3530,Jan Polak,1981-03-14
3564,Adam Collin,1984-12-09
3771,Raúl Bravo,1981-04-14
3869,Andrew Davies,1984-12-17
3914,Pascal Feindouno,1981-02-27
3916,Péguy Luyindula,1979-05-25
4010,Dirk Kuyt,1980-07-22
4112,Rory Delap,1976-07-06
4158,Anthony Lurling,1977-04-22
4241,Joleon Lescott,1982-08-16
4327,Nourdin Boukhari,1980-06-30
4634,Arnold Kruiswijk,1984-11-02
4740,Daniel Van Buyten,1978-02-07
4811,Hilton,1977-09-13
5283,Éric Abidal,1979-09-11
5418,Jean-Alain Boumsong,1979-12-14
5439,Nicolas Marin,1980-08-29
5578,Nicolas Penneteau,1981-02-28
5645,Benoît Cheyrou,1981-05-03
5667,Sébastien Puygrenier,1982-01-28
5878,Alberto Gilardino,1982-07-05
6400,Donny de Groot,1979-08-16
6750,Maurizio Domizzi,1980-06-28
6832,Luciano Zauri,1978-01-20
6871,Gökdeniz Karadeniz,1980-01-11
7023,Bekir Ozan Has,1985-02-18
7028,Filip Daems,1978-10-31
7090,Oguz Daglaroglu,1979-08-18
7353,Juanma Ortiz,1982-03-01
7501,Juan Carlos Valerón,1975-06-17
7607,Xavi,1980-01-25
8188,Jay Bothroyd,1982-05-07
8490,Hakan Hacibektasoglu,1984-04-23
8559,Yakubu Aiyegbeni,1982-11-22
8885,Jaroslav Plasil,1982-01-05
9761,Christos Patsatzoglou,1979-03-19
9934,Veroljub Salatic,1985-11-14
9988,Michael Dawson,1983-11-18
10121,Orhan Sam,1986-06-01
10329,Alexander Stolz,1983-10-13
12098,Ismaël Bouzid,1983-07-21
12663,Stevie Hammell,1982-02-18
12682,Neil Alexander,1978-03-10
12729,Kris Boyd,1983-08-18
12900,Deniz Baykara,1984-03-13
12934,Franck Grandel,1978-03-17
13058,Emmanuel Eboué,1983-06-04
13371,Tom Van Imschoot,1981-09-04
13612,Wayne Thomas,1979-05-17
13886,Hilário,1975-10-21
13972,Tonel,1980-04-13
14098,Helton,1978-05-18
14128,Luís Olim,1981-08-27
15078,Dmitri A. Smirnov,1980-08-13
15083,Dmitriy Torbinski,1984-04-28
15153,Dimitrios Salpingidis,1981-08-18
15275,Geoffrey Dernis,1980-12-24
15380,Spartak Gogniev,1981-01-19
15454,Fábio Bilica,1979-01-04
15693,Xabi Prieto,1983-08-29
15743,Vladislav Kulik,1985-02-27
15796,Igor Lolo,1982-07-22
15955,Josep Lluís Martí,1975-04-28
16186,Georgios Kantimiris,1982-09-19
16444,Michalis Sifakis,1984-09-09
16591,Nicolas Maurice-Belay,1985-04-19
16631,Ignazio Abate,1986-11-12
16888,Federico Agliardi,1983-02-11
16913,David Mendes da Silva,1982-08-04
16947,Marcin Wasilewski,1980-06-09
17129,Sulley Muntari,1984-08-27
17244,Ilan,1980-09-18
18019,Brian Vandenbussche,1981-09-24
18093,Julien Faubert,1983-08-01
18224,Kolja Afriyie,1982-04-06
18298,Olivier Auriac,1983-09-14
19013,Ilias Ioannou,1979-10-23
19045,David Sauget,1979-11-23
19356,Kevin Begois,1982-05-13
19438,Michele Canini,1985-06-05
19619,Oleksandr Rybka,1987-04-10
19636,Panagiotis Kone,1987-07-26
19719,Marko Pantelic,1978-09-15
19857,Steve Gohouri,1981-02-08
20378,Diego Pérez,1980-05-18
20444,Tobias Weis,1985-07-30
20726,Rolando Bianchi,1983-02-15
21060,Martin Latka,1984-09-28
21700,Simone Tiribocchi,1978-01-31
21701,Simone Vergassola,1976-01-24
21763,Federico Peluso,1984-01-20
22396,Alexis Thébaux,1985-03-17
22512,Henrik Smedegaard,1985-06-06
22598,Gianni Munari,1983-06-24
22613,Martin Scott,1986-02-15
22749,Daniele Croce,1982-09-09
22831,Johan Absalonsen,1985-09-16
23379,Volodymyr Polyovyi,1985-07-28
23989,Petter Andersson,1985-02-20
24010,Oleksandr Grytsay,1977-09-30
24105,Simon Pouplin,1985-05-28
24175,Pedro Taborda,1978-06-22
24484,Lior Refaelov,1986-04-26
25866,Aleksandr Orekhov,1983-11-29
25918,Zahari Sirakov,1977-10-08
26357,Yan Tigorev,1984-03-10
27017,Dmitriy Khomich,1984-10-04
27374,Sidnei,1989-08-23
27394,Alex Song,1987-09-09
28186,Jan Lastuvka,1982-07-07
28356,Denis Petric,1988-05-24
28815,Jan Wuytens,1985-06-09
28890,Tomislav Mikulic,1982-01-04
28964,Saulius Mikoliunas,1984-05-02
29016,Christopher Samba,1984-03-28
29258,Edgar Manucharyan,1987-01-19
29311,Mounir Obbadi,1983-04-04
29351,Bocundji Ca,1986-12-28
29386,Fevzi Elmas,1983-06-09
30306,Ivanildo,1986-01-09
30543,Alberto Rodríguez,1984-03-31
30697,Ron Vlaar,1985-02-16
30700,Dusan Predrag Djuric,1984-09-16
30882,Cristian Llama,1986-06-26
31123,Benjamin Gorka,1984-04-15
31348,Sotiris Balafas,1986-08-19
31696,Dimitrios Koutromanos,1987-02-25
31751,Robert Zillner,1985-08-04
31883,Hogan Ephraim,1988-03-31
31902,Arjan Christianen,1982-12-19
32029,Dorian Dervite,1988-07-25
32806,Etto,1981-03-08
33668,Guido Kocer,1988-09-15
33763,Massimo Coda,1988-11-10
33923,Blaise Matuidi,1987-04-09
34026,Siaka Tiéné,1982-02-22
34281,Rok Elsner,1986-01-25
34375,Jeffrey Altheer,1987-03-09
34377,Lorenzo Davids,1986-09-04
34560,Patrick Cregg,1986-02-21
34572,Mario Mandzukic,1986-05-21
34641,Darijan Matic,1983-05-28
34643,Dalibor Stevanovic,1984-09-27
34809,Ibrahima Gueyé,1978-02-19
34987,Burak Yilmaz,1985-07-15
35183,Stefan Aigner,1987-08-20
35259,Valentin Iliev,1980-07-11
35703,Robert Acquafresca,1987-09-11
35763,Vaclav Prochazka,1984-05-08
36039,Pavle Ninkov,1985-04-20
36045,Nebojsa Pavlovic,1981-04-09
36107,Brana Ilic,1985-02-16
36291,Gaëtan Bong,1988-04-25
37078,Christopher Mandiangu,1992-02-08
37399,Manu del Moral,1984-02-25
37428,Charlie Mulgrew,1986-03-06
37442,Danny Simpson,1987-01-04
37635,Jesper Lange,1986-01-11
37697,Ross Forbes,1989-03-03
37713,Cristian Riveros,1982-10-16
37731,Federico Moretti,1988-10-28
37735,Siphiwe Tshabalala,1984-09-25
37941,Camilo Zúñiga,1985-12-14
38004,Aurélien Joachim,1986-08-10
38195,Kenan Özer,1987-08-16
38253,Robert Lewandowski,1988-08-21
38449,Wouter Corstjens,1987-02-13
38591,Nicolas Frey,1984-03-06
38802,Pavel Mamaev,1988-09-17
38954,Fernando Gago,1986-04-10
39083,Felix Bastians,1988-05-09
39099,Rodrigo Palacio,1982-02-05
39151,Augusto Fernández,1986-04-10
39259,Makoto Hasebe,1984-01-18
39452,Arturo Álvarez,1985-06-28
39522,Reza Ghoochannejhad,1987-09-20
39743,Sandro Wagner,1987-11-29
39827,Jacob Butterfield,1990-06-10
39883,Morgan Amalfitano,1985-03-20
39908,Rudy Gestede,1988-10-10
39983,Leonardo Bonucci,1987-05-01
40611,Ryan Bertrand,1989-08-05
41990,Gabriel Zakuani,1986-05-31
42345,Giuseppe Vives,1980-07-14
42694,Mikkel Andersen,1988-12-17
42787,Bajram Nebihi,1988-08-05
42913,Lasse Nielsen,1988-01-08
42949,Zola Matumona,1981-11-26
43060,Sergey Kuznetsov,1982-08-31
43217,Pierluigi Frattali,1985-12-01
43458,Clément Chantôme,1987-09-11
43478,Nicaise Kudimbana,1987-01-21
43484,Jonathan Tuffey,1987-01-20
43495,Sergiy Pylypchuk,1984-09-26
43518,Stefano Napoleoni,1986-06-26
43960,Rudy Mater,1980-10-13
44057,Jorge Fucile,1984-11-19
44514,Federico Piovaccari,1984-09-01
44573,Kim Aabech,1983-05-31
44624,Dieumerci Mbokani,1985-11-22
44686,Yannick Cahuzac,1985-01-18
44714,Costin Lazar,1981-04-24
45042,Radoslaw Majewski,1986-12-15
45161,Mbaye Leye,1982-12-01
45214,Cenk Gönen,1988-02-21
45372,Gottardi,1985-07-22
45376,Júlio César,1984-12-13
45534,Christian Supusepa,1989-04-02
45548,Gregory van der Wiel,1988-02-03
45672,Kevin Trapp,1990-07-08
45953,Leandro,1985-03-31
47082,Daniel Sturridge,1989-09-01
48495,Maksim Budnikov,1983-05-31
48508,Makhach Gadzhiev,1987-10-18
49733,Serdar Kesimal,1989-01-24
49985,Ivan Tomecak,1989-12-07
50219,Simon Mignolet,1988-03-06
50511,Cyril Hennion,1992-01-03
50987,Maurice Edu,1986-04-18
51053,Daniel Davari,1988-01-06
51176,Marcel Risse,1989-12-17
51550,Carlos Bellvís,1985-04-24
51596,Ilhan Eker,1983-01-01
51853,Alphousseyni Keita,1985-11-13
51885,Grigori Chirkin,1986-02-26
52246,Kolbeinn Sigthórsson,1990-03-14
52261,Volkan Babacan,1988-08-11
52312,Sebastian Giovinco,1987-01-26
52332,Maximilian Haas,1985-12-07
52791,Michael Gardawski,1990-09-25
52895,Zelão,1984-11-12
52956,Gerson Acevedo,1988-04-05
52979,Paulo Henrique,1989-03-13
53116,Robin Himmelmann,1989-02-05
53536,Tolgay Arslan,1990-08-16
54268,David Templeton,1989-01-07
54291,Sergey Kuznetsov,1986-05-07
54312,Felipe Santana,1986-03-17
54774,Miguel de las Cuevas,1986-06-19
55125,Chris Löwe,1989-04-16
55240,Mauro dos Santos,1989-07-07
55409,Younousse Sankharé,1989-09-10
55489,Renato Cajá,1984-09-15
56611,Etiënne Reijnen,1987-04-05
56780,Kévin Dupuis,1987-01-14
56798,Pedro Pereira,1984-01-03
57144,Chahir Belghazouani,1986-10-06
57207,Jordon Mutch,1991-12-02
57372,Lucas Deaux,1988-12-26
57488,Simon Dawkins,1987-12-01
57545,Johann Ramaré,1984-06-05
57943,Aarón Ñíguez,1989-04-26
58000,Artem Fedetskyi,1985-04-26
58002,Volodymyr Fedoriv,1985-07-29
58341,Javi Varas,1982-09-10
58359,Özgür Aktas,1997-01-27
58455,Selim Bouadla,1988-08-26
58576,Miguel Layún,1988-06-25
58620,Arif Sahin,1985-12-22
58659,Saban Özel,1988-05-01
58825,Kayacan Erdogan,1988-03-21
58961,Pavlo Pashayev,1988-01-04
58980,Vyacheslav Turchanov,1991-08-03
59151,Mesut Yilmaz,1989-02-23
59344,Asier Illarramendi,1990-03-08
59446,Denys Sydorenko,1989-04-18
59529,Pavol Farkas,1985-03-27
59561,Dani Parejo,1989-04-16
59568,Felipe Ramos,1988-01-10
59755,Macoumba Kandji,1985-08-02
60206,Nikolay Safronidi,1983-09-10
60220,Matej Delac,1992-08-20
60258,Vito Plut,1988-07-08
60539,Lamine Gassama,1989-10-20
60577,Nicolas N'Koulou,1990-03-27
60594,Léo Schwechlen,1989-06-05
60804,Scott Smith,1992-01-14
60865,Danny Swanson,1986-12-28
60951,Funso Ojo,1991-08-28
61449,Senad Lulic,1986-01-18
61711,Callum McManaman,1991-04-25
61892,Rafael,1990-07-09
62713,Ryder Matos,1993-02-27
62945,Luis Hernández,1989-04-14
63489,Vasilios Lampropoulos,1990-03-31
63490,Aristidis Soiledis,1991-02-08
63502,Matías Martínez,1988-03-24
63689,Fran Rico,1987-08-03
63723,David Lombán,1987-06-05
63837,André André,1989-08-26
65243,Abraham González,1985-07-16
65264,Marc McAusland,1988-08-13
65929,Matías Rodríguez,1986-04-14
66133,Pablo Zeballos,1986-03-04
66398,Wilfried Moimbé,1988-10-18
66953,Murat Akca,1990-07-13
67202,Aaron Wilbraham,1979-10-21
67369,Nick Blackman,1989-11-11
67375,Kristian Dennis,1990-03-12
67548,Rubén Rochina,1991-03-23
67804,Paulo Tavares,1985-12-09
67925,Douglas Jesus,1983-03-09
68645,Martín Montoya,1991-04-14
68778,Marlos,1988-06-07
68863,Mauro Icardi,1993-02-19
69395,Evans Nyarko,1992-07-06
69634,Oliver Feldballe,1990-04-03
69644,Mathias Larsen,1991-05-20
70942,Manu Busto,1980-10-07
72201,Hugo Fraile,1987-03-16
73138,Pau Cendrós,1987-04-01
73222,Eloi Amagat,1985-05-21
73269,Javier Matilla,1988-08-16
73681,Shota Bibilov,1990-08-06
73986,Bogdan Karyukin,1985-08-20
74223,Jack Wilshere,1992-01-01
74954,Saúl Berjón,1986-05-24
75213,Sergey Veremko,1982-10-16
75219,Jasper Heusinkveld,1988-12-24
75705,Mikael Boman,1988-07-14
75901,Tobias Sana,1989-07-11
75942,Tomás Rincón,1988-01-13
76386,Mustapha Yatabaré,1986-01-26
76902,Fernandinho,1985-11-25
77569,Danny Seaborne,1987-03-05
77740,Alassane Touré,1989-02-09
77835,Delvin N'Dinga,1988-03-14
77845,Senah Mango,1991-12-13
78953,Martin Svensson,1989-08-10
79571,Marcus Törnstrand,1990-01-10
80161,Emir Dilaver,1991-05-07
80205,Jimmy Durmaz,1989-03-22
80462,Babanco,1985-07-27
80877,Jarno Molenberghs,1989-12-11
81386,Grégory Sertic,1989-08-05
81421,Cosmin Matei,1991-09-30
81649,Sergiy Rybalka,1990-04-01
81743,Fausto Rossi,1990-12-03
81801,Chung-yong Lee,1988-07-02
82503,Aridane Hernández,1989-03-23
82878,Robin Szarka,1991-09-17
83946,Youness Mokhtar,1991-08-29
84766,Francesco Di Tacchio,1990-04-20
85270,Pier Graziano Gori,1980-05-10
85288,Isco,1992-04-21
85301,Albert Blázquez,1992-01-21
85302,Mahmut Boz,1991-04-16
85324,Borja Bastón,1992-08-25
85370,Sergi Roberto,1992-02-07
85938,Andriy Oberemko,1984-03-18
86271,Kevin Janssens,1986-05-29
86788,Marco Aratore,1991-06-04
88590,Shkodran Mustafi,1992-04-17
88909,Riccardo Saponara,1991-12-21
88968,Nasser El Khayati,1989-02-07
89503,Carlinos,1987-02-17
89516,Borja Pérez,1982-04-01
89726,Jon Aurtenetxe,1992-01-03
90602,Saverio Vitelli,1983-04-23
90970,Kivanc Karakas,1985-03-03
91059,Joshua King,1992-01-15
91303,Viktor Lykhovydko,1992-04-13
91327,Roarie Deacon,1991-10-12
91330,Conor Henderson,1991-09-08
91425,Yuriy Kolomoets,1990-03-22
91473,Florent Ogier,1989-03-21
91540,Artem Shtanko,1980-09-06
91956,Magaye Gueye,1990-07-06
92042,Tiago Almeida,1990-09-13
92545,David McMillan,1988-12-14
92870,Emanuele Gatto,1994-08-11
93561,Marco Aulbach,1993-07-25
93572,Alexander Hien,1993-04-03
93584,Erik Wille,1993-03-28
93747,Yacine Qasmi,1991-01-03
93795,Facundo Ferreyra,1991-03-14
93905,Muhamed Besic,1992-09-10
94603,Patrick Bauer,1992-10-28
94771,Andreas Voglsammer,1992-01-09
94781,Fonsi,1986-01-22
95795,Vaclav Hladky,1990-11-14
95987,Mitch Megginson,1992-07-27
96444,Fotis Georgiou,1985-07-19
96788,Georgios Margaritis,1991-06-20
98320,Kalidou Yero,1991-08-19
98334,Romain Alessandrini,1989-04-03
98547,Stanislav Kritsyuk,1990-12-01
98558,Anton Kilin,1990-11-14
99355,Víctor Álvarez,1993-03-14
99463,Rob Kiernan,1991-01-13
99559,Alberto Perea,1990-12-19
99923,Simone Benedetti,1992-04-03
100220,Mika,1987-09-26
102134,Kasper Kusk,1991-11-10
103284,Dieumerci Ndongala,1991-06-14
103523,Ioan Mera,1987-01-05
104495,Lyle Taylor,1990-03-29
104597,Bram Nuytinck,1990-05-04
105261,Aleksandr Eliseev,1991-11-15
105565,Mark Duffy,1985-10-07
105811,Athanasios Karagounis,1991-09-25
106252,Adam Barton,1991-01-07
106270,Florian Kainz,1992-10-24
106675,Kirill Panchenko,1989-10-16
107777,Georgios Sarris,1989-09-08
108725,Chris Wood,1991-12-07
108831,Khalil Chemmam,1987-07-24
110116,Jean-Christophe Bouet,1983-07-21
110320,Fabián Bordagaray,1987-02-15
110923,Mattia Perin,1992-11-10
111041,Zacharie Boucher,1992-03-07
111431,Mark Durnan,1992-11-28
111786,Pär Ericsson,1988-07-21
112237,Freire,1989-08-21
112457,Alessandro Bassoli,1990-06-19
112552,Paul Papp,1989-11-11
112962,Roger Carvalho,1986-12-10
113575,David Jablonsky,1991-10-08
114139,Erkan Taskiran,1985-04-22
115447,Karlo Brucic,1992-04-17
115507,Bruno Zuculini,1993-04-02
116277,Nicolás Colazo,1990-07-08
116636,Guus Hupperts,1992-04-25
117808,Yuri Kuleshov,1981-04-12
117996,Phil Jones,1992-02-21
118302,Nikolaos Vergos,1996-01-13
119034,Felix Dornebusch,1994-07-12
119355,Matteo Ciofani,1988-02-26
120170,Soufian Akouili,1989-02-28
120543,Andriy Poltavtsev,1991-12-07
120788,Yannick Reuten,1995-05-09
120834,Markus Mendler,1993-01-07
121279,Tom Carroll,1992-05-28
121532,Kostakis Artymatas,1993-04-15
121986,Lucas Sasha,1990-03-01
122173,Marlon Pereira,1987-03-26
122538,Anthony Mfa Mezui,1991-03-07
122637,Ameth Fall,1991-04-04
122702,Michel,1986-08-22
122840,Loïc Nego,1991-01-15
123145,Mustapha Dumbuya,1987-08-07
124662,Vitaliy Gayduchik,1989-07-12
124774,Srdjan Spiridonovic,1993-10-13
124873,Florian Jozefzoon,1991-02-09
124888,Johan Kappelhof,1990-08-05
124904,Emanuel Dening,1988-12-14
125714,Mark Flekken,1993-06-13
125781,Antoine Griezmann,1991-03-21
126440,Andreas Hadenius,1991-03-18
126528,Maxime Poundjé,1992-08-16
126610,Marc Dal Hende,1990-11-06
126697,Hicham M'Laab,1990-02-27
126741,Jairo Morillas,1993-07-02
126767,Ali Ahamada,1991-08-19
126956,Edgar Costa,1987-04-14
127140,Jonathan Ligali,1991-05-28
127198,Mégan Laurent,1992-03-24
127554,Nacho Martínez,1989-03-07
127992,Daniel Addo,1989-09-03
128220,Luis Alberto,1992-09-28
128813,Sergiy Litovchenko,1987-10-04
129515,Chuli,1991-01-25
129579,Glenn Claes,1994-03-08
129699,Theodoros Berios,1989-03-21
130195,Emiliano García,1989-11-26
130531,Riffi Mandanda,1992-10-11
130768,Jonathan Bond,1993-05-19
131101,Stiven Mendoza,1992-06-27
131102,Jeison Murillo,1992-05-27
131978,Ross Barkley,1993-12-05
132061,Eliandro,1990-04-23
132207,Matty Kennedy,1994-11-01
133542,Pablo Mazza,1987-12-21
135748,Pierrick Cros,1992-03-17
136133,Andrea Schiavone,1993-02-25
137086,Eli Babalj,1992-02-21
137438,Sadio Diallo,1990-12-28
137930,Zakaria Diallo,1986-08-13
138171,Mathias Autret,1991-03-01
138456,Wojciech Pawlowski,1993-01-18
139279,Nicolas Pallois,1987-09-19
140138,Lucas Chiaretti,1987-09-22
140310,Ryota Morioka,1991-04-12
141341,Cameron Gayle,1992-11-22
142277,Lamisha Musonda,1992-03-27
142342,Olivier Vannucci,1991-11-21
143559,Matija Nastasić,1993-03-28
143622,Reuben Gabriel,1990-09-25
143852,Nikolaos Marinakis,1993-09-12
144536,Egor Ivanov,1992-06-19
144545,Kirill Suslov,1991-10-26
144779,Saphir Taïder,1992-02-29
146692,Maksym Borovets,1992-04-15
147031,Joel Untersee,1994-02-11
147112,Mathias Nielsen,1991-03-02
147266,Carlos Peña,1990-03-29
147881,Márcio Rosário,1983-11-21
148153,Lewis Dunk,1991-11-21
149446,Bryan Dabo,1992-02-18
149496,Andrey Zotov,1993-03-04
149540,Zakarya Bergdich,1989-01-07
149717,Betinho,1993-07-21
149752,Vitor Hugo,1991-05-20
149949,Nuri Fatih Aydin,1995-01-01
151494,Tom Beugelsdijk,1990-08-07
151639,Vítor Saba,1990-07-11
152317,Manuel Prietl,1991-08-03
153238,Jonathan Viera,1989-10-21
153673,Ricardo Andrade,1977-06-22
153754,Hasan Kilic,1992-07-27
156721,Luka Milunovic,1992-12-21
157154,Roderick Miller,1992-04-03
157160,Frank Acheampong,1993-10-16
157383,Milos Filipovic,1990-05-09
157501,M'Baye Niang,1994-12-19
157509,Kurt Zouma,1994-10-27
158791,Sergio Postigo,1988-11-04
158849,Jon Errasti,1988-06-06
159032,Nick Kuipers,1992-10-08
159265,Kerim Carolus,1994-06-16
159372,Felipe Anderson,1993-04-15
159773,Pablo Ceppelini,1991-09-11
159908,Aytac Kara,1993-03-23
160118,Vasilios Vallianos,1988-09-11
163048,Alberto Paleari,1992-08-29
163053,Mame Thiam,1992-10-09
163078,Davide Marsura,1994-02-20
163639,Federico Ceccherini,1992-05-11
163654,Kevin García,1989-09-08
163724,Laurent Jans,1992-08-05
164088,Luca Berardocco,1991-01-22
164658,Youssef Toutouh,1992-10-06
165812,Frederik Due,1992-07-18
166587,Vitaliy Kvashuk,1993-04-01
166640,Cristian Ceballos,1992-12-03
166735,Kirill Kostin,1994-03-25
166737,Evgeniy Markov,1994-07-07
167268,Paddy McNair,1995-04-27
167378,Aurimas Vilkaitis,1993-02-11
167491,Stefano Sabelli,1993-01-13
167501,Fábio Tavares,1988-03-26
168063,Filip Mladenovic,1991-08-15
168156,Boli Bolingoli,1995-07-01
168543,Levin Öztunali,1996-03-15
169362,Luka Zahovic,1995-11-15
169874,Bekir Sevgi,1988-08-25
169905,Caner Arici,1986-11-07
170344,Jérémy Frick,1993-03-08
170442,Cem Özdemir,1992-07-27
170463,Marcel Tisserand,1993-01-10
171410,Prince Gouano,1993-12-24
171679,Matt Doherty,1992-01-16
171696,Marco Perrotta,1994-02-14
171721,Adam Taggart,1993-06-02
172015,Fernando Pacheco,1992-05-18
172116,Konstantinos Panagiotoudis,1994-12-03
172163,Ugur Ciftci,1992-05-04
172333,Bill Tuiloma,1995-03-27
173253,Ilya Glushytskyi,1993-08-02
173802,Oscar Threlkeld,1994-02-15
174915,Islam Slimani,1988-06-18
175448,Juan Delgado,1994-01-03
175449,Moi Gómez,1994-06-23
175737,Adam Morgan,1994-04-21
176311,Oliver Sánchez,1990-05-05
176485,Lucas Piazon,1994-01-20
176936,Julián Cuesta,1991-03-28
177065,Florin Andone,1993-04-11
177185,Souleymane Coulibaly,1994-12-26
179408,Cheick Diarra,1992-02-11
179806,Miha Blazic,1993-05-08
180167,Sivert Heltne Nilsen,1991-10-02
180358,Branko Ostojic,1984-01-03
180731,Tiago Galvão,1989-08-24
180836,Sandro Tsveiba,1993-09-05
181223,Nikita Permyakov,1994-03-15
182108,Seba Pérez,1993-03-29
182312,Pape Sané,1991-12-30
182468,Mauro,1990-10-31
182554,Anass Achahbar,1994-01-13
182587,Declan McDaid,1995-11-22
182684,Nikolaos Giannitsanis,1994-02-16
182693,Theodoros Papoutsogiannopoulos,1994-07-05
182811,Gaël Andonian,1995-02-07
182877,Anthony Martial,1995-12-05
182893,Seko Fofana,1995-05-07
182923,Stefano Denswil,1993-05-07
183204,Yacine Si Salem,1988-01-10
183845,Maks Barisic,1995-03-06
184309,Amir Agayev,1992-02-10
184491,Naïm Sliti,1992-07-27
184573,Victor Lindelöf,1994-07-17
184885,Christos Albanis,1994-11-05
184917,Serge Leuko,1993-08-04
184954,Kudus Oyenuga,1993-03-18
185164,Jacob Barrett Laursen,1994-11-17
186269,Stephen Hendrie,1995-01-08
186477,Herbert Bockhorn,1995-01-31
186494,Rory McKeown,1993-04-08
186589,Andy Ryan,1994-09-29
186901,Marek Rodak,1996-12-13
187601,Fabian Sporkslede,1993-08-03
187697,Jean Cleber,1990-04-29
187957,Daniel Pedersen,1992-07-27
188131,Andrija Pavlovic,1993-11-16
188501,Thibaut Vion,1993-12-11
188838,Bruno González,1990-05-24
188930,Danijel Petkovic,1993-05-25
189340,Gianluca Di Chiara,1993-12-26
189487,Rashade Sido,1995-04-28
190442,Alan Ruiz,1993-08-19
190780,Emiliano Sala,1990-10-31
191707,Ross Millen,1994-09-28
192364,Angus MacDonald,1992-10-15
192656,Kurtis Guthrie,1993-04-21
192740,Aleksandar Palocevic,1993-08-22
193303,Sequeira,1990-08-19
193362,Jamie Reid,1994-01-11
193597,Adil Tihouna,1992-12-29
193768,Andrés Chávez,1991-03-21
193877,Pascal Köpke,1995-09-03
194908,Erick Cabalceta,1993-01-09
195199,Aniello Salzano,1991-07-20
196791,Lukas Watkowiak,1996-03-06
196900,Hasan Hatipoglu,1989-07-19
197210,Ibrahim Obayomi,1992-09-09
197476,Alex Redolfi,1994-01-20
197838,Jamie Vardy,1987-01-11
197860,Pedro Rebocho,1995-01-23
198037,Nico Varela,1991-01-19
198053,Lazar Rosic,1993-06-29
198194,Yener Arica,1992-02-28
198210,Chiel Kramer,1992-01-03
198496,Thibaut Rausin,1993-05-03
199040,Lorenzo Lari,1994-10-07
199316,Abdülkerim Bardakci,1994-09-07
199603,Matteo Ferrari,1994-04-05
200195,Lorenzo Paramatti,1995-01-02
200653,Dávid Forgács,1995-09-29
203055,Marco Iannascoli,1994-11-06
203087,William Amorim,1991-12-15
203411,Jakob Busk,1993-09-12
203418,Crespo Kamara,1993-01-13
203851,Yevgen Troyanovskyi,1993-07-02
204111,Eden Shamir,1995-06-25
204201,Emre Tasdemir,1995-08-08
205398,Alexandre Cropanese,1993-10-18
205676,Federico Gagliardini,1994-01-24
206889,Svyatoslav Kozlovskyi,1994-03-26
207578,Max Besuschkow,1997-05-31
207581,Andreas Dabos,1990-09-28
208469,Volodymyr Kostevych,1992-10-23
208505,Stéphane Badji,1990-01-18
208512,Álex Craninx,1995-10-21
209072,Yacine Hadji,1993-03-09
209513,Igor Lichnovsky,1994-03-07
209990,Djamel Eddine Benlamri,1989-12-25
210528,Jacob Rinne,1993-06-20
210711,Julián Montenegro,1989-03-23
210714,Kanú,1992-03-05
210767,Erdal Pekdemir,1992-06-13
210941,Viera Ellong,1987-06-14
211117,Jonatan Lima,1992-01-04
211251,Darwin Machís,1993-02-07
211796,Clésio Baúque,1994-10-11
212251,Yuri Shafinskiy,1994-05-06
213268,Alireza Jahanbakhsh,1993-08-11
213271,Léo,1989-11-29
213351,Christian Irobiso,1993-05-28
213799,Burak Calman,1993-02-13
213952,Filippo Berra,1995-02-06
213983,Yuriy Yastrub,1995-10-25
213984,Taras Zaviyskyi,1995-04-12
214113,Mitchell Beeney,1995-10-03
214265,Andrey Sorokin,1996-03-28
214701,Bruno,1994-03-16
214715,Branko Jovicic,1993-03-18
214927,Brandon Barker,1996-10-04
215099,Daley Sinkgraven,1995-07-04
216131,Bruno Mendes,1994-08-02
216270,Ricki Lamie,1993-06-20
216426,Julio Tavarès,1988-11-19
216589,Zisis Naoum,1994-01-17
216599,Domen Crnigoj,1995-11-18
216603,Irfan Can Kahveci,1995-07-15
216639,Fousseni Bamba,1990-04-19
216662,Deniz Türüc,1993-01-29
220722,Eduardo,1993-06-07
220755,Matthew Pennington,1994-10-06
222108,Jon Guthrie,1992-07-29
222813,Marko Grujić,1996-04-13
222838,Miladin Stevanovic,1996-02-11
222977,Casper Höjer,1994-11-20
223025,Gökhan Akkan,1995-01-01
223225,Dan Crowley,1997-08-03
223522,Jeppe Höjbjerg,1995-04-30
223979,Xaver Schlager,1997-09-28
225015,Carlos Akapo,1993-03-12
225020,Mariano Díaz,1993-08-01
225873,Karol Linetty,1995-02-02
226155,Carlinhos,1994-06-22
226169,Ahmed Ildiz,1996-11-28
228206,Abuda,1989-01-22
228478,Leon Bergsma,1997-01-25
228584,David Simón,1988-12-16
228660,Yuriy Dyupin,1988-03-17
229970,Tom Lawrence,1994-01-13
230668,Aaron Gielen,1993-02-06
231381,Andrea Fulignati,1994-10-31
231908,Aristomenis Kapouranis,1990-01-15
231909,Emilio Kishta,1994-08-10
232418,Ondrej Duda,1994-12-05
232454,Nadiem Amiri,1996-10-27
232670,Ibrahim Ikililou,1993-07-01
233086,Ntuthuko Radebe,1994-09-29
233141,Junior Morias,1995-07-04
234124,Simon Deli,1991-10-27
234193,Birger Verstraete,1994-04-16
234523,Antonio Sanabria,1996-03-04
234643,Andrey Vshivtsev,1994-01-25
234910,Giovanni Korte,1993-08-01
235230,Samy Bourard,1996-03-29
235732,Igor Bezdenezhnykh,1996-08-08
236537,Fernando Andrade,1993-01-08
236791,Dennis Lippert,1996-02-20
237663,Kukula,1993-01-22
238056,Alexander Fransson,1994-04-02
238307,Scott Wilson,1995-04-25
238632,Emmanuel Debordeaux,1993-03-22
238639,Steve Mounié,1994-09-29
238647,Ibrahima Sy,1995-08-13
238992,Giacomo Sciacca,1996-04-19
240074,Christos Armenis,1993-06-22
240274,Anderson Lucoqui,1997-07-06
240632,Nikolaos Papadimas,1991-07-26
240723,Alexandros Arnarellis,1991-10-01
241119,Clinton N'Jie,1993-08-15
241229,Jordan Amavi,1994-03-09
241382,Max de Boom,1996-02-17
241481,Jairo Riedewald,1996-09-09
241613,Bogdan Zatsepin,1995-07-10
242086,Patrik Schick,1996-01-24
242411,Russell Griffiths,1996-04-13
243042,Paulo Loureiro,1993-01-11
243606,Anastasios Donis,1996-08-29
243633,Aaron Tshibola,1995-01-02
243805,Maximilian Pronichev,1997-11-17
244294,André Costa,1992-11-27
245014,Enis Bardhi,1995-07-02
246063,Philipp Schmiedl,1997-07-23
249274,Sergio Llamas,1993-03-06
249463,Isaac Nana,1994-01-01
250030,Robin Maulun,1996-11-23
250638,Collins Fai,1992-08-13
250682,Femi Balogun,1992-12-27
250845,José María Giménez,1995-01-20
251046,Einar Galilea,1994-05-22
251880,Antonio Montoro,1997-05-10
252780,Ferhat Macit,1993-04-28
254358,Johann Obiang,1993-07-05
254659,Georgios Ktistopoulos,1996-08-19
255353,Christian Doidge,1992-08-25
255443,Luka Koberidze,1994-09-09
255525,Christos Tzioras,1988-10-05
255688,Achilleas Poungouras,1995-12-13
256695,Alemão,1992-12-07
256777,Gökhan Kardes,1997-05-15
256902,Modou Diagne,1994-01-03
257118,Michele Rocca,1996-02-06
257139,Leandro Souza,1987-02-23
257455,João Palhinha,1995-07-09
257462,Luka Jović,1997-12-23
257482,Charilaos Charisis,1995-01-12
257668,Wilmar Barrios,1993-10-16
257937,Oleg Danchenko,1994-08-01
258216,Kasey Palmer,1996-11-09
258669,Gökhan Artun,1995-01-27
258761,Kisley,1990-11-22
258924,Jordan Rossiter,1997-03-24
258933,Wanderson,1992-05-31
259461,Paulinho,1993-05-29
259721,Daniel De Silva,1997-03-06
260676,Vladislav Masternoy,1995-11-17
260979,Branislav Ninaj,1994-05-17
261367,Connor Dymond,1994-09-12
261459,Alef,1995-01-28
262373,Arjen Hagenauw,1994-08-11
262389,Àlex Carbonell,1997-09-15
263065,Marijan Coric,1995-02-06
263482,Michael Olunga,1994-03-26
263918,Aleksandr Golovin,1996-05-30
263962,Anton Zinkovskiy,1996-04-14
264372,Viktor Tsygankov,1997-11-15
264646,Oleksandr Osman,1996-04-18
264660,Isaac Christie-Davies,1997-10-18
265079,Mattia Del Favero,1998-06-05
265092,Ridvan Özkan,1994-02-01
265581,Karim Essikal,1996-02-08
267116,Torino Hunte,1990-12-14
268427,Maksim Kuzmin,1996-06-01
268429,Sandi Lovric,1998-03-28
269601,Dong-jun Lee,1997-02-01
270410,Ilias Hassani,1995-11-08
270571,Aaron Chapman,1990-05-29
271087,Adam Evans,1994-05-03
271390,Joachim Eickmayer,1993-01-11
271441,Gilles Ruyssen,1994-06-18
271997,Callum Elder,1995-01-27
272704,Gérald Kilota,1994-01-02
273455,Abner,1996-05-30
274958,Saturnin Allagbé,1993-11-22
277009,Mike Tros,1993-09-04
278359,Borja Iglesias,1993-01-17
278654,Emre Akbaba,1992-10-04
279152,Maksim Karpov,1995-03-17
279254,Sander Coopman,1995-03-12
279935,Paulo Freitas,1994-08-26
280330,Jonas Hansen,1995-08-07
280528,Cammy Mackay,1996-12-09
281900,Paolo Bartolomei,1989-08-22
282227,Marc Wehner,1995-03-18
282473,Gilbert Koomson,1994-09-09
282553,Muhammed Akarslan,1995-04-02
282672,Benito Ramírez,1995-07-11
282722,Álex Collado,1999-04-22
283130,Moussa Marega,1991-04-14
283196,Kasper Dolberg,1997-10-06
283474,Leon Bätge,1997-07-09
283580,Nick Gillekens,1995-07-05
283628,Tomas Soucek,1995-02-27
284035,Chima Okoroji,1997-04-19
284188,Simon Rhein,1998-05-18
284248,Paul Jaeckel,1998-07-22
284382,Marat Butuev,1992-05-08
284486,Grigoris Chandrinos,1995-02-10
284510,Konstantinos Georgakopoulos,1994-01-03
284730,Manuel Akanji,1995-07-19
284854,Carles Aleñá,1998-01-05
284890,José Luis Trápaga,1998-05-21
285323,Baptiste Santamaria,1995-03-09
285439,Serkan Yavuz,1996-08-15
286533,Epaminondas Pantelakis,1995-02-10
286949,Adam Masina,1994-01-02
287189,Georgiy Makhatadze,1998-03-26
287578,Sam Adekugbe,1995-01-16
287792,Oleksandr Tymchyk,1997-01-20
287931,Vsevolod Ermakov,1996-01-06
288237,Jérémy Gélin,1997-04-24
288348,Dominik Franke,1998-10-05
288710,Kemar Lawrence,1992-09-17
289433,Yakou Méïté,1996-02-11
289446,Yerry Mina,1994-09-23
289581,Glenn Leemans,1996-02-12
289592,Orel Mangala,1998-03-18
289713,Mamadou Fall,1991-12-31
290249,Mauro Arambarri,1995-09-30
290415,Davide Costa,1996-03-22
290418,Riccardo Gaiola,1996-04-01
290613,Jean-Baptiste Léo,1996-05-03
290928,Dylan Bahamboula,1995-05-22
290935,Tafsir Chérif,1995-06-19
291054,Jorge Gómez,1995-09-11
291392,Fabio Della Giovanna,1997-03-21
291697,Ömer Can Tamursoylu,1994-01-01
291816,Eric Björkander,1996-06-11
292333,Ransford Selasi,1996-08-19
292346,Dimosthenis Chantzaras,1997-01-08
292534,Eric Smith,1997-01-08
292809,Mathias Janssens,1998-03-09
292812,Hasan Kurucay,1997-08-31
293247,Stefan Knezevic,1996-10-30
293279,Mark Brink,1998-03-15
294197,Eren Can Özcelik,1993-10-08
295059,Kento Misao,1996-04-16
295073,Kleton Perntreou,1995-01-08
295183,Razvan Marin,1996-05-23
296443,Jesse Curran,1996-07-16
296741,Markus Schubert,1998-06-12
296787,Takahiro Sekine,1995-04-19
296913,Mustafa Coskun,1997-01-01
297015,Roman Shpytsya,1995-01-10
297623,Vasiliy Pinchuk,1994-12-08
297635,Matteo Gasperoni,1998-09-11
297645,Riccardo Marchizza,1998-03-26
297648,Simone Muratore,1998-05-30
298635,Grigoris Kastanos,1998-01-30
298638,Nikolas Mattheou,1998-05-07
300137,Marius Adamonis,1997-05-13
303456,Youn Czekanowicz,2000-08-08
304606,Aleksandr Pantsyrev,1993-12-08
305956,Nano Mesa,1995-02-05
306382,Benjamin Tetteh,1997-07-10
307052,Masaya Okugawa,1996-04-14
307419,Charlee Adams,1995-02-16
308213,Muhammed Akyildiz,1995-09-01
308441,Caio Lucas,1994-04-19
308801,Adalberto Peñaranda,1997-05-31
309007,Fran Serrano,1995-04-20
312531,Emmanuel Sonupe,1996-03-21
312705,Kaan Bulut,1994-04-13
314284,Layton Ndukwu,1998-09-07
314362,Hayden Coulson,1998-06-17
315125,Javairô Dilrosun,1998-06-22
315165,Daniil Zuev,1996-08-16
315604,Diadié Samassékou,1996-01-11
315788,Tommaso Cucchietti,1998-01-24
315856,Christian Capone,1999-04-28
316416,Danté Walen,1998-02-11
318224,Johan Ter Horst,1995-04-06
318394,Stamatis Togrou,1994-04-18
318427,Andrey Ivashin,1999-06-30
318470,Matvey Safonov,1999-02-25
319287,Jorgo Muca,1998-02-08
319303,Clive Smith,1997-12-12
320141,Caglar Söyüncü,1996-05-23
320263,Abdou Diakhate,1998-12-31
320953,Yuriy Kravchuk,1994-04-06
321178,Matej Chalus,1998-02-02
321370,Burak Albayrak,1998-01-12
321417,Mykyta Tatarkov,1995-01-04
321647,Grejohn Kyei,1995-08-12
321851,Jacob Buus Jacobsen,1997-03-07
322781,Breno Lorran,1995-03-06
323710,Yuriy Zhuravlev,1996-06-29
324348,Spyros Natsos,1998-06-09
324472,Diego Borghini,1997-03-04
324512,Giannis Varkas,1998-03-27
324804,Yann Karamoh,1998-07-08
324921,Youssef El Jebli,1992-12-27
325443,Viktor Gyökeres,1998-06-04
325499,Gregoire Martin,1996-02-08
326589,Ola Adeyemo,1995-01-15
327126,Anuar,1995-01-15
327881,Sven van der Maaten,1994-10-02
328914,Álex Blanco,1998-12-16
329813,João Virgínia,1999-10-10
330289,Cheick Keita,1996-04-16
330893,Ibrahim Isci,1996-05-05
331505,Óscar Mingueza,1999-05-13
333199,Bryan Róchez,1995-01-01
333464,Romario Rösch,1999-07-01
334557,Chiquinho,1995-07-19
334774,Brian Oppong,1995-08-15
335070,Firat Kaplan,1998-07-16
335103,Linton Maina,1999-06-23
335225,Manu Morlanes,1999-01-12
335457,Ermedin Demirovic,1998-03-25
335595,Dessie Hutchinson,1996-12-05
335841,Kafoumba Touré,1994-01-01
336002,Herdi Bukusu,2000-04-03
336757,Digas,1992-12-31
337381,Andrea Cistana,1997-04-01
337537,Ricardinho,1994-03-24
338107,Simone Rossetti,1997-06-09
338226,Hayrullah Bilazer,1995-05-20
338297,Alessandro Turrin,1997-03-10
339335,Leandro Fernandes,1999-12-25
339699,Giovanni González,1994-09-20
339789,Josh Pask,1997-11-01
339820,Amath Ndiaye,1996-07-16
340151,Andrea Favilli,1997-05-17
340444,Christian D'Urso,1997-07-26
340557,Maurício Antônio,1992-02-06
340864,Jaume Grau,1997-05-05
341549,Umut Meras,1995-12-20
341647,Cengiz Ünder,1997-07-14
341710,William,1995-04-03
341942,Erwin Koffi,1995-01-10
342100,Sahverdi Cetin,2000-09-28
342209,Kévin N'Doram,1996-01-22
342218,Yhoan Andzouana,1996-12-13
342221,Dylan Beaulieu,1997-05-05
342267,Hasan Kaya,1995-11-10
342341,Leonardo Candellone,1997-09-15
342393,Gustav Marcussen,1998-06-12
342712,Feyo Glim,1997-06-19
342843,Caju,1995-07-17
343044,Payam Niazmand,1995-04-06
343475,Ben Godfrey,1998-01-15
344886,Matthieu Udol,1996-03-20
345536,Didier Bouanga,1995-12-14
345700,Joe Bell,1999-04-27
346270,Aaron Simpson,1997-03-07
346314,Trevoh Chalobah,1999-07-05
346472,Tom Dele-Bashiru,1999-09-17
346559,Dario Vittorio Meadows,1999-01-28
346621,Nikki Baggerman,1997-10-17
346643,Jamie Gullan,1999-07-02
347138,Lyndon Dykes,1995-10-07
347900,Jerdy Schouten,1997-01-12
348425,Miguel Cardoso,1994-06-19
349571,Wellington Luís,1995-01-04
349836,Diego González,1995-01-28
349903,Bruno Lamas,1994-04-13
349936,Aleksandr Rudenko,1993-03-04
351388,Rashad Muhammed,1993-09-25
351506,Josh Pérez,1998-01-21
351616,Dmitri Mandricenco,1997-05-13
351718,Oguzhan Capar,1996-10-08
351755,Darnell Furlong,1995-10-31
352559,Andrezinho,1995-08-16
353584,Sergiy Petko,1994-01-23
354232,Hakim El Mokeddem,1999-02-15
355092,Muhammed Can,1997-06-27
355367,Vagner Gonçalves,1996-04-27
355628,Igor Zubeldia,1997-03-30
355641,Mounir Chouiar,1999-01-23
356139,Terry Osei-Berkoe,1998-01-09
356141,Daichi Kamada,1996-08-05
356396,Joe Wright,1995-02-26
357565,Rodri,1996-06-22
358727,Carlos Moura,1996-07-02
358870,Dennis Jastrzembski,2000-02-20
359380,Evans Mensah,1998-02-09
360667,Yann Mabella,1996-02-22
361074,Peer Koopmeiners,2000-05-04
361112,Evert Linthorst,2000-03-03
361504,Rafa Mújica,1998-10-29
361537,Mihai Popescu,1993-05-07
361575,Tymoteusz Puchacz,1999-01-23
362572,Dmitriy Rybchinskiy,1998-08-19
363717,Timo Stavitski,1999-07-17
363779,Zout,1994-04-22
364258,Bernardo,1995-05-14
365251,Charalampos Stamboulidis,1996-06-22
365449,Xian Emmers,1999-07-20
365462,Corentin Tirard,1995-10-18
366729,Nazariy Rusyn,1998-10-25
367423,Chris Durkin,2000-02-08
369159,Brendan Schoonbaert,2000-05-09
369692,Gloire Rutikanga,1997-02-04
370846,Timothy Weah,2000-02-22
370887,Georgios Angelopoulos,1997-02-25
371142,Myziane Maolida,1999-02-14
371144,Jad Mouaddib,1999-04-05
371174,Diego Lainez,2000-06-09
371360,Lirim Kastrati,1999-02-02
375401,Andy McCarthy,1998-10-20
375657,Vladyslav Shapoval,1995-05-08
375816,Manuel De Luca,1998-07-17
379198,Matheus Vargas,1996-06-18
379680,Zé Pedro,1992-07-08
379842,Kirill Malyarov,1997-03-07
379979,Adrian Fein,1999-03-18
381156,Joel Mumbongo,1999-01-09
381187,Emmanuel Sabbi,1997-12-24
381348,Daniel Mancini,1996-11-11
382211,Martin Regali,1993-10-12
383152,André Olukanmi,1997-12-01
383294,Yevgen Yefremov,1994-01-17
383571,Yaren Sözer,1997-04-19
385588,Nandinho,1996-11-07
385726,Yagizcan Erdem,1997-02-13
385906,Kevin Varga,1996-03-30
386447,Alessandro Fiordaliso,1999-03-20
386554,Ghjuvan Andria Piereschi,1997-05-19
386829,Edoardo Bovolon,1998-06-05
388159,Wallace Duffy,1999-04-12
388160,Fraser Hornby,1999-09-13
389078,Adrian Stanilewicz,2000-02-22
390127,Aristotelis Panagiotidis,1997-01-17
390376,Muhammet Özvardar,1998-06-01
390478,Kobamelo Kodisang,1999-08-28
391192,Jean-Claude Billong,1993-12-28
392487,Thaciano,1995-05-12
392570,Marco Sala,1999-06-04
392966,Nadir Zortea,1999-06-19
393240,Boyd Reith,1999-05-05
395067,Ilya Markovskyi,1997-06-06
395123,Alessandro Bianconi,1999-01-20
395234,Batista Mendy,2000-01-12
395236,Yacine Adli,2000-07-29
395527,Emmanuele Matino,1998-10-07
396273,Sergey Slepov,1999-05-19
396530,Artem Kozak,1998-05-28
396535,Vladyslav Alekseyev,1998-04-29
396549,Brian Rice,2000-11-20
396841,Louis Verstraete,1999-05-04
397222,Lorenzo Rivi,1999-01-02
397860,Marco Spina,2000-01-25
398025,Riccardo Baroni,1998-09-19
398324,Rui Pires,1998-03-22
398807,Olivier Kingue,1996-02-20
398850,Danila Khakhalev,1997-01-23
399997,Daniel Arzani,1999-01-04
400174,Kristófer Kristinsson,1999-04-07
400532,Joel Felix,1998-01-13
400645,Joran Swart,1998-04-06
401065,Riccardo Mastrilli,1997-05-30
401320,Dara O'Shea,1999-03-04
402079,Ignacio Ramírez,1997-02-01
402982,Panagiotis Xomplios,1996-02-27
403013,Mathieu Troonbeeckx,1998-02-16
405397,Keito Nakamura,2000-07-28
406556,Tom McGill,2000-03-25
406625,Lautaro Martínez,1997-08-22
406889,Pelle Boevink,1998-01-06
409103,Usman Mohammed,1994-03-02
409344,Calvin Stengs,1998-12-18
410832,Oktay Aydin,1997-07-03
412367,Weverson,2000-07-05
412671,Quentin Boisgard,1997-03-17
413033,Lamine Ghezali,1999-07-06
413565,Jhon Lucumí,1998-06-26
415645,Alex Pinto,1998-07-08
415912,Konstantinos Mavropanos,1997-12-11
416168,Durel Avounou,1997-09-25
416468,Antonis Gaitanidis,2000-03-18
416492,Okan Suleiman,2000-03-04
418543,Perr Schuurs,1999-11-26
418561,Kristoffer Klaesson,2000-11-27
418891,Oleksandr Melnyk,2000-02-10
419025,Conor Coventry,2000-03-25
419061,Vladyslav Supryaga,2000-02-15
419660,Nazareno Solís,1994-04-22
420465,Tiago Djaló,2000-04-09
420777,Jonah Ayunga,1997-05-24
421769,Davide Ghislandi,2001-06-16
421775,Nicolò Armini,2001-03-07
422585,Diederick Luydens,1999-02-18
422721,Stefán Teitur Thórdarson,1998-10-16
422746,Federico Pereyra,1989-01-04
422768,Thijs Dekker,1997-01-31
422936,Patrick Egelund,2000-08-02
423879,Astrit Selmani,1997-05-13
428502,Boy Kemper,1999-06-21
430824,Peter Gwargis,2000-09-04
432672,Bo Breukers,1999-05-20
433593,Jurre Vreman,1998-02-20
434226,Darly N'Landu,2000-07-14
435147,Louka Franco,1997-10-22
435493,Bambo Diaby,1997-12-17
436061,Mees Bakker,2001-03-11
437392,Jesse Sekidika,1996-07-14
438202,Bruno Tabata,1997-03-30
440525,Guillaume Sarrabayrouse,1997-06-14
441383,Alex Petkov,1999-07-25
441444,Konstantinos Makris,1998-12-04
441994,Lino Kasten,2001-01-17
442767,Iñigo Muñoz,1996-12-16
442816,Fran Gámez,1991-07-27
443541,Barry Maguire,1998-04-27
443542,PJ Morrison,1998-02-27
443726,James Scott,2000-08-30
443855,Nick Bätzner,2000-03-15
445013,Klaus Moesgaard,1997-02-13
446302,Marios Ogboe,1994-10-10
446310,Andreas Burssens,1999-03-17
447101,Maksim Vityugov,1998-02-01
449592,Cameron Puertas,1998-08-18
450173,Gaius Makouta,1997-07-25
450539,Des Kunst,1999-10-12
450689,David Dangana,2000-04-01
450837,Calum Ferrie,1998-06-19
452238,Samuel Oum Gouet,1997-12-14
452326,Nikita Sergeev,1999-10-17
453704,Álvaro Fernández,1998-04-13
453865,Kimberly Ezekwem,2001-06-19
454121,Galeno,1997-10-22
454336,Killian Sardella,2002-05-02
454973,Metin Acet,1998-11-21
455014,Chingiz Magomadov,1998-08-01
455692,Vangelis Patsarouchas,1998-04-13
457237,Sergio Kalaj,2000-01-28
457961,Theodoros Venetikidis,2001-02-20
460591,Agron Rufati,1999-04-06
460625,Konstantinos Balogiannis,1999-02-08
461600,Mohamed Bahlouli,2000-02-17
461682,Sergey Aydarov,1998-05-29
461936,Frederico Duarte,1999-03-30
462833,Mads Larsen,2001-09-20
463460,Martin Egelund,1999-04-22
464142,Diego Snepvangers,1998-06-03
465565,Dimitrije Kamenovic,2000-07-16
466765,Ismaila Soro,1998-05-07
466910,Wesley Moustache,1999-02-26
467599,Ben Wilmot,1999-11-04
467994,Luca Belardinelli,2001-03-14
471638,Emiliano Purita,1997-03-25
474220,Safawi Rasid,1997-03-05
475411,Wesley Fofana,2000-12-17
476352,Renan Lodi,1998-04-08
477180,Edgar Mendonça,1996-08-27
477185,Bogdan Gladun,1999-06-10
477932,Süleyman Lus,2001-03-24
478366,Miguel Reisinho,1999-04-09
478510,Jonathan Vergara Berrio,1999-01-07
479939,Michael Folivi,1998-02-25
480705,Cherif Ndiaye,1996-01-23
480730,Redouan El Yaakoubi,1996-01-25
480975,Allahyar Sayyadmanesh,2001-06-29
481628,Tiago Araújo,2001-03-27
482110,Peter Bjur,2000-02-02
482179,Álex Mozo,1995-04-01
482493,Ian Harkes,1995-03-30
482802,Josh Campbell,2000-05-06
483063,Berat Özdemir,1998-05-23
483545,Tristan Nydam,1999-11-06
486051,Marco Kana,2002-08-08
486052,Emmanuel Matuta,2002-02-22
486100,Jake Walker,2000-11-03
487194,Pathy Malumandsoko,2000-05-11
489345,Ümit Türker,1998-03-07
490417,Ibrahima Niane,1999-03-11
490852,Atli Barkarson,2001-03-19
494236,Andy Pelmard,2000-03-12
494586,Mickaël Nade,1999-03-04
495033,Nathan Bishop,1999-10-15
496873,Xander Blomme,2002-06-21
497190,Betim Halimi,1996-02-28
498517,Emeka Eze,1996-09-26
499605,Reda Akbib,2001-01-29
500091,Ersin Destanoglu,2001-01-01
500102,Rustam Vazitdinov,1997-08-16
501767,Aleksandr Mukhin,2002-04-29
503485,Alexandro Cavagnera,1998-12-01
503988,Alex Mighten,2002-04-11
503990,Nathan Wood,2002-05-31
504243,Rasmus Wikström,2001-03-18
505219,James Garner,2001-03-13
505652,Slobodan Tedic,2000-04-13
505934,Murat Can Yildiz,1998-08-03
508371,Emil Konradsen Ceide,2001-09-03
511169,Carlos Martínez,1999-03-30
513245,Jesper Lindström,2000-02-29
513332,Kian Slor,2002-03-23
514240,Diogo Almeida,2000-09-08
515249,Artur Chernyi,2000-12-11
516747,Nikita Khlusov,2000-01-16
517422,Simon Baekgaard,1999-10-14
520060,Sergey Volkov,2002-09-09
520405,Braian Samudio,1995-12-23
520530,Fali Candé,1998-01-24
521845,Glib Grachov,1997-05-15
522412,Boubacar Hanne,1999-02-26
522715,João Caiado,1999-04-20
523977,Miguel Baeza,2000-03-27
524031,Oleksandr Belyaev,1999-10-04
524964,Orest Lebedenko,1998-09-23
527139,Mostafa Maarouf,2000-01-18
528181,Edoardo Corvi,2001-03-23
528337,Mert Aydeniz,1998-06-30
528888,Tyrese Francois,2000-07-16
530131,Panagiotis Katsikas,1999-03-10
530298,Christian Conteh,1999-08-27
530915,Teddy Jenks,2002-03-12
531413,Alejandro Meléndez,1999-05-13
532040,Giuseppe Di Serio,2001-07-20
532541,Luke Cundle,2002-04-26
533007,Marlon Morgenstern,2001-01-30
533632,Mads Frökjaer-Jensen,1999-07-29
533662,Cameron Archer,2001-12-09
533916,Shandon Baptiste,1998-04-08
534528,Yusuf Lawal,1998-03-23
536455,Mory Bamba,2002-06-01
536823,Óscar Castro,2001-06-20
537296,Jean Patric,1997-05-14
538968,Florian Baranik,2002-02-02
538974,Janis Antiste,2002-08-18
538994,Pierre Ekwah,2002-01-15
539441,Yevgeniy Isaenko,2000-08-07
539444,Artem Mylchenko,2000-07-22
539677,Sebastian Tounekti,2002-07-13
540270,Peter Hansen,2001-08-19
540271,Mike van Beijnen,1999-03-07
540656,Johab Pascal,2000-03-10
540693,Emeric Depussay,2001-08-27
542525,Younes Bakiz,1999-02-05
542686,Magnus Anbo,2000-09-18
542762,Anders Klynge,2000-10-14
543499,Mohammed Kudus,2000-08-02
543666,Stefano Turati,2001-09-05
544472,Emir Kaan Gültekin,2000-10-02
548937,Evan Rottier,2002-02-11
549028,Miguel Mota,2003-08-26
550131,Cody Cooke,1993-03-02
552425,Jon Moncayola,1998-05-13
552533,Cuca,1991-01-09
552534,Patrick,1993-12-13
552549,Matheus Henrique,1997-12-19
553772,Oleksandr Romanchuk,1999-12-16
556567,Dylan Lempereur,1998-10-24
559801,Niall Huggins,2000-12-18
559979,Abdel Abqar,1999-03-10
561702,Gaizka Ayesa,2001-04-02
561885,Yegor Shalfeev,1998-10-03
562257,Shaun Hobson,1998-06-29
562259,Antonio Mionic,2001-05-31
562275,Nassim el Ablak,2000-01-07
562648,Killian van Mil,1999-08-08
563464,Batuhan Diraga,2001-04-25
564305,Michel Adopo,2000-07-19
565341,Luka Nadiradze,1996-10-24
566723,Michael Olise,2001-12-12
567151,Connor Barron,2002-08-29
568216,Show,1999-03-06
568532,Kuku Fidelis,1999-03-10
569386,Logan Delaurier-Chaubet,2002-04-22
570788,Ali Adem,2000-06-01
570909,Danil Massurenko,1999-05-22
572265,Lorenzo Lucca,2000-09-10
572818,Robert Mejía,2000-10-06
574889,Simone Ianesi,2002-02-13
575374,Behlül Aydin,2000-11-28
575407,Danil Khoroshkov,2001-12-24
575408,Evgeniy Bolotov,2001-06-04
577718,Danila Smirnov,2001-06-07
578680,Hugo Siquet,2002-07-09
580657,Osame Sahraoui,2001-06-11
581405,Ivan Golovkin,2000-05-24
581890,Lukas Jensen,1999-03-18
584548,Theodosis Macheras,2000-05-09
585700,Juan Cruz,2000-04-25
586527,Stathis Belevonis,1998-02-06
587228,Kaan Uykur,1998-07-18
587903,Erkan Anapa,1998-01-27
589899,Konstantinos Provydakis,1996-05-21
590039,Vitor Eudes,1998-10-21
590690,Víctor García,1997-01-01
591020,Ibra Koneh,1994-09-09
591916,Aitor Paredes,2000-04-29
592360,Safa Kinali,1999-04-23
594227,Bjorn Meijer,2003-03-18
595008,Bura Nogueira,1995-12-22
596178,Rick Meissen,2002-02-24
597004,Joscha Wosz,2002-07-20
597223,Jean Marco Toualy,1999-02-26
597880,Dmytro Riznyk,1999-01-30
600008,Igor Karpenko,1997-09-24
601816,Djegui Koita,1999-08-05
602156,Guillem Molina,2000-05-03
602630,Nigel van Haveren,2003-08-14
604073,Konstantin Nizhegorodov,2002-06-21
605196,Berkay Sandikci,2000-08-04
605326,Pedro Vitor,1998-03-20
606614,Jacopo De Matteis,2002-12-28
608382,Adrián Rodríguez,2000-12-12
610163,Florent Shehu,2002-05-17
610400,William Böving,2003-03-01
611650,Sam Woods,1998-09-11
612475,Hady Sangare,1998-11-15
612824,Sem Valk,2002-02-16
617710,Yusuf Avcilar,1999-02-21
618806,Alfredo Pedraza,2000-12-20
620107,Furkan Özhan,2000-10-14
621153,Luigi Palomba,2003-04-17
622069,Hakan Ercelik,2000-05-07
623160,Vasilios Sifakis,2001-10-27
623327,Andriy Chyruk,2001-01-08
623375,Vladislav Tyurin,2000-04-18
627207,Ricardo Pepi,2003-01-09
627439,Amir Feratovic,2002-06-08
627464,Samy Benchamma,2000-06-25
628079,Gürkan Baskan,2002-04-01
628580,Artem Pospelov,1998-01-11
629585,Kalidou Sidibé,1999-01-28
631007,Filippo Terracciano,2003-02-08
631693,Jesús Owono,2001-03-01
634461,Borja Sainz,2001-02-21
638196,Ilias Christopoulos,2003-02-02
640544,Andrea D'Aniello,2003-05-08
642551,Batuhan Adigüzel,2001-09-03
643356,Dimitrios Loufakis,2000-04-01
646477,Daniel Haarbo,2003-03-14
646740,Gavi,2004-08-05
647583,Angelo Nehme,2004-01-23
648021,Leonardo Chão,1999-08-01
648195,Enzo Fernández,2001-01-17
649022,Moussa N'Diaye,2002-06-18
650104,Zinédine Ould Khaled,2000-01-14
652426,Yusuf Özdemir,2001-01-10
652920,Alberto Milan,2003-04-04
654236,Galego,1997-04-04
655896,Kerem Ersunar,2003-06-09
656316,Gabriel Slonina,2004-05-15
659797,Johan Mina,2002-05-15
659813,Piero Hincapié,2002-01-09
660059,Maxim Mariani,2004-11-03
660860,Diego Coppola,2003-12-28
660979,Jeppe Kjaer,2004-03-01
663189,Eniss Shabani,2003-05-29
663244,Jota Silva,1999-08-01
663519,Zsombor Senkó,2003-01-04
663578,Ramon,2001-03-13
667060,Tommaso Bertini,2004-01-13
667392,Emir Köksal,2001-10-18
667981,Vladislav Samko,2002-01-03
668177,Javi Serrano,2003-01-16
669000,Habib Keïta,2002-02-05
669306,Volodymyr Brazhko,2002-01-23
670103,Andreas Schjelderup,2004-06-01
670987,Tawanda Maswanhise,2002-11-20
671847,Karl Leth,2002-08-22
672802,Vyacheslav Velev,2000-05-21
673976,Anders Hoff,2003-09-04
675278,Eric Kahl,2001-09-27
675483,Olly Hamilton,2001-12-13
677311,Anthony Mancini,2001-04-06
677382,Jahnoah Markelo,2003-01-04
677937,Luke Strachan,2001-03-22
679597,Casper Terho,2003-06-24
683333,Stefan Deuling,2000-07-31
683952,Amadou Keita,2001-10-28
690478,Matthew Sorinola,2001-02-19
691825,Edoardo Pieragnolo,2003-01-03
694507,Rayan Philippe,2000-10-23
696656,Rodrigo Andrade,2001-11-24
696849,Etienne Green,2000-07-19
701226,Yousef Salech,2002-01-17
702332,Euse Monzó,2000-12-04
702424,Emir Senocak,2002-01-01
704079,Matevz Dajcar,2002-02-05
704423,Mattia Florio,2003-09-05
706625,Loïc Ritière,2001-07-25
707804,Célestin De Schrevel,2002-05-08
708388,Adrián Corral,2003-01-05
709482,Thierno Baldé,2002-06-10
710999,Silvinho Esajas,2002-07-08
712099,Dexter Lembikisa,2003-11-04
713632,Ángel Jiménez,2002-06-22
715622,Gael Alonso,2002-07-22
717600,Aleksandr Balakhonov,2002-06-26
719652,Oleksandr Martynyuk,2001-11-25
719683,Dylan Reid,2005-03-01
720791,Olivier Aertssen,2004-08-07
721953,Isaac Karamoko,2002-05-26
723416,Ahmad Ngouyamsa,2000-12-21
725356,Valentyn Gorokh,2001-02-14
725963,Ewan Hatfout,2000-04-01
726035,Kiril Popov,2003-05-01
726430,Konstantinos Isaakidis,2003-04-18
726701,Rodrigo Ribeiro,2005-04-28
728500,Jack Gurr,1995-11-26
728516,Lovro Stubljar,2004-08-09
730861,Milos Kerkez,2003-11-07
735570,João Gomes,2001-02-12
735978,Mert Mirac Altintas,2001-11-13
742484,Duarte Carvalho,2002-05-30
743494,Amay Caprice,2004-08-21
743562,Fin Malcolm,2004-02-04
744941,Sekou Lega,2003-01-21
745233,Taha Altikardes,2003-08-22
747454,Alvi Adilkhanov,2003-03-09
748070,Alou Kuol,2001-07-05
751977,Kiril Fesyun,2002-08-07
751995,Andriy Globa,1999-01-24
761139,Craig Donald,2004-02-05
765401,Nazariy Vorobchak,2000-03-22
790273,Nikita Shtyrlov,2003-08-19
792844,Rustam Ahmadzada,2000-12-25
799900,Christian Wagner,2003-02-13
800611,Jonathan Pitou,2004-08-11
805054,William Clem,2004-06-20
809617,Léo Antônio,1997-06-09
810092,Warren Zaïre-Emery,2006-03-08
811841,Izzet Celik,2004-06-20
812630,Asbjörn Gaarde,2003-01-20
814663,Zisis Saliaris,2003-04-25
816471,Denis Mikhailov,2003-07-23
818104,Noa Wyns,2003-02-20
819590,José Salinas,2000-09-30
823584,Manuel Osifo,2003-07-31
829873,Mattéo Corduan,2002-06-19
835794,Pedro Benito,2000-03-27
840835,Ilya Taran,2000-03-05
844588,Batuhan Ucan,2002-04-04
845835,Emir Kavasoglu,2004-04-12
854973,Charles Costes,2002-09-16
856136,Carlos Giménez,2003-02-18
858486,Finn Murre,2003-07-24
859536,Oucasse Mendy,2001-06-01
860048,Mehdi Boukamir,2004-01-26
861192,Dimitrios Keramitsis,2004-07-01
863203,Vladyslav Chushenko,2000-10-27
869934,Bora Adam,2001-06-25
880039,Vladyslav Rybak,2001-07-05
884072,Jeffinho,1999-12-30
889264,Efe Arda Koyuncu,2005-07-08
901224,Matteo Chiacig,2003-08-22
923693,Murray Thomas,2004-01-27
925829,Sebastian Stahlfest,2004-06-17
926235,Samuel Koeberlé,2004-11-26
928323,Ibrahim Salah,2001-08-30
929634,Franco Vega,2001-09-09
935358,Alexander Simmelhack,2005-11-11
936176,Michael Ologo,2003-04-05
936939,Mykola Yarosh,2004-09-20
937918,Ruslan Nepeypiev,2003-06-03
938299,Demyan Chubatyi,2004-03-16
965929,Vladyslav Ostrovskyi,2004-09-13
969596,Gabriel Gomes,1999-08-23
970279,Jacques Ekomié,2003-08-19
972479,Bachir Diop,2002-08-21
1011200,Junior Mwanga,2003-05-11
1015995,Jason Dalle Molle,2005-04-27
325,Tomas Ujfalusi,1978-03-24
488,Gerhard Tremmel,1978-11-16
823,Hanno Balitsch,1981-01-02
2767,Alexander Madlung,1982-07-11
2956,Roland Linz,1981-08-09
2998,Robert Huth,1984-08-18
3291,Gareth Barry,1981-02-23
3404,Phil Neville,1977-01-21
3461,Jermaine Jenas,1983-02-18
3473,Thomas Sörensen,1976-06-12
3562,Steve Harper,1975-03-14
3620,Leon Osman,1981-05-17
3947,Henrik Pedersen,1975-06-10
4316,Petri Pasanen,1980-09-24
4349,Theo Lucius,1976-12-19
4380,Robin van Persie,1983-08-06
5315,Abdoulaye Méïté,1980-10-06
5338,Rémy Vercoutre,1980-06-26
5521,Grégory Pujol,1980-01-25
5928,Sergio Pellissier,1979-04-12
5974,Matuzalém,1980-06-10
6087,Christian Obodo,1984-05-11
7079,Volkan Demirel,1981-10-27
7110,Ilker Avcibay,1978-10-01
7394,Gökhan Ünal,1982-07-23
7480,Joseba Llorente,1979-11-24
7512,Borja Fernández,1981-01-14
8709,Sedat Bayrak,1981-04-10
9707,Konstantinos Mendrinos,1985-05-28
9743,Spyros Vallas,1981-08-26
9800,Artem Milevskyi,1985-01-12
9813,Bosingwa,1982-08-24
9832,Paulo Ferreira,1979-01-18
10029,Isaac Osbourne,1986-06-22
10424,John Rankin,1983-06-27
10885,Karim Guédé,1985-01-07
11378,Alan Gow,1982-10-09
11757,Adam Kwarasey,1987-12-12
12033,Johan Liébus,1978-11-05
12275,Jean-Pascal Mignot,1981-02-26
12743,Gary McDonald,1982-04-10
12758,Jamie Hamill,1986-07-29
12769,Chris Clark,1980-09-15
13114,Laurent Delorge,1979-07-21
13121,Bruno Alves,1981-11-27
13507,Leighton Baines,1984-12-11
13583,Clint Hill,1978-10-19
13686,Thomas Bröker,1985-01-22
14007,Shaun Derry,1977-12-06
14069,Mamady Sidibé,1979-12-18
14259,Antolín Alcaraz,1982-07-30
14342,José Nunes,1977-03-07
14511,Carlos Martins,1982-04-29
14535,Iago Bouzón,1983-06-16
14768,Kirk Broadfoot,1984-08-08
14821,David van Zanten,1982-05-08
14927,Oleksiy Belik,1981-02-15
15163,Andy Barrowman,1984-11-27
15368,Vyacheslav Malafeev,1979-03-04
15645,Maksim Astafjev,1982-12-08
15673,Vitali Grishin,1980-09-09
15761,Marc Bertrán,1982-05-22
15799,Santi Cazorla,1984-12-13
15844,Anthony Vanden Borre,1987-10-24
16136,Dante,1983-10-18
16682,Osmar Ferreyra,1983-01-09
16816,Tolga Zengin,1983-10-10
16922,Kevin-Prince Boateng,1987-03-06
17491,Roberto Lago,1985-08-30
17592,Pawel Kieszek,1984-04-16
17735,Djamel Mesbah,1984-10-09
17872,Pablo Mouche,1987-10-11
19057,Hedwiges Maduro,1985-02-13
19061,Frank van der Struijk,1985-03-28
19139,Jonathan Pitroipa,1986-04-12
19407,Niels Fleuren,1986-11-01
19702,Vladimir Disljenkovic,1981-07-02
19736,Dominik Stroh-Engel,1985-11-27
19892,Maxime Annys,1986-07-24
19998,Gonzalo Rodríguez,1984-04-10
20841,Anders Egholm,1983-05-15
20852,Jesper Jörgensen,1984-05-09
20903,Rafik Djebbour,1984-03-08
21191,Alkis Dimitris,1980-07-23
21245,Filip Holosko,1984-01-17
21297,Levy Madinda,1992-06-11
21447,Zito,1985-09-19
21482,Tom Daemen,1985-06-17
21496,Brett Holman,1984-03-27
21756,Giulio Migliaccio,1981-06-23
21876,Federico Balzaretti,1981-12-06
22568,Juanlu,1980-05-18
22635,Reynald Lemaître,1983-06-28
23141,Henrik Toft,1981-04-15
23163,Elvis Abbruscato,1981-04-14
23367,Alessio Sestu,1983-09-29
23674,Erkan Zengin,1985-08-05
23890,Sekou Baradji,1984-04-24
23976,Richard Soumah,1986-10-06
24011,Boban Grncarov,1982-08-12
24043,Sergiy Nazarenko,1980-02-16
24081,Tom Högli,1984-02-20
24118,Ruslan Adzhindzhal,1974-06-22
24237,Martin Jakubko,1980-01-26
24282,Sören Larsen,1981-09-06
671542,Daniel Samek,2004-02-19
690736,Mehmet Fatih Dündar,2000-01-01
706815,Harvey Davies,2003-09-03
707802,Nachon Nsingi,2001-04-24
728924,Lucas Hey,2003-04-13
733431,Abraham Okyere,2002-07-06
746734,Kyron Gordon,2002-05-24
791141,Danylo Bugaenko,2002-10-04
794618,Yegor Kutsenko,2000-08-04
894579,Morré Makadji,2004-03-02
1144,Christofer Heimeroth,1981-08-01
1662,Sascha Riether,1983-03-23
3170,Simon Cziommer,1980-11-06
5636,Matthieu Delpierre,1981-04-26
6873,Sinan Kaloglu,1981-06-10
7041,Servet Cetin,1981-03-17
7072,Mustafa Keceli,1978-09-15
12249,Éver Banega,1988-06-29
13028,Eric Matoukou,1983-07-08
15717,Melli,1984-06-06
15730,Evgeniy Aldonin,1980-01-22
16634,Álvaro Mejía,1982-01-18
19948,Willy Caballero,1981-09-28
22686,Cephas Malele,1994-01-08
22896,Kasper Lorentzen,1985-11-19
23197,Alessandro Diamanti,1983-05-02
23579,Thomas Sörensen,1984-08-01
25001,Denis Kolodin,1982-01-11
26683,Mihaita Plesan,1983-02-19
26801,Hernán Pellerano,1984-06-04
29391,Michael McGovern,1984-07-12
29745,Piotr Polczak,1986-09-25
32711,Patrick Herrmann,1991-02-12
33713,Theo Walcott,1989-03-16
33809,Serkan Atak,1984-01-03
34296,Athanasios Papageorgiou,1987-05-09
36284,Simon Terodde,1988-03-02
42748,Jelle Vossen,1989-03-22
44982,Ersan Gülüm,1987-05-17
45166,Joël Sami,1984-11-13
45881,Alexander Gerndt,1986-07-14
48294,Bolaño,1985-10-15
49676,Nikita Burmistrov,1989-07-06
51547,Mané,1981-12-21
55346,Chico,1987-02-02
56331,Bas Dost,1989-05-31
57482,Mohamed Youssouf,1988-03-26
58919,Zülküf Özer,1988-05-10
59150,Ahmed Januzi,1988-07-08
60128,Luca Rossettini,1985-05-09
60134,Viktor Vasin,1988-10-06
61651,Jordan Henderson,1990-06-17
63130,Aleksandr Cherevko,1987-11-26
63270,Ricky van Haaren,1991-06-21
69132,Daniel Christensen,1988-09-19
71096,Róger Espinoza,1986-10-25
72164,Aleksey Pomerko,1990-05-03
72504,Dylan McGowan,1991-08-06
72798,Joel Tshibamba,1988-09-22
77100,Lucas Moura,1992-08-13
78576,Anders Östli,1983-01-08
82243,Moritz Leitner,1992-12-08
84085,Timothée Kolodziejczak,1991-10-01
85277,Mathias Schamp,1988-06-18
85953,Yohan Tavares,1988-03-02
86310,Lasse Fosgaard,1986-09-06
86926,Alexander Merkel,1992-02-22
87817,Christos Chrysofakis,1990-01-18
89731,Iñigo Eguaras,1992-03-07
91225,Kim Ojo,1988-12-02
93758,Lamine Sané,1987-03-22
101031,Rafael Romo,1990-02-25
102740,Mário Fernandes,1990-09-19
104414,Raphael Holzhauser,1993-02-16
106632,Sanzhar Tursunov,1986-12-29
111042,Jean-Christophe Coubronne,1989-07-30
116094,Philip Fontein,1993-10-05
116792,Stefan Lex,1989-11-27
117476,Levent Aycicek,1994-02-14
119120,Robert Leipertz,1993-02-01
119211,Mitchell Weiser,1994-04-21
119557,Kenan Karaman,1994-03-05
123536,Simon Moore,1990-05-19
124548,Bebeto,1990-01-01
126540,Samuel Umtiti,1993-11-14
128897,Saido Berahino,1993-08-04
130503,Riccardo Regno,1992-08-12
130763,Marios Antoniadis,1990-05-14
131918,Ziri Hammar,1992-07-25
138285,Mika,1991-03-08
145808,Sebastián Píriz,1990-03-04
147045,Levent Gülen,1994-02-24
148455,Mohamed Salah,1992-06-15
152629,Niklas Bolten,1994-03-29
153634,Marcel Hilßner,1995-01-30
153661,Tobias Mohr,1995-08-24
153667,Bartlomiej Pawlowski,1992-11-13
154147,Hauke Wahl,1994-04-15
156556,Ventsislav Hristov,1988-11-09
156990,Marco Friedl,1998-03-16
159382,Louis Bostyn,1993-10-04
160561,Fabio Lucioni,1987-09-25
164897,Jean-Christophe Bahebeck,1993-05-01
165531,Jacopo Dezi,1992-02-10
169551,Christos Kartsabas,1990-01-06
182201,Ally Samatta,1992-12-23
183152,Karim Rossi,1994-05-01
187860,André Sousa,1990-07-09
187916,Konstantinos Protogerakis,1992-06-19
189441,Lucas Ocampos,1994-07-11
191850,Kosmas Gezos,1992-08-15
192526,Kevin Tapoko,1994-04-13
192992,Joren Dehond,1995-08-08
193859,Patrick Erras,1995-01-21
193994,Yves Baraye,1992-06-22
195335,Michele Castagnetti,1989-12-27
197734,Alhassane Keita,1992-04-16
199384,Thijs van Hofwegen,1992-04-13
200799,Ben Yagan,1995-05-09
201671,Igor Perduta,1990-11-15
203178,Konstantinos Vlachos,1995-02-06
205551,Selim Ilgaz,1995-06-22
206268,Corby Moore,1993-11-21
207525,Dmitri Mikhaylenko,1995-01-06
213247,Bayram Akdere,1992-10-25
213751,Sebastian Schonlau,1994-08-05
214770,Borja López,1994-02-02
215122,Ivo Rodrigues,1995-03-30
216259,Lucas Souza,1990-07-04
222805,Srdjan Babic,1996-04-22
223572,Kai Pröger,1992-05-15
225961,Marko Dugandzic,1994-04-07
227676,Amilton,1989-08-12
230746,Erdal Rakip,1996-02-13
230784,Thomas Partey,1993-06-13
237291,Abdulkadir Korkut,1993-11-07
241375,Roland Baas,1996-03-02
242615,Thomas Gialamidis,1996-02-03
248695,Andrea Tiritiello,1995-03-28
253664,Pascal Gregor,1994-02-18
256186,Christian Jakobsen,1993-03-27
258246,Harun Alpsoy,1997-03-03
262999,Cristian Arango,1995-03-09
263555,Jeff Hardeveld,1995-02-27
265590,Danilo Ortíz,1992-07-28
268113,Sean Klaiber,1994-07-31
271228,Ivan Tsyupa,1993-06-25
273422,Marijn de Kler,1994-04-18
280410,Harramiz,1990-08-03
285847,Stefan O'Connor,1997-01-23
286259,Davide Riccardi,1996-04-09
287920,Tim Skarke,1996-09-07
296689,Lukas Gerlspeck,1998-09-27
296903,Artur,1994-08-05
297029,Aleksey Chubukin,1995-02-21
297032,Nikita Nikolaev,1996-02-24
300716,Kieran Tierney,1997-06-05
314341,Chris Willock,1998-01-31
316442,Jeffrey Pauwels,1996-03-23
318523,Romain Perraud,1997-09-22
318910,Vadym Prokopenko,1996-01-07
321327,Alessandro Damen,1990-05-17
323010,Mikael Soisalo,1998-04-24
323602,Lucas Schoofs,1997-01-03
328733,Artur Danielyan,1998-02-09
335027,Koen Bucker,1996-06-18
337448,Joeri Poelmans,1995-09-08
337516,Fatih Kurucuk,1998-01-21
337928,Mads Tranberg,1996-05-03
340480,Mamadou Doucouré,1998-05-21
345581,Lukas Talbro,1999-05-24
346482,Dan N'Lundulu,1999-02-05
354609,Khiry Shelton,1993-06-26
371343,Mehmet Secme,1996-10-24
375378,Afonso Sousa,2000-05-03
377576,Hugo Gomes,1995-01-04
380349,Artem Meshchaninov,1996-02-19
380761,Artem Makarchuk,1995-11-09
381963,Mike Trésor,1999-05-28
383807,Kikas,1998-09-17
390179,Bastien Toma,1999-06-24
391555,Melih Ibrahimoglu,2000-07-17
392160,Abdulkerim Cakar,2001-04-14
392744,Mitchell van Rooijen,1998-12-22
395519,Metehan Güçlü,1999-04-02
396145,Pepe Mena,1998-05-15
396525,Myroslav Mazur,1998-08-11
406560,Rhian Brewster,2000-04-01
410425,Yves Bissouma,1996-08-30
411502,Danny Henriques,1997-07-29
431809,Azzedine Zaidi,1996-10-13
433177,Bukayo Saka,2001-09-05
436379,Dmytro Shcherbak,1996-12-08
440491,Daniel Camara Bos,1999-05-24
451154,Federico Brancolini,2001-07-14
453770,Justin Heekeren,2000-11-27
457673,Gabriel Strefezza,1997-04-18
461858,José Alonso Lara,2000-03-07
469737,Lucho García,1998-03-20
471797,Joey Houweling,2000-04-07
474589,Carlos Cuesta,1999-03-09
507235,Jack Young,2000-10-21
510432,Rodel Richards,2000-09-05
511909,Artem Chelyadin,1999-12-29
513539,Emil Bijlsma,1998-09-06
518472,Willyan Rocha,1995-01-27
522327,Roman Gagun,1993-07-16
526577,Artem Khotsyanovskyi,1998-10-20
530733,Fernando Joao,1994-05-26
532732,Igor Diveev,1999-09-27
538939,Kjelt Engbers,1999-09-14
540063,Georgios Kanellakis,2001-02-22
542776,Jonathan Amon,1999-04-30
553875,Pedro Porro,1999-09-13
557612,Sékou Mara,2002-07-30
567495,Kyriakos Aslanidis,2002-03-11
576021,Stanislav Sharay,1997-05-25
583355,Vladyslav Lyubko,1996-07-03
584213,Anatoliy Nemchenko,2000-08-22
586538,Alexandros Kyziridis,2000-09-16
586659,Yvandro Borges Sanches,2004-05-24
586736,Joel López,2002-03-31
596204,Rafa Santos,1997-02-14
598281,Adrian Oeynhausen,2002-01-18
618495,James Norris,2003-04-04
621397,Nikita Ermakov,2003-01-19
653877,Selimcan Temel,2000-05-27
664973,Dikeni Salifou,2003-06-08
674054,Leo Walta,2003-06-24
685642,Lauge Sandgrav,2004-09-16
711338,Jhonata Robert,1999-10-26
729432,Vadym Yushchyshyn,1999-11-23
739357,Lucas Henrique,2000-06-14
746777,Zak Brunt,2001-11-17
751988,Denys Galata,2000-09-04
802520,Magnus Munck,2005-01-05
875631,Sanders Ngabo,2004-07-04
880610,Stan Braem,1998-11-25
965816,Stanislav Prus,2004-07-03
6861,Karel D'Haene,1980-09-05
7054,Ali Tandogan,1977-12-25
8387,Dragan Paljic,1983-04-08
15362,Vasiliy Berezutski,1982-06-20
15409,Ahmed Samir Farag,1986-05-20
17422,Fousseni Diawara,1980-08-28
17734,Polat Keser,1985-12-04
22838,Danilo Arrieta,1987-02-10
23201,Anders Due,1982-03-17
24305,Giuseppe De Feudis,1983-07-10
24379,Samuel Holmén,1984-06-28
24498,Michel Breuer,1980-05-25
24986,Petr Bystrov,1979-07-15
25468,Sebastian Freis,1985-04-23
25845,Oleksiy Antonov,1986-05-08
26153,Alberto Zapater,1985-06-13
26267,Fernandinho,1985-05-04
26443,Jonás Gutiérrez,1983-07-05
26502,Daniel Oprita,1981-08-10
26591,Kirill Kombarov,1987-01-22
26771,Jan Holenda,1985-08-22
27346,Marcelo Boeck,1984-11-28
27389,Kévin Gameiro,1987-05-09
27659,Martin Cranie,1986-09-26
27862,Kristijan Ipsa,1986-04-04
28891,Cícero,1986-05-08
28973,Steven Davis,1985-01-01
28990,Charlie Adam,1985-12-10
29035,Ederson,1986-01-13
29322,Sigourney Bandjar,1984-08-18
29390,Elmar Bjarnason,1987-03-04
29692,Lukasz Fabianski,1985-04-18
29855,Ibou,1986-09-07
29863,Mitchell Schet,1988-01-28
30263,Stefano Padovan,1994-04-16
30332,Daniele Capelli,1986-06-20
30386,Mattias Bjärsmyr,1986-01-03
30431,Nizamettin Caliskan,1987-03-20
30699,Arthur Sorin,1985-11-01
30747,Emiliano Armenteros,1986-01-18
31068,Vladimir Granat,1987-05-22
31642,Geoff Cameron,1985-07-11
32113,Armando Izzo,1992-03-02
32568,Pedro Geromel,1985-09-21
32844,Baris Özbek,1986-09-14
33343,Danijel Milicevic,1986-01-05
33362,Karim Soltani,1984-08-29
33535,Valdet Rama,1987-11-20
33647,Chidi,1984-02-20
33729,Stefano Celozzi,1988-11-02
33793,Gökhan Gönül,1985-01-04
33848,Baptiste Martin,1985-05-14
34158,Hassan El Mouataz,1981-09-21
34200,Christos Pipinis,1984-11-01
34691,Stephen Ward,1985-08-20
34937,Fabien Farnolle,1985-02-05
35247,Vieirinha,1986-01-24
35512,Javier Paredes,1982-07-05
35531,Liam Craig,1986-12-27
36109,Damir Kahriman,1984-11-19
36756,Miguel Pallardó,1986-09-05
36785,Martin Bernburg,1985-12-26
36838,Predrag Mijic,1984-11-05
36903,Anton Amelchenko,1985-03-27
37295,Perparim Hetemaj,1986-12-12
37301,Veli Lampi,1984-07-18
37303,Zeljko Ljubenovic,1981-07-09
37388,Abel Aguilar,1985-01-06
37430,Darren O'Dea,1987-02-04
37538,Martijn Barto,1984-08-23
37892,Ion Ansotegi,1982-07-13
37896,DJ Campbell,1981-11-12
37917,Nabil El Zhar,1986-08-27
37934,Hugo Rodallega,1985-07-25
37949,Mehmet Sedef,1987-08-05
38145,Adrian Mariappa,1986-10-03
38410,Daniel Caligiuri,1988-01-15
38780,Vítor Gomes,1987-12-25
39003,David Fuster,1982-02-03
39190,Emmanuel Koné,1986-12-31
39253,Anton Shynder,1987-06-13
39378,Jozy Altidore,1989-11-06
39792,Marin Ljubicic,1988-06-15
39907,Pape Diop,1986-03-19
39924,Anthony Robic,1986-03-05
40478,Roman Neustädter,1988-02-18
40632,Stipe Bacelic-Grgic,1988-02-16
41128,Koen Persoons,1983-07-12
41726,Michael Coulson,1988-04-04
41818,Steve De Ridder,1987-02-25
42413,Darron Gibson,1987-10-25
42463,Timo Gebhart,
42703,Brecht Capon,1988-04-22
42812,Konstantin Vassiljev,1984-08-16
43411,Roberto Colombo,1975-08-24
43742,Péter Czvitkovics,1983-02-10
43760,Kévin Constant,1987-05-10
43847,Ronny,1986-05-11
43848,Miguel Veloso,1986-05-11
43853,Chris Gunter,1989-07-21
43975,Mody Traoré,1980-07-14
44045,Kévin Monnet-Paquet,1988-08-19
44325,Dmitriy Molosh,1981-12-10
44411,Fininho,1983-11-03
44662,Schumacher,1986-08-31
44742,Nikolay Dimitrov,1987-10-15
44989,Orhan Tasdelen,1987-02-06
45004,Özer Hurmaci,1986-11-20
45259,Alharbi El Jadeyaoui,1986-08-08
45555,Murray Davidson,1988-03-07
45559,Miroslav Stoch,1989-10-19
45587,Rafael Santos,1984-11-10
46073,Dimitrios Sialmas,1986-06-19
46105,Ivan Radovanovic,1988-08-29
46478,Ragnar Sigurdsson,1986-06-19
47011,Óscar Scarione,1985-07-14
47184,Gabriel Torje,1989-11-22
47609,Goran Blazevic,1986-06-07
47713,Mamadou Sakho,1990-02-13
47995,Jason Puncheon,1986-06-18
48307,Stephen Gleeson,1988-08-03
48510,Pavel Golyshev,1987-07-07
48536,Yuval Shpungin,1987-04-03
48537,Yuriy Lebedev,1987-01-21
49101,Gary Taylor-Fletcher,1981-06-04
49143,Ken Fagerberg,1989-01-09
49488,Mohammed Fellah,1989-05-24
49640,Kevin van Diermen,1989-07-03
49655,Rickie Lambert,1982-02-16
49723,Timothy Chandler,1990-03-29
50104,Dean Bouzanis,1990-10-02
50142,Vincent Bessat,1985-11-08
50199,Stephan Hain,1988-09-27
50577,Pierre Bengtsson,1988-04-12
50651,Eyjólfur Hédinsson,1985-01-01
50806,Adnan Aganovic,1987-10-03
51655,Umut Sözen,1990-01-27
52199,Benny Rogiest,1995-08-18
52270,Batuhan Karadeniz,1991-04-24
52348,Benjamin Hübner,1989-07-04
52396,Andreas Lampropoulos,1988-07-30
52514,Pedro Ken,1987-03-20
53424,Björn Kluft,1990-01-11
53847,Hernán Barcos,1984-04-11
54149,Jonathan,1986-02-27
54155,Mariano,1986-06-23
54306,Ânderson Luís,1988-07-31
54565,Dusan Savic,1985-10-01
54890,Leonardo Ulloa,1986-07-26
55089,Oliver Baumann,1990-06-02
55135,Cristian Álvarez,1985-11-13
55237,Oswaldo Vizcarrondo,1984-05-31
55421,Anton Sosnin,1990-01-27
55692,Leonid Boev,1986-01-19
55734,Gevorg Ghazaryan,1988-04-05
55878,Sergio Leal,1982-09-25
56005,Marafona,1987-05-08
56067,Pablo Piatti,1989-03-31
56375,Mohamed El Makrini,1987-07-06
56386,Volkan Sen,1987-07-07
56603,Alessandro Carrozza,1982-02-01
56772,Gilles Binya,1984-08-29
56786,Onanga Itoua,1988-09-07
56815,Alexandre Raineau,1986-06-21
56853,Federico Casarini,1989-09-07
57343,Kévin Anin,1986-07-05
57388,Lefteris Gialousis,1985-07-18
57420,Lamine Koné,1989-02-01
57971,Andriy Berezovchuk,1981-04-16
58072,Yaroslav Martynyuk,1989-02-20
58163,Boris Vukcevic,1990-03-16
58281,Simão,1988-06-23
58361,Wilson Palacios,1984-07-29
58415,Sergey Maslov,1990-09-03
58429,Vladimir Poluyakhtov,1989-07-11
58445,Platon Svyrydov,1986-11-20
58474,Nikola Vujadinovic,1986-07-31
58550,Danijel Gasic,1987-01-19
58661,Koray Öztürk,1987-05-08
58813,Mickaël Antoine-Curier,1983-05-03
58884,Nacho Fernández,1990-01-18
58949,Yevgen Konoplyanka,1989-09-29
58950,Volodymyr Korobka,1989-07-22
58970,Yevgen Shakhov,1990-11-30
59136,Maksym Zhychykov,1992-11-07
59352,Aleksandr Martynovich,1987-08-26
59434,Artem Putivtsev,1988-08-29
59543,Andy Halliday,1991-10-11
59633,Kevin Debaty,1989-06-12
59908,Yevgen Seleznyov,1985-07-20
60164,Anastasios Avlonitis,1990-01-01
60561,Anthony Lopes,1990-10-01
60588,Abdoul Camara,1990-02-20
60792,Paul Hanlon,1990-01-20
60949,Mark Millar,1988-02-23
60964,Ross Smith,1992-02-21
60982,Thiago Carleto,1989-03-24
61446,Guus Joppen,1989-11-14
61612,Navarone Foor,1992-02-04
61751,Antonio Mazzotta,1989-08-02
61757,Nicola Rigoni,1990-11-12
61891,Fábio,1990-07-09
62134,Philip Hellqvist,1991-05-12
62247,Emmanuel Ledesma,1988-05-24
62610,Dmytro Khlyobas,1994-05-09
63022,Jan Moravek,1989-11-01
63056,Roberto Torres,1989-03-07
64134,Néstor Araújo,1991-08-29
64341,Anton Kravchenko,1991-03-23
64711,Pablo Fontanello,1984-09-26
65239,Jorge Morcillo,1986-03-11
65986,Juan Díaz,1987-10-28
66099,Carles Planas,1991-03-04
66280,Cristobal Jorquera,1988-08-04
66521,Keisuke Honda,1986-06-13
66926,Moussa Gueye,1989-02-20
66942,Michael Nelson,1980-03-23
67069,Vangelis Kontogoulidis,1981-07-13
67074,Georgios Dasios,1983-05-12
67955,Marcelinho,1987-06-22
68283,Vujadin Savic,1990-07-01
68746,Cristian Chávez,1986-06-16
68915,Oleg Krasnopyorov,1980-07-25
69435,Paul Paton,1987-04-18
69445,Ivan Sesar,1989-08-29
69511,Patrick Mortensen,1989-07-13
69642,Nicolai Boilesen,1992-02-16
70176,Muris Mesanovic,1990-07-06
70231,Denis Voynov,1990-03-01
71440,Kyle Jacobs,1991-06-14
71905,Coke,1987-04-26
72395,Morten Koch Nielsen,1992-06-25
72422,Mamadou Samassa,1990-02-16
72505,Thomas Meißner,1991-03-26
72578,Mauro Goicoechea,1988-03-27
73704,Germán Mera,1990-03-05
73951,Kehinde Fatai,1990-02-19
74075,Yannis Tafer,1991-02-11
74550,Jefferson,1988-07-05
74725,Kornel Salata,1985-01-24
74762,Daniel Royer,1990-05-22
74857,Marc-André ter Stegen,1992-04-30
75141,Hegon,1988-05-06
75339,Stevan Kovacevic,1988-01-09
75890,Kristoffer Nordfeldt,1989-06-23
76467,Kiko Femenía,1991-02-02
76701,Diego Ifrán,1987-06-08
76896,Rodrigo Sanguinetti,1988-08-01
77287,William Edjenguélé,1987-05-07
77394,Michihiro Yasuda,1987-12-20
77519,Panagiotis Stamogiannos,1992-01-30
77715,Curtis Main,1992-06-20
77745,Lalaïna Nomenjanahary,1986-01-06
78496,Tomas Kosicky,1986-03-11
78733,Kyrylo Sydorenko,1985-07-25
79045,Jeroen Zoet,1991-01-06
79127,Mitchell Te Vrede,1991-08-07
79193,Ali Messaoud,1991-04-13
79423,Ibrahima Niasse,1988-04-18
79517,Shuichi Gonda,1989-03-03
80009,Odaïr Fortes,1987-03-31
80073,Glynor Plet,1987-01-30
81349,Antonio Jakolis,1992-02-28
81876,Joseph Mills,1989-10-30
82410,Bryan Linssen,1990-10-08
83230,Bahattin Köse,1990-08-26
83757,William Alves,1987-04-29
83943,Engin Bekdemir,1992-02-07
83945,Stefano Marzo,1991-03-22
84916,Richard Stolte,1990-01-08
84980,Aleksandrs Fertovs,1987-06-16
85238,Mert Kaytankas,1980-03-09
85291,Soner Aydogdu,1991-01-05
85298,Alexander Mühling,1992-09-05
85660,Brian Behrendt,1991-10-24
85861,Diogo Santos,1984-11-13
85961,Erik Zenga,1993-01-18
85973,Andriy Grynchenko,1986-01-23
86640,Vedran Celjak,1991-08-13
87415,Dimitrios Anakoglou,1991-09-06
88067,Alejandro Faurlín,1986-08-09
88688,Federico Furlan,1990-11-25
89231,Jóhann Berg Gudmundsson,1990-10-27
90596,Heidi Oudina,1986-09-10
90660,Héldon,1988-11-14
91527,Roman Karasyuk,1991-03-27
91537,Vitaliy Pryndeta,1993-02-02
91991,Sergiy Lyulka,1990-02-22
92385,Yoann Andreu,1989-05-03
92567,Andriy Bogdanov,1990-01-21
92569,Ousmane Coulibaly,1989-07-09
92816,Anthony Straker,1988-09-23
93176,Marcos Rojo,1990-03-20
93309,Sambou Yatabaré,1989-03-02
93604,Lukas Kübler,1992-08-30
93704,Josuha Guilavogui,1990-09-19
94295,Jonas Thorsen,1990-04-19
94296,Oguz Han Aynaoglu,1992-03-22
94305,Uros Cosic,1992-10-24
95289,Igor Mirceta,1986-12-12
95336,Hervé Lybohy,1983-07-24
95950,Graeme Shinnie,1991-08-04
96533,Youssef El Arabi,1987-02-03
96881,Dimitrios Amarantidis,1986-07-27
97335,Igor Plastun,1990-08-20
98113,Mustafa Akbas,1990-05-30
98544,Aleksandr Filtsov,1990-01-02
98968,Valeriy Chuperka,1992-06-12
99922,Marc Bartra,1991-01-15
101133,Kassim Doumbia,1990-10-06
102745,Luca Ceppitelli,1989-08-11
102990,Fabrizio Grillo,1987-02-02
103054,Louis Poggi,1984-06-18
103563,Tongo Doumbia,1989-08-06
103607,Marcus Haber,1989-01-11
103667,Nicolai Lorenzoni,1992-05-01
103916,Rafael Cabral,1990-05-20
104546,René Sterckx,1991-01-18
104686,Chris Maxwell,1990-07-30
105842,Mariano Bíttolo,1990-04-24
106539,Aleksandr Vasiljev,1992-01-23
106654,Michael Doyle,1991-08-01
107377,Franko Andrijasevic,1991-06-22
107667,Stian Ringstad,1991-08-29
108866,Dmytro Pospelov,1991-10-19
109598,Thomas Heurtaux,1988-07-03
109617,Julien Outrebon,1983-06-16
110375,Yuriy Kirillov,1990-01-19
110755,Karim Tarfi,1993-07-05
110852,Waldemar Sobota,1987-05-19
110941,Johannes Hopf,1987-06-16
111195,Joël Veltman,1992-01-15
111275,Philipp Max,1993-09-30
111828,Fransérgio,1990-10-18
112624,João Vitor,1988-06-01
113036,Romaine Sawyers,1991-11-02
114143,Bekir Yilmaz,1988-03-06
117149,Marko Maletic,1993-10-25
119033,David Stephens,1991-10-18
119183,José Valencia,1991-12-18
119537,Lorenzo Reyes,1991-06-13
119905,Hugo Mallo,1991-06-22
120144,Yevgen Budnik,1990-09-04
120192,Stefan Savic,1994-01-09
120785,Knowledge Musona,1990-06-21
121327,Matthew Fletcher,1992-06-01
122592,Maksim Zhestokov,1991-06-19
123639,May Mahlangu,1989-05-01
123957,Kevin Osei,1991-03-26
124198,Yvan Yagan,1989-10-11
124507,Fabian Menig,1994-02-26
124884,Marco Bizot,1991-03-10
125029,Lazaros Charitonidis,1989-12-18
125172,Lukas Raeder,1993-12-30
126687,Valentin Eysseric,1992-03-25
126700,Florian Pinteaux,1992-02-04
126704,Slimane Sissoko,1991-03-20
127031,Pierre Sagna,1990-08-21
127108,Florian Lejeune,1991-05-20
127197,Wesley Yamnaine,1993-07-07
127224,Luca Crescenzi,1992-04-02
127988,Borja Navarro,1988-05-13
128295,Tito,1985-07-11
128304,Frédéric Gounongbe,1988-05-01
129085,Jores Okore,1992-08-11
129363,Siyanda Xulu,1991-12-30
129584,Yannick Haesevoets,1994-06-21
129592,Julien De Sart,1994-12-23
129835,Omri Ben Harush,1990-03-07
129983,Alexandros Perogamvrakis,1988-01-20
130230,Jake Taylor,1991-12-01
130388,Antonio Santurro,1992-02-29
130622,Tiago Mesquita,1990-11-23
131324,Filip Mrzljak,1993-04-16
131553,Vyacheslav Churko,1993-05-10
131658,Luís Rocha,1986-08-13
131756,Gökay Iravul,1992-10-18
132209,Liam Polworth,1994-10-12
132401,Mikkel Agger,1992-11-01
133179,Marten de Roon,1991-03-29
133876,Lucas Finazzi,1990-08-18
134458,Stefan Ashkovski,1992-02-24
134761,Oleksandr Volkov,1989-02-07
134883,Daniele Baselli,1992-03-12
136537,Oleksiy Shevchenko,1992-02-24
136643,Giannis Gianniotas,1993-04-29
136834,Aziz Behich,1990-12-16
137192,Zainadine,1988-06-24
137313,Jonathan Buatu,1993-09-27
137611,Artun Akcakin,1993-05-06
137637,Mayko,1991-02-03
138292,Boris Tashchy,1993-07-26
138335,Jakob Haugaard,1992-05-01
138410,Pape Camara,1991-09-24
139190,Kenny Anderson,1992-02-14
139192,Mark Janssen,1992-05-10
139286,Férébory Doré,1989-01-21
139337,Tiago Rodrigues,1992-01-29
139395,Ricardo Esgaio,1993-05-16
139434,Raúl Carnero,1989-04-30
139435,Dani Rodríguez,1988-06-06
140540,Fedor Černych,1991-05-21
140561,Michael Odibe,1988-06-23
140653,Niclas Vemmelund,1992-10-02
142021,Sergi Darder,1993-12-22
143101,Sören Reese,1993-07-29
143182,David Texeira,1991-02-27
143558,Srdjan Mijailovic,1993-11-10
144449,Sinan Uzun,1990-01-25
144696,Dmitri Otstavnov,1993-06-04
145466,Tim Ream,1987-10-05
147483,Michaël Pereira,1987-12-08
148374,Marco Larsen,1993-05-15
148646,Khasan Akhriev,1994-06-03
148656,Rafael Broetto,1990-08-18
148734,Jiri Skalak,1992-03-12
149532,Marwan Mohsen,1989-02-26
149721,Tiago Ferreira,1993-07-10
150482,Gojko Cimirot,1992-12-19
150568,Valentín Viola,1991-08-28
151205,Ricardo Ferreira,1992-11-25
151870,Matthieu Debisschop,1984-02-29
152422,Dean Horribine,1993-01-14
153108,Wanderson,1994-02-07
153427,Bebé,1990-07-12
153579,Jakob Rasmussen,1993-08-30
154396,Danilo Soares,1991-10-29
155396,Cláudio Ramos,1991-11-16
155861,Ruslan Zubkov,1991-11-24
156808,Unai Bustinza,1992-02-02
157536,Angelos Chanti,1989-09-07
157848,Jakub Szumski,1992-03-06
158530,Maximilian Wagener,1995-01-03
158786,Luke Hendrie,1994-08-27
158997,Amro Tarek,1992-05-17
159162,Ylli Sallahi,1994-04-06
159789,Hakan Ates,1988-05-13
160334,Simone Ganz,1993-09-21
160825,Antonio Balzano,1986-06-13
161202,Angelos Ikonomou,1995-08-23
161549,Tobias Pachonik,1995-01-04
162632,Michalis Zaropoulos,1991-07-12
162652,Filip Malbasic,1992-11-18
162939,Matteo Colombi,1994-06-13
162957,Antonio Rozzi,1994-05-28
163051,Riccardo Piscitelli,1993-10-10
163652,Jacopo Furlan,1993-02-22
163663,Wilfried Kanon,1993-07-06
164208,João Pinho,1992-04-30
164389,Rory Donnelly,1992-02-18
164904,Mory Diaw,1993-06-22
165722,Antonio Di Gaudio,1989-08-16
166379,Muhammad Candé,1991-08-28
166753,Armin Hodzic,1994-11-17
167254,Dominic Ball,1995-08-02
167444,Luca Paganini,1993-06-08
168211,Seyi Adeleke,1991-11-17
168213,Salam Dene,1993-06-08
168741,Lucas Hufnagel,1994-01-29
169002,Adil Benzariouh,1993-01-14
169090,El-Hadji Ba,1993-03-05
169573,Sam Nicholson,1995-01-20
169802,Alican Karadag,1990-01-08
169813,Erhan Celenk,1989-03-16
170245,Artem Favorov,1994-03-19
170471,Devis Epassy,1993-02-02
170511,Abdoul Karim Sylla,1992-01-23
170576,Gela Zaseev,1993-01-20
170841,Ferreira,1980-10-19
170916,Loïc Puyo,1988-12-19
170934,Mario Lemina,1993-09-01
172957,Mark Lamont,1993-02-04
172975,Vladimir Parnyakov,1984-01-30
173804,Josh Vela,1993-12-14
174835,Adryan,1994-08-10
175841,Ziggy Gordon,1993-04-23
176130,Lorenzo Rosseti,1994-08-05
176354,Sadik Ciftpinar,1993-01-01
176415,Oleksandr Sukharov,1994-02-18
177046,Rubén Duarte,1995-10-18
177291,Stanislav Prychynenko,1991-06-26
177467,Gerard Moreno,1992-04-07
177779,Janik Haberer,1994-04-02
177952,Jordan Archer,1993-04-12
178217,Pol García,1995-02-18
178349,Sana Zaniou,1994-12-31
178608,Jean-Jacques Bougouhi,1992-06-12
178942,Bruno Brígido,1991-03-09
179308,Diego Rubio,1993-05-15
179844,Callum Tapping,1993-06-05
180137,Jonathan Ring,1991-12-05
180907,Stefano Magnasco,1992-09-28
181203,Igor Leontjev,1994-03-18
182688,Manolis Siopis,1994-05-14
182878,Adrian Adam,1995-04-06
182894,Jean-Philippe Gbamin,1995-09-25
182908,Romaric N'Gouma,1995-01-28
182932,Davy Klaassen,1993-02-21
182963,Lass Bangoura,1992-03-30
183161,Tommie Hoban,1994-01-24
183494,Issa Cissokho,1985-02-23
184686,Kevin Tano,1992-12-05
184928,Joel Tagueu,1993-12-06
185077,Vincenzo Grifo,1993-04-07
185770,Muhammed Bayir,1989-02-05
186233,Giorgi Kvilitaia,1993-10-01
186282,Danzell Gravenberch,1994-02-13
186891,Álex Martínez,1990-08-12
187211,Ygor Nogueira,1995-03-27
187309,Martín Rodríguez,1994-08-05
187392,Thomas Touré,1993-12-27
187759,Anderson Conceição,1989-10-24
187915,Panagiotis Petrousis,1992-08-11
188180,Benjamin Verbic,1993-11-27
188660,Jurgen Mattheij,1993-04-01
188854,Manu Trigueros,1991-10-17
189053,Mick van Buren,1992-08-24
189453,Jonathan Silva,1994-06-29
189539,Alfredo Stephens,1994-12-25
189690,Harallamb Qaqi,1993-09-17
190513,Vykintas Slivka,1995-04-29
190705,Bruno Pirri,1992-05-12
190786,Baptiste Reynet,1990-10-28
191407,Oussama Haddadi,1992-01-28
191614,Fred,1993-03-05
191813,Tijane,1991-06-28
192294,Mohamed Gouaida,1993-05-15
193126,Keiran Stewart,1994-05-20
193812,Sergiy Garashchenkov,1990-05-16
193891,Jordan Stewart,1996-03-05
193904,Felitciano Zschusschen,1992-01-24
195057,Raffaele Celia,1999-03-04
195062,Mathias Rosenörn,1993-05-11
196084,Marco Meyerhöfer,1995-11-18
196722,Remi Matthews,1994-02-10
197602,Rúben Semedo,1994-04-04
198080,Simone Ceccarelli,1994-01-28
198773,Aleksey Shchetkin,1991-05-21
198816,Georgi Kostadinov,1990-09-07
199204,Lorenzo Menicagli,1994-10-13
199258,Andrea Petagna,1995-06-30
199341,Óscar Gil,1995-06-14
199380,Kenny Teijsse,1992-07-19
199856,Leandro Sosa,1991-03-18
199924,Giovanni Terrani,1994-10-12
200057,Elvis Kabashi,1994-02-20
200612,Pol Freixanet,1991-08-22
200985,Arnold,1992-04-06
201135,Leon Guwara,1996-06-28
201586,Greg Leigh,1994-09-30
202523,Anton Sekret,1992-01-23
203540,Amos Youga,1992-12-08
203748,Maxence Chapuis,1994-05-09
203914,Jeroen Lumu,1995-05-27
204136,Jacob Dehn,1995-08-04
204560,Miha Goropevsek,1991-03-12
205018,Rodney Geerlinks,1995-02-27
205562,Thomas Lemar,1995-11-12
205566,Stéphane Madeira,1990-01-04
205657,Rúnar Alex Rúnarsson,1995-02-18
206956,Slavko Bralic,1992-12-15
208071,Veli Cetin,1994-11-01
208166,Bartlomiej Dragowski,1997-08-19
208379,Christian Walton,1995-11-09
208599,Alican Candemir,1993-02-08
208890,Samu García,1990-07-13
208907,Giorgi Jgerenaia,1993-12-28
208934,Barrie McKay,1994-12-30
209576,Cihan Topaloglu,1992-03-30
211316,Pavlo Cherevatenko,1993-03-21
211845,Yonas Malede,1999-11-14
211973,Lee Ashcroft,1993-08-29
212718,Dimitri Oberlin,1997-09-27
212832,Dimitrios Pelkas,1993-10-26
212849,Iván Calero,1995-04-21
213260,Rubén García,1993-07-14
213365,Mehmet Kalem,1993-01-20
213499,Resul Özgen,1993-09-12
214070,Ewerton,1992-12-01
214258,Andrey Naletov,1996-03-31
214623,Antonis Tsiaras,1993-09-07
214776,Paul McCallum,1993-07-28
216811,Nils den Hartog,1994-03-25
216815,Mimoun Mahi,1994-03-13
216870,Nacho Vidal,1995-01-24
220315,Lovro Bizjak,1993-11-12
220795,Guyon Philips,1993-10-15
221150,Djené,1991-12-31
221309,Óscar Plano,1991-02-11
221916,Andreas Oggesen,1994-03-18
223419,Papa Idris,1989-07-27
223971,Gary Oliver,1995-07-14
224947,Oswal Álvarez,1995-06-11
225162,Diogo Verdasca,1996-10-26
225569,Kerim Mrabti,1994-05-20
225716,Sam Hendriks,1995-01-25
226074,Alen Halilovic,1996-06-18
226100,Anthony van den Hurk,1993-01-09
226195,Arben Muskaj,1994-06-27
226896,Dankler,1992-01-24
227444,Davor Taleski,1995-05-19
227965,Rubén Ramiro,1993-04-16
228911,Jordan Leyden,1996-03-09
229006,Franck Honorat,1996-08-11
229268,Jesus Garcia Tena,1990-06-07
230014,Guido Herrera,1992-02-29
230457,Bruno Gaspar,1993-04-21
230536,Andrey Mendel,1995-04-17
230946,Ilya Lantratov,1995-11-11
231643,Lucas Salas,1994-09-28
232012,Nick Van Asch,1994-08-01
232271,Sofiane Boufal,1993-09-17
232320,Atakan Karazor,1996-10-13
232495,Aleksandr Marchenko,1996-02-03
232688,Ricardo Talu,1994-04-01
234133,Erotokritos Damarlis,1992-05-13
234577,Marcos Acosta,1991-12-07
234733,Panagiotis Deligiannidis,1996-08-29
234887,Lazar Petkovic,1995-04-17
235863,Thallyson,1991-12-01
236471,Ozan Tufan,1995-03-23
236590,Christian Ramirez,1991-04-04
236966,Adam Dzwigala,1995-09-25
236981,Timo Hübers,1996-07-20
236995,Marcel Langer,1997-02-16
237466,Dany Maury,1994-08-18
237468,Santiago Montoya,1991-09-15
237662,Breel Embolo,1997-02-14
238055,Rafa,1993-05-17
238218,Ozan Papaker,1996-07-10
238504,Kimon Papadiotis,1994-02-22
238595,Samir Memisevic,1993-08-13
238630,Quentin Cornette,1994-01-17
238635,Julien Fabri,1994-02-05
238717,Pablo Pérez,1993-08-02
238986,Mario Pugliese,1996-03-26
239053,Jaime Poulson,1989-06-22
239584,Matteo Gerbaudo,1995-05-10
239667,Michele De Matteis,1995-01-21
239972,Jonas Carls,1997-03-25
240083,George Byers,1996-05-29
240158,Francesco Vicari,1994-08-03
240551,Aaron Olanare,1994-06-04
240934,Filippo Bandinelli,1995-03-29
241052,Alessandro Bellemo,1995-08-07
241457,Derrick Luckassen,1995-07-03
241804,Francesco Bergamini,1994-11-05
242284,Ethan Horvath,1995-06-09
242412,Gethin Jones,1995-10-13
242528,Rocco Giordano,1995-02-07
242638,Efthymios Koulouris,1996-03-06
242750,Nicolai Flö,1995-09-25
242827,Samu Martínez,1994-04-15
242940,Edoardo Goldaniga,1993-11-02
243007,Marc Jepsen,1993-04-02
243715,Sebas Coris,1993-05-31
243819,Allan Blaze,1994-06-24
244175,Marco Albertoni,1995-08-05
247380,Arianit Ferati,1997-09-07
247909,Rufo,1993-01-13
248483,Chris Ikonomidis,1995-05-04
248592,Conor Mitchell,1996-05-09
248732,Pawel Dawidowicz,1995-05-20
248903,Marcelo Goiano,1987-10-13
249061,Giovanni Fenati,1995-09-16
249126,Harry Winks,1996-02-02
249446,Ayman Ben Mohamed,1994-12-08
249730,Guillermo Maripán,1994-05-06
251079,Ertugrul Ersoy,1997-02-13
251309,Dennis Geiger,1998-06-10
251345,Görkem Saglam,1998-04-11
251838,Dylan Connolly,1995-05-02
251878,Aarón Martín,1997-04-22
252677,José Luis Morales,1987-07-23
254708,Giacomo Parigi,1996-06-18
255238,Joel Ferreira,1992-01-10
255508,Iñaki Williams,1994-06-15
255641,Sergiy Syzyi,1995-09-01
255703,Harry Cornick,1995-04-09
256207,Gevorg Harutyunyan,1997-02-21
256213,Maksym Malyshev,1992-12-24
256361,Daniele Verde,1996-06-20
256488,David Karaev,1995-03-10
256705,Savvas Moudouroglou,1991-12-15
256819,Nikolaos Tsoukalos,1992-03-23
256977,Daniel Podence,1995-10-21
257127,Michael Ventre,1996-01-05
257456,Chico Geraldes,1995-04-18
257968,Tommy Robson,1995-09-11
258005,João Carvalho,1997-03-09
258036,Fábio Duarte,1998-05-11
258878,Tosin Adarabioyo,1997-09-24
260655,Eduard Löwen,1997-01-28
260740,Iván Arboleda,1996-04-21
261155,Adam Zrelak,1994-05-05
261912,Alassane Diallo,1995-02-19
262117,Cristian Ganea,1992-05-24
263905,Dmitriy Barinov,1996-09-11
263956,Ramil Sheydayev,1996-03-15
264140,Vukasin Jovanovic,1996-05-17
264304,Nikolai Rehnen,1997-02-04
265040,Jens Martin Gammelby,1995-02-05
265267,Viktor Khomchenko,1994-11-11
267676,Brian Fernández,1994-09-26
267701,Kristian Opseth,1990-01-06
268119,Scott Tanser,1994-10-23
269351,Maksym Kuchynskyi,1988-06-28
269865,Iasonas Papadimitriou,1994-05-23
269878,Marcus Ingvartsen,1996-01-04
270393,Robert Skov,1996-05-20
270456,Ibrahim Halil Keser,1997-07-02
272679,José Naranjo,1994-07-28
272706,James Lawrence,1992-08-22
272707,Elmo Lieftink,1994-02-03
272903,Vladislav Gevlich,1994-09-23
272955,Charlie Trafford,1992-05-24
272957,Ingo van Weert,1994-02-08
273152,Nemanja Maksimović,1995-01-26
273588,Mounir El Allouchi,1994-09-27
274083,Sören Ihssen,1995-08-02
274347,Ivan Saponjic,1997-08-02
274984,Marvin Egho,1994-05-09
275946,Tom Menting,1994-11-29
275981,Mitchel de Vlugt,1994-02-11
276507,Stef Vervoort,1995-02-20
276768,Nolan Mbemba,1995-02-19
277118,Manu García,1998-01-02
277123,Wato Kuaté,1995-09-19
277533,Josan,1989-12-03
278357,David Goldar,1994-09-15
278459,Simon Lorenz,1997-03-30
278553,Dimitri Cavaré,1995-02-05
279869,Spyros Risvanis,1994-01-03
280575,Elvis Rexhbecaj,1997-11-01
282364,Ilya Kamyshev,1997-07-13
282372,Devlin Mackay,1997-01-23
282577,Lukas Klünter,1996-05-26
282799,Kaloudis Lemonis,1995-11-11
282815,Ilnur Safeev,1996-02-14
283214,Mathias Kristensen,1997-03-21
283225,Alexander Munksgaard,1997-12-13
283489,Luca Zidane,1998-05-13
284270,Moritz Nicolas,1997-10-21
286378,Sacha Bastien,1995-01-22
286837,Adilson Júnior,1988-07-30
287686,Filippo Boni,1995-06-29
288268,Cédric Mandjeck,1993-04-08
288376,Unai Etxebarria,1996-08-30
288454,Rafa Gálvez,1993-05-20
288499,Ewandro Costa,1996-03-15
289199,Alp Arda,1995-06-07
289286,Luca Sangalli,1995-02-10
290250,Thales Oleques,1994-04-28
290275,Antonio Valera,1996-08-17
290290,Rui Silva,1996-06-05
290416,Stefano Dalla Riva,1995-04-01
290559,Anthony Mandréa,1996-12-25
290649,Guram Adzhoev,1995-02-27
290698,Dejan Vokić,1996-06-12
290761,Idrisa Sambú,1998-03-27
291065,Connor McLaren,1997-02-20
291278,Davide Merelli,1996-03-04
291397,Samba Camara,1992-11-14
291744,Sylvanus Nimely,1998-09-04
292496,Mücahid Albayrak,1991-07-30
293134,Mikkel Kallesöe,1997-04-20
294321,Ferro,1997-03-26
294723,Volodymyr Makhankov,1997-10-29
294767,Majid Hosseini,1996-06-20
294807,Aboubakar Keita,1997-11-05
295389,Charalabos Damianakis,1995-04-14
296350,Moody Chana,1999-01-07
296356,Souleyman Doumbia,1996-09-24
296359,Félix Eboa Eboa,1997-04-19
297373,Mike Hauptmeijer,1997-03-18
297693,Pelle Clement,1996-05-19
297705,Jung-min Kim,1999-11-13
299839,Yavuz Aygün,1996-06-27
300110,Tomas Rukas,1996-09-04
300538,Nikolay Komlichenko,1995-06-29
302000,Ivan Klyuev,1995-05-17
303182,Nazareno Battista,1998-04-13
304214,Ricardo Vaz,1994-11-26
305977,Aaron Splaine,1996-10-13
306186,Jean Ambrose,1993-09-27
306463,Marlon Costa,1995-01-25
307053,Sergiy Panasenko,1992-03-09
307924,Mergim Berisha,1998-05-11
308371,Mikel Villanueva,1993-04-14
309847,Martin Remacle,1997-05-16
310004,Michael Zacho,1996-11-11
310482,João Manuel,1994-05-28
312732,Juan Mosquera,1996-01-01
315054,Bachibou Koita,1994-04-15
315254,Mees de Wit,1998-04-17
316125,Ben Chilwell,1996-12-21
316945,Maryan Mysyk,1996-10-02
318520,Clément Michelin,1997-05-11
319599,Jacob Linnet,1995-04-17
319623,Pedro Amaral,1997-08-25
319745,Dani Ceballos,1996-08-07
320456,Giacomo Zecca,1997-07-06
320658,Alessandro Eleuteri,1998-06-08
320748,Sebastian Szymanski,1999-05-10
320870,Vitja Valencic,1999-03-12
321528,Denzel Dumfries,1996-04-18
322351,Abdoul Ba,1994-02-08
322917,Dani Ndi,1995-08-18
322989,Kaan Kairinen,1998-12-22
323614,Zé Paulo,1994-03-26
324178,Muhammed Burak Yildiz,1996-01-02
324360,Angelos Zisis,1998-02-24
324891,Francois-Xavier Fumu Tamuzo,1995-04-03
325175,Isaac Cissé,1994-02-03
329212,Lucas Colitto,1994-06-01
329721,Jorge Silva,1996-03-22
329768,Kéven Sousa,1989-06-06
329814,Luca Horn,1998-12-19
330872,Bünyamin Kasal,1997-01-13
330875,Berkay Yildiz,1997-04-26
330878,Mert Örnek,1997-02-12
331017,Alex Gersbach,1997-05-08
331550,Lionel Nshole Makondi,1995-02-25
331726,Tammy Abraham,1997-10-02
332179,Matteo Pessina,1997-04-21
332305,Juan Otero,1995-05-26
332889,Valentin Rongier,1994-12-07
334723,Nicolas Napol,1996-04-03
334802,Jan Kuchta,1997-01-08
334816,Brad Lyons,1997-05-26
336077,Altay Bayindir,1998-04-14
336731,Nacho Gil,1995-09-09
337787,Connor Ronan,1998-03-06
337809,Simone Mazzocchi,1998-08-17
338100,Riccardo Cestaro,1997-05-03
338425,Álex Berenguer,1995-07-04
338794,Fatih Aksoy,1997-11-06
339782,Alessandro Rossi,1997-01-03
340339,Jorge Sáenz,1996-11-17
340376,Abel Ruiz,2000-01-28
340383,Bogdan Kovalenko,1997-04-24
340446,Lorenzo Grossi,1998-03-25
340773,Sergiy Prykhodko,1994-01-21
340880,Ahmet Kivanc,1998-04-29
340990,Alfie Jones,1997-10-07
341535,Igor Vekic,1998-05-06
342007,Danny Stassar,1997-09-19
342139,Bogdan Sukhodub,1994-02-09
342227,Brighton Labeau,1996-01-01
342817,Leonardo Maloku,1998-05-18
342887,Ibrahim Diallo,1996-08-12
342913,Georgios Bletsas,1995-05-02
343537,Artem Dovbyk,1997-06-21
343954,Nikola Pejovic,1998-09-22
344579,Tony Gallacher,1999-07-23
344888,Habib Diallo,1995-06-18
345468,Andi Zeqiri,1999-06-22
346291,James Léa Siliki,1996-06-12
346546,Radoslaw Majecki,1999-11-16
346560,Alessandro Mallamo,1999-03-22
346900,Nishan Burkart,2000-01-31
347647,Vincenzo Ceci,1998-03-24
349107,Oleg Synytsya,1996-03-20
349418,Mateus Pasinato,1992-06-28
349585,Ayrton Lucas,1997-06-19
350364,Joan Sastre,1997-04-30
351072,Vahid Selimovic,1997-04-03
351168,Yacouba Bamba,1991-11-30
351419,Aleksandr Maksimenko,1998-03-19
352815,Dénis Duarte,1994-05-04
354354,Vladislavs Soloveiciks,1999-05-25
354482,Michael Murillo,1996-02-11
355336,Josete Miranda,1998-07-22
355369,Jordan,1996-04-26
355444,Andrea Dini,1996-02-20
355749,Manolis Demenikos,1996-09-22
355998,Uriel Antuna,1997-08-21
356621,Adam Frizzell,1998-02-21
357163,Filipe Soares,1999-05-20
357187,Alexandros Athanasopoulos,1996-12-03
357338,Cristian Paz,1995-04-24
359537,Ricardo Rodrigues,1995-06-28
361033,Anderson López,1999-01-25
362559,Jack Whittaker,1997-09-08
363253,Livio Milts,1997-10-04
363654,Max Schijns,1996-04-06
363794,Carlos Eduardo,1996-10-10
364206,Andrea Adorante,2000-02-05
364244,Godfried Frimpong,1999-04-21
364404,Kiko,1997-02-27
365195,Andriy Kukharuk,1995-12-13
367468,Nuno Santos,1999-03-02
368982,Nikola Cumic,1998-11-20
369316,Ferdi Kadioglu,1999-10-07
369672,Asger Bust,1996-07-24
370042,Driess Saddiki,1996-08-09
370889,Theofanis Mavrommatis,1997-01-16
371000,David Colina,2000-07-19
371003,Ante Palaversa,2000-04-06
371990,Patrick,2000-02-28
372472,Gonçalo Duarte,1997-07-11
372626,Alexandre Cardoso,1992-04-30
372713,Florian Ayé,1997-01-19
372720,Nicholas Pierini,1998-08-06
373302,Silas,1996-05-30
373977,Amir Absalem,1997-06-19
374778,Ricardo Almeida,1997-05-09
376228,Dmytro Ivanisenya,1994-01-11
379959,Tobias Stirl,2000-04-17
380764,Lynneeker,1994-01-11
381067,Mikhail Ageev,2000-04-22
381137,Liam Fisch,1998-11-23
382553,Luke Bolton,1999-10-07
382567,Matteo Cotali,1997-04-22
383208,Stijn Jeurissen,1997-01-22
383630,Stavros Panagiotou,1993-07-01
383652,Burak Yildir,1996-12-18
385416,Mykhaylo Shershen,1995-04-27
386126,Okechukwu Azubuike,1997-04-19
387110,Petar Musa,1998-03-04
387407,Ayoub Boukhari,1997-05-06
387952,Bugra Temel,1998-08-04
388913,Murat Cem Akpinar,1999-01-24
390103,Marjus Topi,1995-10-19
390129,Nikolaos Syrakos,1997-01-04
390160,Salvatore Esposito,2000-10-07
390732,Simone Caputo,1998-07-25
390809,Dean Bredewolt,1997-04-09
391045,Javito,1998-12-18
391364,Panagiotis Linardos,1991-07-08
391498,Mert Cetin,1997-01-01
392444,Riccardo Cargnelutti,1999-02-08
392757,Marc Guéhi,2000-07-13
392761,Zechariah Medley,2000-07-09
392767,Danny Namaso,2000-08-28
392956,Enrico Del Prato,1999-11-10
394295,Lorenzo Spurio,1999-04-12
395089,Hamza El Kaouakibi,1998-05-22
395091,Giordano Trovade,1998-05-23
395239,Claudio Gomes,2000-07-23
395447,Erin Pinheiro,1997-07-15
395537,Dmytro Plakhtyr,1996-02-14
395653,David Sangaré,2000-08-19
395654,Ilya Gaponov,1997-10-25
395695,Elisha Owusu,1997-11-07
396167,Charlie Scott,1997-09-02
396327,Mikel Carro,1999-01-25
396395,Oleksiy Bykov,1998-03-29
396398,Ivan Semenikhin,1998-09-28
396908,Yunus Akgün,2000-07-07
397728,Lorenzo Bruzzi,2000-01-31
397856,Dmitriy Goryachkin,1996-01-12
398252,Or Dasa,1998-09-20
399383,Mathieu Cafaro,1997-03-25
401029,Roshon van Eijma,1998-06-09
401534,Arthur Gomes,1998-07-03
401624,Edgar González,1997-04-01
401732,Blas Riveros,1998-02-03
402581,Thomas Rodríguez,1996-04-05
404848,Andriy Kulakov,1999-04-28
405501,Filip Blazek,1998-03-11
406151,Zé Pedro,1997-06-06
406295,Hasan Bilal,1998-03-12
406558,Steven Sessegnon,2000-05-18
407398,Carl Björk,2000-01-19
407885,Wajdi Kechrida,1995-11-05
408288,Jesús Ruiz,1997-01-20
410070,Taha Ayan,1998-08-11
410854,Ragnar Oratmangoen,1998-01-21
411416,Bryan Passi,1997-08-05
412661,Muhammet Uyanik,1997-11-18
412932,Myron Boadu,2001-01-14
413918,Arif Bostanci,1997-12-08
416380,Ragnar Ache,1998-07-28
416479,Alexandros Voilis,2000-05-26
416490,Efthymios Christopoulos,2000-09-20
419065,Dani Junior Ltaif,2000-05-01
419597,Iyayi Atiemwen,1996-01-24
419648,Veljko Birmancevic,1998-03-05
422203,Umut Günes,2000-03-16
422460,Dani Gómez,1998-07-30
422986,Halid Sabanovic,1999-08-22
423757,Kerr McInroy,2000-08-31
424021,Dapo Mebude,2001-07-29
425334,Matty Cash,1997-08-07
425749,Artem Yusupov,1997-04-29
426158,Jordan Piggott,1999-02-17
429551,Olimpiu Morutan,1999-04-25
429931,Cederick Van Daele,2000-08-25
430485,Maksim Kutovoy,2001-07-01
430761,Lucas Fernandes,1997-09-20
431708,Maksim Petrov,2001-01-18
432092,Roberto Piccoli,2001-01-27
432671,Luca Philipp,2000-11-28
434861,Barry Lauwers,1999-11-29
435209,Marc Kelly,1998-04-14
435648,Joshua Zirkzee,2001-05-22
435765,Corey Jordan,1999-03-04
436417,Sebastien Ito,1996-05-11
437566,Claudio Falcão,1994-07-03
438086,Caolan Boyd-Munce,2000-01-26
441216,Thijs Oosting,2000-05-02
442248,Ethan Pinnock,1993-05-29
442320,Didier Lamkel Zé,1996-09-17
443222,Marc Cardona,1995-07-08
444641,Louie Moulden,2002-01-06
446043,Getterson Alves,1991-05-16
447053,Julen Bernaola,1999-04-29
448554,Giacomo Boccafoglia,1998-12-01
448628,Javi Galán,1994-11-19
449120,Aleksandr Sheplyakov,1996-08-13
452222,Moritz Römling,2001-04-30
452803,Over Mandanda,1998-10-26
452867,Massimiliano Benucci,1998-11-10
453757,Julian Roloff,2001-01-17
455012,Roman Izotov,1996-06-22
455181,Jorge de Frutos,1997-02-20
455291,Erdem Beytas,1998-04-30
456449,Sergio,1995-04-06
457072,Bram Verbong,1999-12-23
457341,Derry John Murkin,1999-07-27
457674,Alessandro Di Pardo,1999-07-18
457931,Luiz Felipe,1997-03-22
458499,Vasilios Tsimopoulos,2000-06-12
458710,Murilo,1997-03-27
459463,Cucho Hernández,1999-04-20
460034,Giuseppe Marcianò,2000-05-27
460378,Jelle Bataille,1999-05-20
460610,Kevin Reimink,1999-02-08
460626,Garissone Innocent,2000-04-16
460660,Jason Mbock,1999-11-01
461674,Yevgeniy Verkholantsev,1998-01-28
462252,Diogo Pinto,1999-06-29
462823,Gustav Isaksen,2001-04-19
462837,Nikolas Dyhr,2001-06-18
464530,Theocharis Tsingaras,2000-08-20
465955,Marcin Bulka,1999-10-04
467241,Oleksandr Safronov,1999-06-11
467434,Rocco Reitz,2002-05-29
468066,Jens Cajuste,1999-08-10
469211,Liberato Cacace,2000-09-27
469952,Kyosuke Tagawa,1999-02-11
470491,Jorris Romil,1994-12-27
470790,Svetozar Markovic,2000-03-23
470830,Roman Slyva,2000-09-23
476364,Mateus Norton,1996-07-19
476498,Dominic Schmidt,2001-03-12
477161,Aloísio,1996-05-03
481468,Lev Skvortsov,2000-02-02
481795,Kristal Abazaj,1996-07-06
483453,Josué Dorrio,1994-03-03
484465,Dmitriy Sasin,1996-08-21
484547,Jeremie Frimpong,2000-12-10
485960,Lilian Brassier,1999-11-02
486031,Nicolás González,1998-04-06
486053,Nayel Mehssatou,2002-08-08
487846,Guillaume Renault,2002-03-17
488362,Conor Gallagher,2000-02-06
489815,Kamran Aliev,1998-10-15
491293,Alexandros Safarikas,1999-08-26
491296,Anass Zaroury,2000-11-07
492316,Gustavo Viera,2000-10-21
495667,Lucas Da Cunha,2001-06-09
495920,Oleksandr Nazarenko,2000-02-01
497175,Aurélien Scheidler,1998-06-04
498557,Jean Freddi Greco,2001-02-12
499604,Dion Pereira,1999-03-25
501126,Javi Aparicio,2000-03-08
502452,Olivier Dumont,2002-03-06
502561,Filip Möller Delaveris,2000-12-10
503160,Paul Nebel,2002-10-10
503688,Dominic Thompson,2000-07-26
503762,Jamal Balogun,2000-01-18
503766,Matheus Mascarenhas,1998-07-27
503855,Amine Benchaib,1998-06-18
504147,George Bello,2002-01-22
504593,Saado Abdel Salam,1997-11-23
505512,Asier Córdoba,2000-03-31
506175,Schürrle,2001-08-17
507733,Sebastjan Spahiu,1999-10-30
508639,Naci Ünüvar,2003-06-13
509428,Sergiy Trykosh,1998-10-12
510045,Christy Manzinga,1995-01-31
512385,Luis Sinisterra,1999-06-17
515015,Alexander Hjaelmhof,2001-11-09
515074,Nikita Repin,1999-07-28
519993,Cammy Logan,2002-01-28
520463,Brunão,1997-02-24
522850,Yohan Bilingi,1999-02-01
523240,Vasilios Soulis,1994-12-07
523903,Nazariy Nych,1999-02-19
524779,Mikhail Chernomyrdin,1999-03-04
524826,Artem Arkhipov,1996-12-15
525602,Alejandro Marqués,2000-08-04
526258,Karlo Ziger,2001-05-11
527270,Falko Michel,2001-01-14
528444,Denis Catovic,2002-02-03
528447,Tobias Damtoft,2002-01-11
529113,Markus Iversen,1999-01-31
530253,Ishan Kort,2000-06-01
530732,Vontae Daley-Campbell,2001-04-02
531829,Dani Escriche,1998-03-24
532390,Georgios Nikas,1999-09-17
533110,Álex Pachón,2000-07-17
533134,Francesco Cusumano,2001-02-06
533238,Nikolaos Peios,1999-06-17
533738,Jonathan David,2000-01-14
536482,Junior Dina Ebimbe,2000-11-21
537467,Joseph Efford,1996-08-29
537477,João Goulart,2000-01-27
537516,David Easter,2000-01-14
537844,Anatoliy Trubin,2001-08-01
537845,Pavlo Shushko,2000-05-07
537944,Ilias Karargyris,2002-06-29
538045,Kays Ruiz-Atil,2002-08-26
538973,Samuel Yépié Yépié,2002-10-02
539249,Denis Suljic,2000-05-03
540659,Albert Lottin,2001-08-29
540662,Christian Konan,1999-07-12
540676,Thomas Carrique,1999-02-26
540887,Enrico Oviszach,2001-03-26
541019,Jérémy Landu,2002-01-02
541402,Khalid Hachadi,1998-05-03
542858,Simon Graves,1999-05-22
543103,Rodrigo Moura,1996-01-25
543382,Mohamed Camara,2000-01-06
543409,Taofiq Jibril,1998-04-23
544931,Christian Cappis,1999-08-13
545635,Damien Furtado,1997-03-08
546213,Tuta,1999-07-04
546944,Taylor Gardner-Hickman,2001-12-30
547723,Kellyton,1995-03-08
548254,Nathan Ngoy,2003-06-10
548847,Roy van Mameren,2001-05-16
550829,Matej Kovar,2000-05-17
552223,Filip Stankovic,2002-02-25
553056,Vadym Yanchak,1999-02-07
554198,Mathias Madsen,2002-03-08
554390,Georgios Manisoglou,2002-02-18
554392,Nikitas Nikolis,2002-06-16
555137,Daniil Sokolov,2003-05-20
556103,Christos Giannakidis,2000-10-10
556173,Omar Khailoti,2001-09-05
559333,Kian Fitz-Jim,2003-07-05
562256,Mikael Ndjoli,1998-12-16
563139,José Marsà,2002-03-04
563335,Zourdine Thior,1997-07-09
563419,Jiaqi Han,1999-07-03
563696,Batuhan Yilmaz,1999-01-01
565428,Alexandro Calut,2003-04-22
566046,Nikita Kotin,2002-09-01
568318,German Onugkha,1996-07-06
568461,Levy Bosch,2001-04-16
568695,Amadou N'Diaye,2000-01-02
568835,Pablo Martínez,1998-02-22
568915,Yohana Oscar Mkomola,2000-04-18
570426,Ismet Yazgan,1997-07-10
570819,Maxime Wenssens,2001-11-17
572132,Muhammed Sarikaya,2002-01-03
572163,Daniil Yermolov,2000-12-03
574461,Frederik Jörgensen,2001-04-24
577779,James Daly,2000-01-12
579089,Christiaan Ravych,2002-07-30
580030,James Furlong,2002-06-07
582070,Artur Sagitov,2000-01-07
582718,Aritz Castro,1998-05-20
584247,Liam Prez,2000-08-31
584378,Lucas Geurde,1999-08-18
584493,Panagiotis Ginis,1999-01-23
585317,Yassine Azzagari,2001-07-24
585418,Abdulkadir Sönmez,1999-02-26
586537,Christos Kalantzis,2000-06-19
586986,Luke Plange,2002-11-04
587003,Lewis Bate,2002-10-28
587646,Mahamé Siby,1996-07-07
589926,Charlie Reilly,2001-12-05
590629,Julien Boyer,1998-04-10
591914,Warren Tchimbembé,1998-04-21
592988,Cheikh Diaby,2000-03-07
593315,Thomas Callens,1998-09-06
596235,Yevgeniy Belych,2001-01-09
596308,Sávio Roberto,1996-04-30
596901,Abdel Medioub,1997-08-28
597095,Hamza Masoudi,2000-01-24
599263,Vicente Esquerdo,1999-01-02
599663,Faris Pemi,2000-07-01
601556,Bill Lathouwers,1999-09-18
602899,Enes Sari,2000-06-08
603670,Jacob Marsden,1996-10-14
605222,Jonas Dirkner,2002-07-15
605757,Zan Luk Leban,2002-12-15
606743,Ivan Lytvynenko,2001-04-10
607225,Florent Sanchez,2003-04-02
609647,Angelos Tsingaras,1999-07-24
609648,Petros Bagalianis,2001-02-06
610570,Julián Bartolo,1996-04-15
611347,Alperen Eskicirak,2000-09-12
611912,Harry Sharp,2001-04-04
612826,Silas,1998-10-06
614195,Dani Plomer,1998-11-30
615326,Tyreek Magee,1999-08-27
615644,Aleksandr Grunichev,2003-08-08
616536,Mert Celik,2000-06-10
616667,Mattia Pagliuca,2002-04-25
617408,Tatsuhiro Sakamoto,1996-10-22
617673,Andrés Cabrera,1995-01-28
618179,Ikbal Ipek,1998-03-27
618342,Yanis Saidani,2001-08-20
618408,Maxen Kapo,2001-01-19
620477,Kaio Jorge,2002-01-24
620566,Jannes Van Hecke,2002-01-15
620598,Ameen Al-Dakhil,2002-03-06
621123,Luca Stanga,2002-01-23
623024,Jesús Vázquez,2003-01-02
623330,Myroslav Trofymyuk,2001-04-08
623579,Abdullah Gürbüz,2000-03-11
623773,Kristoffer Lund,2002-05-14
628645,Filippo Tripi,2002-01-06
629566,Eddy Sylvestre,1999-08-29
630990,Ismael Gutiérrez,2000-08-07
631576,Batuhan Kör,2001-03-09
632086,Ilyas Lefrancq,2003-12-03
632675,Oleksiy Shpak,1998-08-15
633434,Salih Kavrazli,2002-03-16
635163,Cenk Alptekin,2001-01-12
635807,Marlon,1997-09-15
636229,Carlos León,2002-12-05
637549,Nikita Matyunin,2004-04-27
638666,Josh Flint,2000-10-13
639758,Abdoulaye Sidibé,2002-02-09
641537,Tommaso Baldanzi,2003-03-23
644158,Lucas Silva,1998-01-30
644244,Enis Cokaj,1999-02-23
644682,Sebastian Jessen,2004-01-11
646997,Jayden Bennetts,2001-06-26
647484,Ebrima Darboe,2001-06-06
649261,Viktor Aleksandrov,2002-02-14
652996,Saïd Hamulic,2000-11-12
653091,Taner Gümüs,2001-04-26
653415,Leonardo Buta,2002-06-05
655893,Ravil Tagir,2003-05-06
655986,Reece Welch,2003-09-19
656441,Jean Onana,2000-01-08
657124,Riku Danzaki,2000-05-31
658586,Matteo Fiorenza,2003-06-15
658737,Mor Ndiaye,2000-11-22
659219,Guilherme,2001-06-12
659886,Bill,1999-05-07
662131,Ahmetcan Kaplan,2003-01-16
662132,Furkan Yasa,2003-02-21
662140,Eray Özbek,2003-01-09
663424,Lasse Berg Johnsen,1999-08-18
663581,Vini Souza,1999-06-17
666545,Capita,2002-01-10
667980,Irakliy Manelov,2002-09-19
667999,Anas Nanah,2003-03-12
668587,Nazinho,2003-07-20
668606,Yuito Suzuki,2001-10-25
669219,Kewin,1995-01-25
670847,Momo Cho,2004-01-19
670861,Luke Chambers,2004-06-24
671915,Enzo Barrenechea,2001-05-22
672683,Maxime Maes,2001-06-22
673492,Morato,2001-06-30
676117,Diogo Motty,2000-04-07
676190,Killian Benvindo,2001-04-26
682959,Konstantinos Panagiotou,1997-02-11
683891,Serge-Philippe Raux Yao,1999-05-30
685854,Ruslan Bezrukov,2002-03-21
685939,Yaroslav Shcherbin,2002-06-25
686530,Ilya Sadygov,2000-09-29
687035,Kelvin Ofori,2001-07-27
689634,James Gomez,2001-11-14
694549,Sam Sanna,1999-03-08
695141,Brian Araújo,2000-04-29
697144,Burak Ince,2004-01-20
698110,Lorenzo Malagrida,2003-10-24
699306,Ilya Tuseev,2002-07-19
700035,Emin Can Uysal,2002-01-04
700305,Buluthan Bulut,2002-07-21
700400,Tibet Öniz,2002-01-25
700998,Chaka Traorè,2004-12-23
701325,Bruno Onyemaechi,1999-04-03
702441,Sinaly Diomandé,2001-04-09
704176,Destiny Egharevba,2003-02-04
704693,Lorenzo Codutti,2003-06-27
706063,Rein Van Helden,2002-07-24
707271,Charlie Pérez,2002-06-07
709478,Mykyta Turbayevskyi,2002-03-12
710479,Jesús Palomeque,2001-10-17
716411,Maissa Ndiaye,2002-01-28
717421,Valentin Rabouille,2000-04-15
717585,Mory Gbane,2000-12-25
718580,Antonio Marchena,2002-07-27
723008,Miliano Jonathans,2004-04-05
724418,Eljon Toci,2003-01-09
724428,Oula Traoré,1995-09-29
726019,Oleksandr Yatsyk,2003-01-03
726717,Konstantinos Pomonis,2002-06-05
727079,Emir Tintis,2004-01-12
729677,Noam Bonnet,2002-05-25
735349,Rafail Sgouros,2004-05-28
735417,Fotis Zannis,2003-01-03
737781,Jérémy Le Douaron,1998-04-21
739885,Bilal Ceylan,2003-09-07
741033,Lucho Vega,1999-04-09
741292,Iker Bravo,2005-01-13
742297,Caden Clark,2003-05-27
743557,Jacob Blaney,2004-09-08
743894,Efe Can Sacikara,2004-03-29
744416,Matías Pérez,1999-03-03
746427,Dmitriy Vershkov,2002-05-27
748061,Lasse Schulz,2003-03-29
751392,Kayra Erciyas,2003-02-04
752691,Bogdan Veklyak,1999-08-31
768384,Momo Cissé,2002-10-17
774554,Myroslav Znovenko,2002-02-26
775868,Denys Demyanenko,2000-07-05
777502,Talha Sariarslan,2004-01-18
789082,Vanderson,2001-06-21
790482,Flip Klomp,2001-10-18
791173,Noah Crétier,2001-11-14
794349,Julien Le Cardinal,1997-08-03
795055,El Hadji Gueye,1999-08-20
796259,Abdulkadir Sünger,2000-05-24
802516,Noah Sahsah,2005-07-08
802987,Irvyn Lomami,2003-12-30
808420,Semir Ozturk,2003-10-27
811544,Aleksandr Kovalenko,2003-08-08
814976,Martin Adeline,2003-12-02
815113,Labros Moustakas,2003-09-18
818068,Magrão,2000-05-15
818888,Antonio Raimondo,2004-03-18
820374,Kobbie Mainoo,2005-04-19
834768,Darío Serra,2003-01-20
848875,Diego Callai,2004-07-18
855607,Bryan Nokoue,2002-05-23
857756,Ugur Can Semizoglu,2001-06-08
860073,Arda Uzun,2005-04-24
863208,Daniil Davydenko,2000-03-26
875333,Göktug Baytekin,2004-11-20
876263,Ejaita Ifoni,2000-02-13
876756,Batuhan Öztürk,2002-02-27
876865,Berat Yaman,2002-10-20
882225,Ivan Koshkosh,2001-04-08
888023,Kevin Kelsy,2004-07-27
888677,Gustav Jörgensen,2004-11-26
896154,Leonid Mina,2004-03-28
907302,Harrison Clark,2003-05-11
913305,Idjessi Metsoko,2002-03-14
913539,Estanis Pedrola,2003-08-24
919515,Jeanuël Belocian,2005-02-17
921521,Dylan MacDonald,2003-09-19
929543,Preben Stiers,2001-10-23
935039,Maryan Faryna,2003-08-28
956101,Emre Nizam,2002-01-02
958598,Robert Renan,2003-10-11
968426,Halil Ibrahim Atci,2006-02-04
973825,Alessio Sternon,2001-11-09
974374,Anthony Valencia,2003-07-21
990131,Samer Al-Mohaimeed,2001-04-01
995507,Konstantinos Tanoulis,2005-03-07
998442,Yunus Toplu,2005-05-08
1001817,Edmilson Mendes,2003-03-20
1059630,Vitaliy Mykhayliv,2005-10-11
264,Tamás Hajnal,1981-03-15
411,Levan Kobiashvili,1977-07-10
1197,Peter Graulund,1976-09-20
1327,Alou Diarra,1981-07-15
1606,Morten Rasmussen,1985-03-26
1743,Patrick Platins,1983-04-19
1896,Ahmet Cebe,1983-05-02
2048,Philipp Haastrup,1982-03-05
3195,Jermaine Pennant,1983-01-15
3310,Nicky Weaver,1979-03-02
3332,Wayne Rooney,1985-10-24
3614,Tony Hibbert,1981-02-20
3901,Pierre-Alain Frau,1980-04-15
4133,Richie Ryan,1985-01-06
4233,Adam Federici,1985-01-31
4276,Carlos Tevez,1984-02-05
4351,Remco van der Schaaf,1979-02-28
4415,Tim Cornelisse,1978-04-03
4471,Robert van Boxel,1983-01-20
4673,Wesley Sneijder,1984-06-09
4698,Stijn Schaars,1984-01-11
4796,Kader Mangane,1983-03-23
4873,Armand Deumi,1979-03-12
5169,Hélder Postiga,1982-08-02
5299,Ludovic Giuly,1976-07-10
5393,Sylvain Monsoreau,1981-03-20
5461,Florent Malouda,1980-06-13
5477,Rod Fanni,1981-12-06
5507,Mario Yepes,1976-01-13
5518,Ariza Makukula,1981-03-04
5622,Guillaume Lacour,1980-08-02
5680,Toifilou Maoulida,1979-06-08
5768,Rubén Olivera,1983-05-04
5870,Massimo Donati,1981-03-26
5880,Morgan De Sanctis,1977-03-26
6020,Francesco Tavano,1979-03-02
6073,Ricardo Verón,1981-01-22
6118,Mamadou Niang,1979-10-13
6287,Marco Caligiuri,1984-04-14
6320,Danko Lazovic,1983-05-17
6457,Axel Bellinghausen,1983-05-17
6636,Christian Fuchs,1986-04-07
6931,Gino Coutinho,1982-08-05
7133,Luciano Figueroa,1981-05-19
7568,David Navarro,1980-05-25
7776,Josemi,1979-11-15
7784,Ivan Leko,1978-02-07
7914,Carlos Kameni,1984-02-18
7949,Kees Kwakman,1983-06-10
8691,Sedat Agcay,1981-09-22
9218,Matthew Taylor,1981-11-27
9524,Rudi Skacel,1979-07-17
9621,Zurab Khizanishvili,1981-10-06
9852,Konstantinos Katsouranis,1979-06-21
9966,Almen Abdi,1986-10-21
10501,Paul Gallagher,1984-09-08
12029,Ludovic Butelle,1983-04-03
12101,Franck Signorino,1981-09-19
12125,Stephen Kelly,1983-09-06
12134,François Clerc,1983-04-18
12530,Oguzhan Bahadir,1979-12-24
12638,Barry Nicholson,1978-08-24
12673,Stephen Pearson,1982-10-02
12864,Jaroslav Drobny,1979-10-18
12907,Alessio Cragno,1994-06-28
13157,Filipe Anunciação,1979-05-27
13168,Raúl Meireles,1983-03-17
13683,Dean Whitehead,1982-01-12
14240,Miguel Fidalgo,1982-03-19
14244,Paulo Assunção,1980-01-25
14263,André Vilas Boas,1983-06-04
14334,Marcos António,1983-05-25
14863,Sander Duits,1983-08-29
14879,Pierre Boya,1984-01-16
15045,Niki Zimling,1985-04-19
15790,Ferrán Corominas,1983-01-05
16311,Rouwen Hennings,1987-08-28
16576,Carlos Cuéllar,1981-08-23
16716,Danny Guthrie,1987-04-18
16768,Bora Sevim,1984-02-17
16810,Marco Amelia,1982-04-02
17217,Grigoris Papazacharias,1985-03-20
17232,Luigi Cennamo,1980-02-07
17976,Anthony Scaramozzino,1985-04-30
18533,Michael Parensen,1986-06-24
18543,Víctor Montaño,1984-05-01
18646,Agus García,1985-05-03
18831,Bilal Aziz Özer,1985-07-01
18944,Gerard Piqué,1987-02-02
18952,Milos Maric,1982-03-05
19059,Heurelho Gomes,1981-02-15
19063,Ard van Peppen,1985-06-26
19354,Dennis Aogo,1987-01-14
20714,Tal Ben Haim,1982-03-31
20843,Frank Hansen,1983-02-23
21490,Mounir El Hamdaoui,1984-07-14
21725,Filipe Luís,1985-08-09
21935,Andrea Mantovani,1984-06-22
22459,Jens Berthel Askou,1982-08-19
22516,Chris Sörensen,1977-07-27
22753,Ivan Trickovski,1987-04-18
22802,Willie Dyer,1987-02-25
22952,Caglar Birinci,1985-10-02
23086,Gunnar Nielsen,1986-10-07
23111,Johnny Thomsen,1982-02-26
23160,Stephan Petersen,1985-11-15
23338,Asier Riesgo,1983-10-06
23874,Vincent Rüfli,1988-01-22
23951,Steve Mandanda,1985-03-28
23955,Joris Marveaux,1982-08-15
24049,Ruslan Rotan,1981-10-29
24054,Oleg Shelayev,1976-11-05
24064,Dmytro Vorobyov,1977-07-27
24195,Vasco Matos,1980-10-10
24523,Oguzhan Türk,1986-05-17
24633,Eduardo,1983-02-25
25036,Renat Sabitov,1985-06-13
25066,Aleksandr Dantsev,1984-10-14
25488,Antonio Candreva,1987-02-28
25542,Elsad Zverotic,1986-10-31
25750,Vladimer Dvalishvili,1986-04-20
25807,Aleksandar Radosavljevic,1979-04-25
25916,Evgeniy Shipitsin,1985-01-16
26099,Lino,1977-06-01
26101,Cicinho,1980-06-24
26727,Nicolás Navarro,1985-03-25
27116,Benjamin Psaume,1985-01-12
27234,Branimir Petrovic,1982-06-26
27488,Braulio Nóbrega,1985-09-18
27613,Theodoros Tripotseris,1986-03-04
28285,Dani Pacheco,1991-01-05
28775,Stanislav Sestak,1982-12-16
28828,Gabriele Aldegani,1976-05-10
29056,César Navas,1980-02-14
29213,Andreas Granqvist,1985-04-16
29246,Yuriy Zhevnov,1981-04-17
30365,Mikael Dahlberg,1985-03-16
30638,Sergio Floccari,1981-11-12
30758,Darío Cvitanich,1984-05-16
30834,Pablo Vitti,1985-07-09
31027,Filipe Gonçalves,1984-08-12
31493,Rubin Okotie,1987-06-06
31535,Nick Proschwitz,1986-11-28
31864,Christopher Nöthe,1988-01-03
31909,Toni Kroos,1990-01-04
32387,Baptiste Ulens,1987-07-24
32929,Goran Roce,1986-04-12
33195,Jan Mucha,1982-12-05
33710,Semedo,1985-01-11
33789,Isaac Promise,1987-12-02
33797,Kerem Seras,1984-01-01
33868,Roland Juhász,1983-07-01
33873,Asmir Begovic,1987-06-20
33942,Florian Marange,1986-03-03
34324,Emanuel Perrone,1983-06-14
34405,Milan Purovic,1985-05-07
34531,Milan Cerny,1988-03-16
34652,Jaroslaw Fojut,1987-10-17
35278,Serdar Özbayraktar,1981-11-22
35383,Júnior Díaz,1983-09-12
36080,Miralem Sulejmani,1988-12-05
36293,Serge Gakpé,1987-05-07
36423,Roger Guerreiro,1982-05-25
36500,Ola Toivonen,1986-07-03
36691,Jarl André Storbaek,1978-09-21
36884,Kyle Lafferty,1987-09-16
37013,Sami Allagui,1986-05-28
37290,Bojan Golubovic,1983-08-22
37598,Rubinho,1982-08-04
37857,Ernest N'For,1986-04-28
37947,Mateus,1984-06-19
38400,Jean-Christophe Vergerolle,1985-07-12
38700,Igor Usminskiy,1977-04-23
39027,Tayfun Pektürk,1988-05-13
39198,Didier Ya Konan,1984-05-22
39256,Sebastián Leto,1986-08-30
39373,Darko Bodul,1989-01-11
39381,Gareth Bale,1989-07-16
39932,Bédi Buval,1986-06-16
40034,Jens Grahl,1988-09-22
40423,Claudio Bravo,1983-04-13
40429,Gonzalo Jara,1985-08-29
41311,Michele Paolucci,1986-02-06
41609,Marcus Pedersen,1990-06-08
41994,Luca Ceccarelli,1983-03-24
42205,Yann Sommer,1988-12-17
42531,Kenny Steppe,1988-11-14
42667,Marius Zaliukas,1983-11-10
42751,Roger Johnson,1983-04-28
42783,André Hahn,1990-08-13
42934,Franck Guela,1986-06-19
42974,Kevin Kratz,1987-01-21
43333,Zsolt Laczkó,1986-12-18
43530,Adam Lallana,1988-05-10
44622,Vladimir Kisenkov,1981-10-08
44709,Paolo De Ceglie,1986-09-17
44855,Dame N'Doye,1985-02-21
44970,Ahmet Aras,1987-12-13
44972,Mahmut Bezgin,1986-03-01
45272,Youssouf Mulumbu,1987-01-25
45328,Santiago Villafañe,1988-05-19
45397,Mauro Poy,1981-07-02
45427,Umut Gündogan,1990-06-12
45475,Mahamane Traoré,1988-08-31
45529,Said Ahmed Said,1993-04-20
45541,Ismo Vorstermans,1989-03-30
45581,Joel Obi,1991-05-22
45653,Mateo Musacchio,1990-08-26
45717,Nenê,1983-07-28
45812,Djordje Lazic,1983-06-18
45846,Saidi Ntibazonkiza,1987-05-01
46004,Thorbjörn Holst Rasmussen,1987-03-21
46056,Ante Kulusic,1986-06-06
46110,Ljubomir Fejsa,1988-08-14
46220,Pablo Hernández,1985-04-11
46845,Carlo Costly,1982-07-18
47065,Filip Djordjevic,1987-09-28
47431,Michalis Kripintiris,1981-03-08
47576,Valerica Gaman,1989-02-25
47647,Gorka Elustondo,1987-03-18
48003,Christian Puggioni,1981-01-17
48052,Martin Pusic,1987-10-24
48262,Krisztián Németh,1989-01-05
48280,Edinson Cavani,1987-02-14
48557,Aleksandr Sukhov,1986-01-03
48601,Rene Mihelic,1988-07-05
48703,Mano,1987-04-09
48756,Rui Sampaio,1987-05-29
48835,Andriy Fedorenko,1984-01-09
48867,Michael Lumb,1988-01-09
48930,Pelé,1987-09-14
48950,Jordan Rhodes,1990-02-05
49000,Igor Korotetskyi,1987-09-13
49098,Danny Racchi,1987-11-22
49292,Martin Mutumba,1985-06-15
49347,Mitchell Langerak,1988-08-22
49719,Vladimir Koman,1989-03-16
49730,Sebastian Jung,1990-06-22
49737,Yannick Stark,1990-10-28
50478,Jacob Berthelsen,1986-07-04
50750,Bartlomiej Babiarz,1989-02-03
51106,Jan Washausen,1988-10-12
51118,Adil Rami,1985-12-27
51282,Mamadou Bah,1988-04-25
51430,Stephen McGinn,1988-12-02
51454,Luis Aguiar,1985-11-17
51630,Sergey Davydov,1985-07-22
51984,Elini Dimoutsos,1988-06-18
52322,Bruno Teles,1986-05-01
52380,Jonny Hayes,1987-07-09
52769,Willian,1988-08-09
52881,Marcus Vinícius,1985-03-22
52918,André Dias,1979-05-15
53077,Alberto Botía,1989-01-27
53258,Vladyslav Lupashko,1986-12-04
53554,Abdullah Karmil,1988-01-22
53669,Matthias Ostrzolek,1990-06-05
53841,Cássio,1980-08-12
54217,Raúl Fernández,1988-03-13
54581,Ilija Nestorovski,1990-03-12
55524,Alper Uludag,1990-12-11
55735,Henrikh Mkhitaryan,1989-01-21
56006,Marcos Díaz,1986-02-05
56231,Mandla Masango,1989-07-18
56372,Hursut Meric,1983-07-31
56381,Adil Auassar,1986-10-06
56903,Diego Fabbrini,1990-07-31
57170,Féthi Harek,1982-10-21
57249,Édouard Duplan,1983-05-13
57367,Johann Carrasso,1988-05-07
57402,Charles Kaboré,1988-02-09
57403,Foued Kadir,1983-12-05
57888,Pavlo Ksyonz,1987-01-02
57894,Vladyslav Mykulyak,1984-08-30
57961,Edu Albacar,1979-11-16
58008,Maksym Feshchuk,1985-11-25
58295,Petar Skuletic,1990-06-29
58301,Hugo Ventura,1988-01-14
58713,Murat Kayali,1989-08-13
58799,Salva Sevilla,1984-03-18
58806,André Weis,1989-09-30
58818,Claudio Beauvue,1988-04-16
58864,Pierre-Emerick Aubameyang,1989-06-18
58956,Oleksandr Maksymov,1985-02-13
59253,Andriy Boyko,1981-04-27
59594,Marko Vejinović,1990-02-03
60085,Georgios Goumagias,1978-09-12
60534,Sebastian Eriksson,1989-01-31
60573,Yann M'Vila,1990-06-29
60578,Prince Oniangué,1988-11-04
60603,Kévin Théophile-Catherine,1989-10-28
61335,Alexander Fischer,1986-09-16
61573,Jonathan Hogg,1988-12-06
61632,Ryan McGivern,1990-01-08
61730,Tengarrinha,1989-02-17
62445,Sebastian Andersen,1988-12-23
62451,Carsten Christensen,1986-08-28
62834,Igor Gorbatenko,1989-02-13
63293,Tiago Pinto,1988-02-01
63695,Dani Benítez,1987-04-07
64118,Alexandru Bourceanu,1985-04-24
64126,Alexandru Chipciu,1989-05-18
64535,Orlando Sá,1988-05-26
65072,Juan Manuel Insaurralde,1984-10-03
65262,Rubén Martínez,1989-12-08
65467,Vicente Iborra,1988-01-16
65681,Dugary Ndabashinze,1989-10-08
65781,Daniel Opare,1990-10-18
66008,Renan Bressan,1988-11-03
66052,Ermir Lenjani,1989-08-05
66596,Hüsamettin Tut,1991-01-01
67084,Fabián Monzón,1987-04-13
67245,Martijn van der Laan,1988-07-29
67274,Gary Dicker,1986-07-31
67371,Rory Boulding,1988-07-21
67566,Volkan Yilmaz,1987-09-01
68183,David Meyler,1989-05-29
68442,Vagner,1986-06-06
68826,Jude Nworuh,1989-06-09
68976,Pierre Kanstrup,1989-02-21
69011,Pavel Stepanets,1987-05-27
69396,Zhi Gin Lam,1991-06-04
69412,Paul Cairney,1987-08-29
69636,Mathias Gehrt,1992-06-07
69751,Jordi Alba,1989-03-21
69912,Joel Ekstrand,1989-02-04
70295,Igor Picusceac,1983-03-27
70946,Xisco Campos,1982-03-10
71002,Carlos Caballero,1984-10-05
71034,Fran Miranda,1988-03-27
71123,André Krul,1987-05-08
71548,Anaitz Arbilla,1987-05-15
72315,Javi Márquez,1986-05-11
72792,Niko Gießelmann,1991-09-26
72873,Semen Fomin,1989-01-10
73492,Joe Dudgeon,1990-11-26
73636,Hernán Pérez,1989-02-25
73926,Davide Faraoni,1991-10-25
74091,Viktor Noring,1991-02-03
74856,Reinhold Yabo,1992-02-10
74869,Francis Coquelin,1991-05-13
75076,Everton Luiz,1988-05-24
75471,Yannick Bolasie,1989-05-24
77001,Rajiv van La Parra,1991-06-04
77145,Jonathan Rowell,1989-09-10
77449,Cyriac,1990-08-15
77563,Samuel Sahin-Radlinger,1992-11-07
77752,Baiano,1987-02-23
77797,Christiaan Cicek,1988-12-03
77828,Mathieu Dossevi,1988-02-12
77974,Floyd Ayité,1988-12-15
78500,Stefan Deloose,1990-01-14
78961,Gary Mackay-Steven,1990-08-31
79192,Edwin Gyasi,1991-07-01
79501,Daniel Ginczek,1991-04-13
79522,Yuto Nagatomo,1986-09-12
27805,Eljero Elia,1987-02-13
32779,Max Grün,1987-04-05
36786,Morten Bertolt,1984-02-12
36877,Bojan Jorgacevic,1982-02-12
37095,Aydin Toscali,1980-08-14
37712,Daniel Carriço,1988-08-04
40370,Stefán Gíslason,1980-03-15
41281,Nicolás Pareja,1984-01-19
42466,Oumar Sissoko,1987-09-13
42952,Moritz Hartmann,1986-06-20
43193,Elliott Bennett,1988-12-18
44072,Marcos Tébar,1986-02-07
45319,Gabriel Mercado,1987-03-18
45721,Berkan Afsarli,1991-03-01
47285,Ibrahima Traoré,1988-04-21
48764,Anders Randrup,1988-07-16
51190,Marc Vucinovic,
52281,Güray Vural,1988-06-11
52585,James Troisi,1988-07-03
55439,Nikolay Zabolotnyi,1990-04-16
57598,Klaus Gjasula,1989-12-14
57808,Natxo Insa,1986-06-09
57901,Vyacheslav Sharpar,1987-06-02
58675,Sercan Bas,1988-07-01
58954,Yevgen Peskov,1981-09-22
60805,Alex Zahavi,1991-01-21
61336,Brian Hamalainen,1989-05-29
65255,Timm Klose,1988-05-09
67583,Serol Demirhan,1988-12-05
68862,Luca Di Matteo,1988-02-25
73569,Cem Sultan,1991-02-27
74200,Jaime Simões,1989-06-11
74643,Soner Örnek,1989-02-28
75221,Harm Zeinstra,1989-07-21
75407,José Luis Fernández,1987-10-26
76195,Marcos Bambam,1991-03-19
77248,Nejc Vidmar,1989-03-31
78514,David Boysen,1991-04-30
81796,Sung-yueng Ki,1989-01-24
81997,Fernando Martínez,1990-06-10
82113,Alexander Ring,1991-04-09
84622,Sinisa Andjelkovic,1986-02-13
88706,Simone Romagnoli,1990-02-09
90024,Alfred Finnbogason,1989-02-01
96167,Amin Younes,1993-08-06
98283,Romain Reynaud,1983-03-02
99189,Pelé,1991-09-29
99517,Rick ten Voorde,1991-06-20
99993,Nicolás Mezquida,1992-01-21
105470,Alisson,1992-10-02
111630,Erik Lamela,1992-03-04
112617,Philip Heise,1991-06-20
120427,René Klingenburg,1993-12-29
125315,Daniel Lück,1991-05-18
126516,Antonio Luna,1991-03-17
126796,Adrien Regattin,1991-08-22
134270,Dan Burn,1992-05-09
134631,Sinan Bakis,1994-04-22
139208,Virgil van Dijk,1991-07-08
139393,Tomané,1992-10-23
141563,Aziz Deen-Conteh,1993-01-14
143219,Krisztián Adorján,1993-01-19
144304,Ognjen Ozegovic,1994-06-09
147369,Thalles,1991-01-08
148209,Matti Steinmann,1995-01-08
152460,Eric Oelschlägel,1995-09-20
157540,Dionysis Giannoulis,1990-11-09
159065,Michalis Tsamourlidis,1992-03-22
164913,Soualiho Meïté,1994-03-17
170927,Simon Falette,1992-02-19
171234,Ben Reeves,1991-11-19
174213,Oleksandr Tkachenko,1993-02-19
176072,Kahraba,1994-04-13
181795,Jonathan Vervoort,1993-08-13
183168,Kenny McEvoy,1994-09-04
187292,Elroy Pappot,1993-04-20
191855,Alexandros Smyrlis,1993-02-07
192089,Ruca,1990-09-11
196238,Emmanuel Okoye,1991-04-04
200393,Bilal Kilic,1994-09-17
200789,Sefa Isci,1996-03-26
201139,Kristoffer Larsen,1992-01-19
202228,Milos Veljkovic,1995-09-26
204142,Marcus Solberg,1995-02-17
206364,Ricardo Moura,1988-12-14
207273,Sander Thomas,1997-06-26
210142,Charlie Took,1993-05-25
221659,Gonzalo Suárez,1994-04-22
222632,Jasper Van Der Heyden,1995-07-03
227199,Igor Soldat,1991-03-10
236509,Connor Ogilvie,1996-02-14
242792,Mustafa Altun,1993-01-26
243188,László Bénes,1997-09-09
243641,Sem de Wit,1995-03-30
247213,Alan Aussi,2001-06-30
247882,Fessou Euloge Placca,1994-12-31
249568,Thibault Vlietinck,1997-08-19
253722,Djibril Paye,1990-02-26
254985,Taulant Seferi,1996-11-15
258912,Luke Amos,1997-02-23
264402,Abdurrahman Ayhanoglu,1994-01-20
271446,Kiu,1995-01-04
271861,Crislan,1992-03-13
272699,Rick Hemmink,1993-02-14
272999,Miguel Almirón,1994-02-10
279255,Berg,1992-09-14
282897,Kristiyan Malinov,1994-03-30
289538,Kino Delorge,1998-01-05
294188,Dmytro Klyots,1996-04-15
296780,Anton Kotlyar,1993-03-07
297033,Fedor Osin,1994-02-10
303140,Mauricio Lemos,1995-12-28
308428,Mickael Leca,1994-07-04
314137,Eboue Kouassi,1997-12-13
315256,Mike Feigenspan,1995-08-05
320273,Benjamin Lund,1997-03-12
321884,Justin Shaibu,1997-10-28
322990,Benjamin Källman,1998-06-17
324736,Laurens Vermijl,1997-02-03
329393,Tarzan,1994-10-26
331634,Florian Mayer,1998-03-04
331977,François-Joseph Sollacaro,1994-03-21
333271,Ahmed Hassan,1995-12-09
333361,Chumi,1999-03-02
335012,Douglas,1993-02-11
335473,Pierre Zebli,1997-12-06
337805,Jorge Pereira,1998-03-10
339844,Zurab Ochigava,1995-05-18
340324,Eddie Nketiah,1999-05-30
340950,Diogo Jota,1996-12-04
343316,Sergiy Kosovskyi,1998-05-19
345582,Magnus Wörts,1999-02-08
358421,Jakob Johansson,1998-08-06
374283,Antony Evans,1998-09-23
374999,Josias Roulez,1996-12-26
378260,David Schnegg,1998-09-29
382533,Timur Pukhov,1998-06-17
388029,Luca Schuler,1999-03-22
388058,Benjamin Goller,1999-01-01
390664,Jacob Lungi Sörensen,1998-03-03
392154,Kaan Kurt,2001-12-21
398435,Kike Ríos,2000-01-21
400549,Magnus Kaastrup,2000-12-28
401717,Julio Villalba,1998-09-17
407577,Chima Akas,1994-05-03
412649,Tommaso Cassandro,2000-01-09
425713,Akin Famewo,1998-11-09
426509,Denys Sidelnyk,1995-06-05
427900,Ismail Esen,1998-02-08
427909,Jonathan Eriksen,1998-10-11
429099,Bogdan Melnyk,1997-01-04
434110,Leo Greiml,2001-07-03
435418,Hilmi Resiti,1997-07-29
438689,Robin Polley,1998-12-28
448587,Mikkel Basse,1996-08-31
454667,Augustas Dubickas,2001-03-17
461484,Frederik Ibsen,1997-03-28
462285,Fabian de Keijzer,2000-05-10
464068,Maxime Thiel,2001-08-06
465307,Jordy Gillekens,2000-02-18
471690,Max Aarons,2000-01-04
480425,Vitaliy Zhironkin,2000-03-10
481166,Hakim Ouro-Sama,1997-12-28
486604,Vitezslav Jaros,2001-07-23
490386,Jay-Dee Geusens,2002-03-05
491298,Ewoud Pletinckx,2000-10-10
503765,James Hillson,2001-01-14
503769,Arthur Okonkwo,2001-09-09
518723,Luizão,1998-02-20
521844,Kyrylo Kostenko,1998-12-04
529833,Riccardo Pigozzo,2000-02-26
533399,Marcus Gudmann,2000-02-27
534435,Joseph Paintsil,1998-02-01
537369,Adrián González,2000-03-20
540630,Jakub Ojrzynski,2003-02-19
557012,Trova Boni,1999-12-21
568693,Pape Matar Sarr,2002-09-14
569777,Alassane Ndao,1996-12-20
571467,Mark Medvedev,1998-04-19
574501,Lukas Willen,2003-04-25
574772,Lázaro,2002-03-12
578421,Ruben Kluivert,2001-05-21
578737,Enzo Martínez,1998-04-29
579287,Daniel Svensson,2002-02-12
583046,Medon Berisha,2003-10-21
587302,Clinton Antwi,1999-11-06
593071,Vitor Caetano,1999-07-01
594273,Jeremy Antonisse,2002-03-29
609556,William Osula,2003-08-04
610335,Iván Jaime,2000-09-26
618901,Sam McCallum,2000-09-02
622865,Batuhan Arslan,1999-01-09
623872,Patrick Leal,2003-02-21
645932,Emre Kaplan,2001-01-12
666563,Kelvin John,2003-06-10
667903,Youssuf Sylla,2002-12-19
667919,Talha Bulut,2001-04-28
668179,Carlos Álvarez,2003-08-06
696183,Kallum Cesay,2002-09-04
703685,Ahmet Ataberk Özden,2002-06-05
707221,Baptiste Rolland,2003-01-14
712107,Luiz Júnior,2001-01-14
727082,Mevlüthan Ekelik,2004-12-16
730581,Loïc Badé,2000-04-11
771911,Ilya Gadzhuk,2002-08-02
795140,Serdar Poyraz,2004-06-17
874705,Emir Kirecci,2003-08-28
880259,Engin Can Aksoy,2003-11-14
907619,Melvin Rémy,2003-07-19
926951,Johan Meyer,2004-01-05
939150,Sarantis Tselebakis,2005-11-02
1035982,Dmytro Chernysh,2004-08-10
1103981,Nathaniel Opoku,2001-07-22
568,Martin Stranzl,1980-06-16
735,Giuseppe Gemiti,1981-05-03
2201,Lukas Kruse,1983-07-09
3447,Ragnvald Soma,1979-11-10
4094,Frazer Richardson,1982-10-29
4384,Yves Lenaerts,1983-02-27
6645,Tranquillo Barnetta,1985-05-22
13073,Mohamed Messoudi,1984-01-07
13078,Pieter-Jan Monteyne,1983-01-01
13090,Kenny Thompson,1985-04-26
13867,Ricardo,1976-02-11
15047,Ronnie Bendtsen,1984-05-23
15921,Matt Jarvis,1986-05-22
17965,Hugo Lloris,1986-12-26
19715,Dejan Milovanovic,1984-01-21
22632,Cédric Hengbart,1980-07-13
22801,Guly,1981-12-31
24589,Wes Hoolahan,1982-05-20
24713,Nuno Santos,1980-06-19
24810,Stathis Rokas,1984-09-18
28436,Ajdin Mahmutovic,1986-04-06
28818,Luca Belingheri,1983-04-06
32727,Robbert te Loeke,1988-12-01
33785,Ryan Taylor,1984-08-19
34349,Richard Stearman,1987-08-19
36298,Marcin Kowalczyk,1985-04-09
37304,Shane Long,1987-01-22
38768,Luton Shelton,1985-11-11
42318,Konstantin Engel,1988-07-27
45306,Evandro Brandão,1991-05-07
45617,João Ribeiro,1987-08-13
48066,Andy Carroll,1989-01-06
52513,Henrique,1986-10-14
53556,Erman Kilic,1983-09-20
54275,André Santos,1983-03-08
58774,José Manuel Casado,1986-08-09
59349,Diego Mariño,1990-05-09
59931,Eren Albayrak,1991-04-23
62415,Panagiotis Tachtsidis,1991-02-15
65977,Aleksey Sapogov,1988-04-02
66386,Samuel Bouhours,1987-06-26
66923,Luke Freeman,1992-03-22
67704,Nikolaos Pantidos,1991-04-19
70689,Filippo Falco,1992-02-11
72829,Daouda Diakité,1983-03-30
73458,Anthony Lippini,1988-11-07
73960,Tiago Cintra,1989-07-05
75489,Niclas Füllkrug,1993-02-09
76076,Eñaut Zubikarai,1984-02-26
77853,Roman Loktionov,1986-10-18
78547,Novica Maksimovic,1988-04-04
79989,Serges Deblé,1989-10-01
80697,Léonard Kweuke,1987-07-12
82324,Stoppila Sunzu,1989-06-22
83951,Dries Wuytens,1991-03-18
84133,Humberto Osorio,1988-06-24
84817,Ross Jenkins,1990-11-09
84870,Francisco Silva,1986-02-11
84993,Daniel Heuer Fernandes,1992-11-13
85258,Mikel Balenziaga,1988-02-29
85686,Cumhur Yilmaztürk,1990-01-05
85753,Leonel Olímpio,1982-07-07
85774,Caetano,1991-04-20
85906,Danny da Costa,1993-07-13
85941,Stefan Ortega,1992-11-06
85964,Anderson Mineiro,1986-04-24
86079,Luca Siligardi,1988-01-26
86620,Marc Kibong Mbamba,1988-10-15
86751,Aristidis Lottas,1988-09-16
86811,Alex,1991-08-27
86826,Júlio Alves,1991-06-29
86930,Fabrice N'Sakala,1990-07-21
87650,Julian-Maurice Derstroff,1992-01-05
88082,Silvio Romero,1988-07-22
88647,Andreas Albers,1990-03-23
89461,Samba Sow,1989-04-29
89619,Niels De Schutter,1988-08-08
89637,William Rémy,1991-04-04
90255,Frantisek Kubik,1989-03-14
90836,Steve Cook,1991-04-19
91296,Assis,1989-10-04
91349,Aleksandr Zhabokritskiy,1981-01-29
92158,Abeiku Quansah,1990-11-02
92180,Robert Mak,1991-03-08
92248,Nicolai Larsen,1991-03-09
92635,Oleksandr Mandzyuk,1983-01-10
93104,Ferhat Kaplan,1989-01-07
93315,Henrik Dalsgaard,1989-07-27
93393,Darryl Lachman,1989-11-11
93736,Ousmane N'Diaye,1991-08-19
93744,Pape Paye,1990-05-31
94195,Marius Sauß,1992-08-05
94205,Kevin Scheidhauer,1992-02-13
94316,Aleksandar Kovacevic,1992-01-09
94559,Nils Quaschner,1994-04-22
94926,Oleksandr Kasyan,1989-01-27
95759,Kasper Larsen,1993-01-25
96676,Alexandros Kontos,1986-09-12
96761,Konstantinos Dafkos,1988-06-10
97166,Aboubakar Oumarou,1987-01-04
97616,Sotirios Papagiannopoulos,1990-09-05
97835,Dmytro Yeremenko,1990-06-20
99254,Luigi Sepe,1991-05-08
99348,Antonio Amaro,1992-04-23
99924,Tano Bonnín,1990-06-30
100113,Genaro Snijders,1989-07-29
100163,Sergiy Borzenko,1986-06-22
100240,Djamal,1983-04-26
101213,Pedro Obiang,1992-03-27
101657,Joey Suk,1989-07-08
102186,Arnor Angeli,1991-02-25
102258,Matthew Lowton,1989-06-09
103064,Terrence Boyd,1991-02-16
103278,Francesco D'Onofrio,1990-10-06
103950,Roman Emeljanov,1992-05-08
104509,André Felipe,1990-09-27
104586,Lee Tomlin,1989-01-12
106225,Jérémy Cordoval,1990-01-12
106618,Dmitri Andreev,1980-09-26
106643,Liam Kelly,1990-02-10
107427,Ikechi Anya,1988-01-03
107518,Parvizdzhon Umarbaev,1994-11-01
107662,Ruben Gabrielsen,1992-03-10
107872,Jonas Erwig-Drüppel,1991-07-20
108318,Pekin Kösnek,1991-09-18
108354,Jordan Ayew,1991-09-11
109314,Andriy Nesterov,1990-07-02
110028,Artem Chorniy,1989-10-23
110074,Bruno César,1988-11-03
110708,Fredrik Gulbrandsen,1992-09-10
110727,Jannes Vansteenkiste,1993-02-17
110865,Louis Laing,1993-03-06
110868,Ryan Tunnicliffe,1992-12-30
110925,Francesco Bardi,1992-01-18
111027,Rémi Pillot,1990-07-27
111037,Dominique Agostini,1989-09-28
111964,Mohammad Ghadir,1991-01-21
112052,Bruno Martins Indi,1992-02-08
112465,Sérgio Oliveira,1992-06-02
113358,Sofiane Hanni,1990-12-29
113586,Manoel,1990-02-26
113612,Sergiu Suciu,1990-05-08
113619,Emilijus Zubas,1990-07-10
114499,Özgür Ileri,1987-11-17
114935,Clévid Dikamona,1990-06-23
116648,Marcus Bettinelli,1992-05-24
117482,Cimo Röcker,1994-01-21
118056,Mavroudis Bougaidis,1993-06-01
118397,Alessandro Schöpf,1994-02-07
118582,Giorgi Rekhviashvili,1988-02-01
118997,Aitor Fernández,1991-05-03
119256,Charlton Vicento,1991-01-19
120706,Joe Mason,1991-05-13
121260,Conor McAleny,1992-08-12
121269,Ryan Watson,1993-07-07
121402,Ahmad Benali,1992-02-07
122116,Nicolas de Préville,1991-01-08
122155,Willian José,1991-11-23
122223,Sam Clucas,1990-09-25
122361,Aderinsola Habib Eseola,1991-06-28
122722,Elton Monteiro,1994-02-22
123258,Ivan Varone,1992-10-11
123286,Paul Anton,1991-05-10
123485,Ivan Chudin,1990-03-07
123513,Abel Tamata,1990-12-05
123521,Peter van Ooijen,1992-02-16
123601,Fotis Koutzavasilis,1989-03-11
123638,Frano Mlinar,1992-03-30
124172,Danny Ward,1990-12-09
124173,Fabrizio Poli,1989-05-26
124495,Tolis Vellios,1992-01-08
124502,Matthias Ginter,1994-01-19
124555,Cristiano Biraghi,1992-09-01
124889,Tom Overtoom,1990-11-20
125087,Thomas Juel-Nielsen,1990-06-18
125918,Lucas Villafañez,1991-10-04
125931,Toño García,1989-11-07
126550,Evan Chevalier,1992-05-13
126597,Paolo Grossi,1985-05-29
126710,Layvin Kurzawa,1992-09-04
126719,Juan Bernat,1993-03-01
127188,Maxime Dupé,1993-03-04
127325,Stanislav Murikhin,1992-01-21
127766,Yaya Banana,1991-07-29
127774,Harmony Ikande,1990-09-17
127987,Carles Gil,1992-11-22
128375,Bo-kyung Kim,1989-10-06
128906,Liam Moore,1993-01-31
128955,Leandro Chaparro,1991-01-07
129473,Rafinha,1993-02-12
129533,Oebele Schokker,1984-11-11
129554,Steven Berghuis,1991-12-19
129580,Alexander Corryn,1994-01-03
129702,Vasilios Golias,1985-06-01
130164,Jordan Pickford,1994-03-07
130196,Yevgen Kolesnyk,1990-01-13
130347,Filippo Boniperti,1991-09-27
130353,Hördur Magnússon,1993-02-11
131183,Perry Kitchen,1992-02-29
131275,Anthony Lozano,1993-04-25
131694,Olarenwaju Kayode,1993-05-08
131758,Jesse Joronen,1993-03-21
131821,Thomas Lam,1993-12-18
132000,Iosif Lampropoulos,1988-01-18
132647,Nikolaos Tsoumanis,1990-06-08
133810,Jeff Mensah,1992-08-10
134277,Julian Jeanvier,1992-03-31
134400,Kadú,1994-11-30
134497,Ibrahima Balde,1989-04-04
134609,Mykola Gibalyuk,1984-05-21
135490,Lindsay Rose,1992-02-08
135557,Kieran Felix,1990-08-09
135853,Manuel Lanzini,1993-02-15
136304,Hasan Türk,1993-03-20
136641,Dimitrios Diamantakos,1993-03-05
137162,Cedrick,1992-03-08
138584,Luka Krajnc,1994-09-19
138652,Luís Sousa,1989-07-22
138736,Alpaslan Öztürk,1993-07-16
138741,Mario Situm,1992-04-04
138927,Daniel Carvajal,1992-01-11
139336,Paulo Oliveira,1992-01-08
139339,João Amorim,1992-07-26
139546,Konstantinos Theodoropoulos,1990-03-27
139887,Manolis Stefanakos,1989-08-17
139955,Emanuel Herrera,1987-04-13
140446,Rilwan Hassan,1991-02-09
140497,Florentin Pogba,1990-08-19
141210,Lee Oliveira,1988-03-09
141828,Kara Mbodj,1989-11-11
142310,Willy Boly,1991-02-03
142370,Mathías Abero,1990-04-09
142513,Gary Martin,1990-10-10
143121,Melvyn Lorenzen,1994-11-26
143812,Matías Vecino,1991-08-24
143850,Georgios Katidis,1993-02-12
144863,Josh Mullin,1992-09-23
145918,Diogo Salomão,1988-09-14
145919,Arsen Khubulov,1990-12-13
146805,Majeed Waris,1991-09-19
147573,Sebastian Andersson,1991-07-15
147998,Florentin Matei,1993-04-15
148118,Dmitriy Kabutov,1992-03-26
148597,Clément Maury,1985-11-20
148657,Tomas Kalas,1993-05-15
148751,Bruno Peres,1990-03-01
149444,Saliou Ciss,1989-09-15
149579,Elbasan Rashani,1993-05-09
149618,Wouter Moreels,1985-06-06
149809,Zan Benedicic,1995-10-03
149810,Matija Boben,1994-02-26
155423,Varazdat Haroyan,1992-08-24
155960,Lukas Spalvis,1994-07-27
155972,Bilel Mohsni,1987-07-21
156115,Valeri Qazaishvili,1993-01-29
156304,Arnaud Biatour,1989-12-12
156891,Jonxa Vidal,1991-07-20
156892,Eder Vilarchao,1990-02-09
157849,Lukasz Teodorczyk,1991-06-03
158816,Jordan Obita,1993-12-08
158865,Magomed Mitrishev,1992-09-10
159288,Arlind Ajeti,1993-09-25
159720,Andelko Savic,1993-03-11
160188,Marcão,1992-03-06
160222,Uros Spajic,1993-02-13
160241,Kevin Akpoguma,1995-04-19
160893,Konstantinos Peristeridis,1991-07-05
161099,Steven Somers,1991-08-08
161244,Conor O'Brien,1988-10-20
161251,Jorge Casado,1989-06-26
161486,Scott Gray,1994-07-22
162074,Álvaro Vadillo,1994-09-12
163214,Riccardo Anedda,1993-07-08
163264,Giovanni Di Noia,1994-07-03
163481,Yuri Glushko,1991-02-05
163489,Riccardo Improta,1993-12-19
163542,Alberto Almici,1993-01-11
163581,Nadir Minotti,1992-05-16
163656,Connor Goldson,1992-12-18
164108,Bruno Martella,1992-08-14
164164,Jacopo Murano,1990-02-14
164498,Kenan Bargan,1988-10-25
164501,Christos Koukolis,1990-04-26
164836,Szabolcs Varga,1995-03-17
164925,Anice Badri,1990-09-18
165008,Pablo Iñiguez,1994-01-20
165381,Dario Zuparic,1992-05-03
165794,Kosuke Nakamura,1995-02-27
166038,Scott Basalaj,1994-04-19
166273,Temuri Bukia,1994-04-02
166581,Yevgen Volynets,1993-08-26
166591,Rodrigo Rey,1991-03-08
166608,Pasquale De Vita,1994-03-03
166647,Armand Ella,1993-02-23
166959,Mustafa Saymak,1993-02-11
167032,Ilya Mykhalyov,1990-07-31
167093,Aleksandar Pantic,1992-04-11
167228,Raúl Lizoain,1991-01-27
167342,Adrian Grbic,1996-08-04
167876,Moreno Beretta,1993-05-28
167959,Graham Webster,1992-05-15
168041,Mykhaylo Shyshka,1994-07-05
168106,Carlos Servín,1987-05-24
168376,Sergiy Shapoval,1990-02-07
169504,Gilles Lentz,1992-02-01
170478,Axel Ngando,1993-07-13
170650,Oguz Gürbulak,1992-08-10
170961,Thomas Delaine,1992-03-24
171069,Tiago Lopes,1989-01-04
171133,Martin Laing,1993-12-02
171261,Oltan Karakullukcu,1991-07-07
171312,Ricardo Campos,1985-07-14
171424,Riyad Mahrez,1991-02-21
172665,Yusuf Mersin,1994-09-23
174304,Rémy Dugimont,1986-07-01
174984,Teteh Bangura,1989-12-27
175440,Jovan Stojanovic,1992-04-21
175961,Ole Selnaes,1994-07-07
176285,Isaac Cuenca,1991-04-27
176406,Oleksiy Bashtanenko,1994-03-16
176850,A.J. Soares,1988-11-28
177184,Nuno Valente,1991-11-22
177276,Bogdan Sarnavskyi,1995-01-29
177776,César,1992-01-27
178425,Dani García,1990-05-24
178614,Jean Michaël Seri,1991-07-19
179860,Andraz Sporar,1994-02-27
180844,Thomas Huijben,1993-01-14
181118,Tomasz Kedziora,1994-06-11
181190,Ilya Zuev,1994-01-25
181778,Emerson,1994-08-03
182200,Emmanuel Okwi,1992-12-25
182305,Sören Mussmann,1993-06-29
182367,Kevin Ray Mendoza,1994-09-29
183283,Jordan Graham,1995-03-05
183334,Patrick Bamford,1993-09-05
183499,Shkodran Maholli,1993-04-10
183646,Diego,1988-05-15
183771,Ellis Plummer,1994-09-02
183837,Gregor Zabret,1995-08-18
184397,Tom Hopper,1993-12-14
185764,Charles Banya,1993-09-18
185922,Samet Önger,1991-09-19
186187,Franco Simoës,1992-06-16
186368,Valentino Lazaro,1996-03-24
186862,Enzo Roco,1992-08-16
187015,Babacar Sarr,1991-02-15
187047,Simon Skrabb,1995-01-19
187460,Vyacheslav Krotov,1993-02-14
187744,Ayanda Patosi,1992-10-31
189521,Jorman Aguilar,1994-09-11
190145,Bryan Roox,1992-11-05
190185,Marcelo,1989-07-27
190263,Predrag Rajković,1995-10-31
190272,Tomislav Tomic,1990-11-16
191902,Mario Jelavic,1993-08-20
191903,Ferjani Sassi,1992-03-18
192279,Kepa Arrizabalaga,1994-10-03
192500,Alex Harris,1994-08-31
192897,Adi Mehremic,1992-04-26
193071,Adam Asghar,1994-07-26
193078,Zaine Francis-Angol,1993-06-30
193097,Jordan Moore,1994-02-19
193217,Damjan Siskovski,1995-03-18
194998,Edison Flores,1994-05-14
195214,Peter Haring,1993-06-02
197122,Unai García,1992-02-03
197126,Kenan Kodro,1993-08-19
197678,Nikomanolis Nyktaris,1992-09-04
198015,Jefté Betancor,1993-07-06
199064,Daniele Vacondio,1994-04-01
199528,Josh Murphy,1995-02-24
199597,Giuseppe Zampano,1993-09-30
199958,Oguz Yilmaz,1993-01-01
200202,Euan Spark,1996-11-29
200481,Simone Aldrovandi,1994-04-02
200779,Yordy Reyna,1993-09-17
202977,Luca Iotti,1995-11-09
203054,Salvatore Falso,1994-04-11
203150,Ignacio Jeraldino,1995-12-06
203323,Victor Andrade,1995-09-30
203324,Christophe Vincent,1992-11-08
203517,Steven Moreira,1994-08-13
203532,Naby Sarr,1993-08-13
204487,Guga Palavandishvili,1993-08-14
205760,Alexander Jeremejeff,1993-10-12
206050,Paulo Dybala,1993-11-15
206430,Albert Roussos,1996-02-22
206930,Paul Kok,1994-12-21
206950,Salimo Sylla,1994-01-25
207037,Dan Potts,1994-04-13
210631,Davide Zagnoni,1995-02-19
210921,Nick Bakker,1992-07-21
210983,Tomislav Gomelt,1995-01-07
212847,Adam Webster,1995-01-04
213539,Matheuzinho,1993-02-21
213590,Federico Freire,1990-11-06
213671,Mitchel Paulissen,1993-04-21
213846,Islambek Kuat,1993-01-12
214243,Dmitriy Efremov,1995-04-01
214250,Otar Kakabadze,1995-06-27
214441,Dimitrios Konstantinidis,1994-06-02
214631,Nikolaos Katharios,1994-10-07
214666,Connor Roberts,1995-09-23
214860,Konstantinos Manolas,1993-03-26
215336,Cedric Badjeck,1995-01-25
215528,Joseph Barbato,1994-08-11
217274,Tim Waker,1994-01-04
217656,Godfrey Oboabona,1990-09-16
218085,André Römer,1993-07-18
221306,Momar Ndoye,1992-03-10
221624,Zack Steffen,1995-04-02
222223,Marko Jankovic,1995-07-09
223864,Pa Konate,1994-04-25
223974,Stefan Posch,1997-05-14
224098,Javi Rey,1991-02-20
225083,N'Golo Kanté,1991-03-29
225462,José Mari,1987-12-06
227087,Patrick Kammerbauer,1997-02-11
227110,Jordan Torunarigha,1997-08-07
227873,Hugo Basto,1993-05-14
227954,Mario Gómez,1992-10-06
228433,Wendell,1993-07-20
228604,Luca Crecco,1995-09-06
228761,Jony,1991-07-09
228891,Jordan Adéoti,1989-03-12
229081,Alireza Beiranvand,1992-09-21
230233,Peli,1992-02-01
230895,Alberto Guitián,1990-07-29
231776,Carlos Cristeto,1994-05-13
233654,Francesco Fedato,1992-10-15
234053,Iraklis Garoufalias,1993-05-01
234189,Mahmoud Trezeguet,1994-10-01
234509,André Onana,1996-04-02
234615,Yaroslav Maloletkov,1996-07-09
234793,Nikolaos Kourellas,1993-05-22
234811,Rui Silva,1994-02-07
235108,Luuk Koopmans,1993-11-18
235355,Alhaji Kamara,1994-04-16
235643,Bruno Alves,1990-06-09
235648,Jacques Alberto Ngwem,1992-08-03
235770,Calum Ferguson,1995-02-12
235822,Francesco Karkalis,1995-01-19
236168,Brandon Mechele,1993-01-28
237846,Edmílson Junior,1994-08-19
238488,Leonardo,1988-04-09
239255,Guillaume Dequaire,1990-07-11
239783,Petar Golubovic,1994-07-13
240057,Gijs Brouwers,1996-01-21
240219,Lorenzo Venuti,1995-04-12
240244,Cristian Dell'Orco,1994-02-10
240306,Bruno Fernandes,1994-09-08
240374,Lorenzo Dall'Osso,1995-05-26
240639,Altug Tas,1996-01-10
240658,Eros Castelletto,1995-08-11
241546,Thomas Agyiri,1994-04-28
242288,Luke Johnston,1993-09-03
242548,Fede Cartabia,1993-01-20
242550,Edoardo Oneto,1996-02-23
243668,Riccardo Calder,1996-01-26
243714,Kingsley Coman,1996-06-13
244067,Wade Joyce,1994-05-01
244255,Adam Hodge,1997-01-31
244290,Jake Gray,1995-12-25
244945,Jannick Theißen,1998-01-07
245015,Damir Bartulovic,1996-02-22
245023,Djordje Denic,1996-04-01
245034,Jon Gorenc Stankovic,1996-01-14
245072,Stipe Perica,1995-07-07
246277,Burgui,1993-10-29
248024,Gustav Engvall,1996-04-29
249217,Serhii Zagidulin,1992-03-26
249565,Youri Tielemans,1997-05-07
251028,Nika Kacharava,1994-01-13
251086,Recep Karabacak,1998-03-09
251912,Semi Ajayi,1993-11-09
252712,Martin Chrien,1995-09-08
253855,Michael Fabbro,1996-05-10
255488,Yeray Álvarez,1995-01-24
255892,Josema,1996-06-06
256772,Emirhan Aydogan,1997-06-26
257489,Argyris Synanis,1988-02-18
257580,Ufuk Sonay,1994-12-28
257988,Leeroy Owusu,1996-08-13
259869,Vladyslav Nekhtiy,1991-12-19
259988,Andrej Simunec,1995-03-02
261071,James Efmorfidis,1996-01-18
261406,Seung-woo Ryu,1993-12-17
262226,Timothy Castagne,1995-12-05
262474,Yony González,1994-07-11
262718,Dzhamaldin Khodzhaniyazov,1996-07-18
262972,Jherson Vergara,1994-05-26
263294,Serge N'Guessan,1994-12-17
263361,Maximilian Wöber,1998-02-04
263628,Arturo Mina,1990-10-08
264191,Harry Charsley,1996-11-01
264423,Mikael Uhre,1994-09-30
264737,Simon van Zeelst,1994-02-23
264748,Rodney Kongolo,1998-01-09
265586,Bilal Jellal,1996-03-28
266775,Federico Bravo,1993-10-05
267433,Iván Rossi,1993-11-01
268506,Fabrizio Angileri,1994-03-15
268606,Ilmari Niskanen,1997-10-27
268732,João Camacho,1994-06-23
268946,José Antonio Caro,1994-05-03
268995,Yerjet Yerzat,1993-01-04
269510,Canberk Dilaver,1993-06-01
269553,Abraham Attobrah,1995-03-15
270240,Dráusio,1991-08-21
271384,Igor Khaymanov,1994-03-26
272644,Jordan Tell,1997-06-10
273776,Yusupha Bobb,1996-06-22
273869,Brahim Barmaki,1993-08-11
274466,Kubilay Aktas,1995-01-29
274811,Raymond Gyasi,1994-08-05
274839,Wilfred Ndidi,1996-12-16
275159,Mikhail Kostyukov,1991-08-09
275671,Anil Demir,1996-11-04
275685,Furkan Yaman,1996-01-08
275939,Rigino Cicilia,1994-09-23
276050,Jose Antonio Peral,1992-03-06
276596,Cristian Tissone,1988-02-08
276689,Jakob Andreasen,1994-02-25
277221,Denis Vambolt,1995-03-24
277384,Martin Valjent,1995-12-11
277428,Zackarias Faour,1998-01-30
277772,Daan Rienstra,1992-10-06
277777,Andriy Totovytskyi,1993-01-20
278648,Furkan Simsek,1997-07-17
278702,Faycal Rherras,1993-04-07
278857,Dmytro Zaderetskyi,1994-08-03
279242,Zelimkhan Bakaev,1996-07-01
279992,Vladislav Pavlyuchenko,1996-02-14
280076,Semen Datsenko,1994-05-10
281437,Élder Santana,1993-04-07
281979,Sergi González,1995-05-26
282076,Ianis Hagi,1998-10-22
282513,Fabrício Baiano,1992-06-13
282544,Emiliano Rigoni,1993-02-04
282631,Nicolás Maná,1994-03-25
283060,Lorenzo Dickmann,1996-09-24
283223,Emre Mor,1997-07-24
283962,Manuel Delgado,1995-04-09
284983,Nikolaos Kalfas,1991-03-23
285663,Andrés Schetino,1994-05-26
285771,Roger Martínez,1994-06-23
285796,Lorenzo Simonetti,1996-08-28
285929,Lorenzo Benucci,1996-11-22
286181,Emmanuel Mensah,1994-06-30
287188,Dejan Ljubicic,1997-10-08
287747,Lorenzo Capezzani,1996-02-20
288121,Janio Bikel,1995-06-28
288233,Nick Doodeman,1996-10-22
288453,Antonio Domínguez,1993-04-04
288511,Shi Tang,1995-01-24
288853,Sergiy Gorbunov,1994-03-14
288854,Sékou Condé,1993-06-09
289791,Kieran O'Hara,1996-04-22
290032,Kevin Rüegg,1998-08-05
290087,Matteo Biggeri,1996-04-25
290388,Rafael Ramos,1995-01-09
290537,Jean Butez,1995-06-08
290754,Malick Mbaye,1995-11-06
290951,Aboubakar Kamara,1995-03-07
291140,Cédric Yambéré,1990-11-06
291177,Nicky Cadden,1996-09-19
291981,Djavan,1987-12-31
292281,Simãozinho,1995-05-31
292361,Manolis Patralis,1997-02-06
292417,Demarai Gray,1996-06-28
292570,Yevgen Martynenko,1993-06-25
292665,Ante Blazevic,1996-05-05
292717,Giorgi Arabidze,1998-03-04
293108,Ruslan Mamutov,1993-08-19
293200,Nikola Vlasic,1997-10-04
293281,Jacob Bruun Larsen,1998-09-19
293327,Jeppe Schultz,1998-08-20
293395,Gyeol-hee Jang,1998-04-04
294772,Ali Gholizadeh,1996-03-10
294808,Franck Kessié,1996-12-19
294873,Thiago Maia,1997-03-23
295008,Cagatay Ceken,1992-05-18
295342,Musa Muhammed,1996-10-31
295622,Keidi Bare,1997-08-28
295696,Pavlos Kyriakidis,1991-09-03
296919,Yasin Dülger,1995-10-25
297444,Luca Magnino,1997-08-13
297772,Arsen Siukaev,1996-03-07
298975,Pol Lirola,1997-08-13
300146,Vasiliy Cherov,1996-01-13
301677,Yunus Gül,1995-02-02
301696,Stijn van Gassel,1996-10-18
304762,Barry Cuddihy,1996-12-19
305423,Ivan Zotko,1996-07-09
306222,Sergen Picinciol,1995-10-11
307494,Erol Alkan,1994-02-16
307781,Lynden Gooch,1995-12-24
309414,Frederik Börsting,1995-02-13
309784,Panagiotis Kynigopoulos,1996-09-24
310708,Orkun Özdemir,1995-04-23
312712,Malte Kiilerich,1995-10-16
312716,Olivier Rommens,1995-02-03
312799,Vadym Paramonov,1991-03-18
313113,Álex López,1997-06-02
314266,Jonathan Leko,1999-04-24
314468,Andrea Mandelli,1997-07-12
314942,Bruno Lourenço,1998-02-02
314947,Arno Monsecour,1996-01-19
314970,Madi Queta,1998-10-21
315310,Jairo,1992-05-06
315312,Juanma García,1993-02-20
315753,Emircan Altintas,1995-07-15
315762,Luca de la Torre,1998-05-23
315865,Andrea Pinamonti,1999-05-19
315970,Nadjack,1994-02-06
316293,Furkan Kesikbas,1995-11-11
317420,Fatih Ciplak,1994-01-27
317582,Richelo Fecunda,1996-06-06
318413,Roman Denisov,1999-04-14
318707,Karlo Letica,1997-02-11
319253,Alexandru Tirlea,2000-03-28
319301,Daniel James,1997-11-10
320247,Artem Sitalo,1989-08-01
320811,Alexandros Triantafyllopoulos,1997-01-10
320915,Cy Goddard,1997-04-02
321600,Giannis-Alexandros Stogios,1991-07-26
322655,Flavius Daniliuc,2001-04-27
323831,Rafael Borré,1995-09-15
324152,Joel Nouble,1996-01-19
324174,Tom Vermeire,1995-05-14
324690,Jonathan Ikoné,1998-05-02
324760,Kilian Jakob,1998-01-25
324829,Anthony Maisonnial,1998-03-23
324851,Christoph Daferner,1998-01-12
324882,Marvelous Nakamba,1994-01-19
325104,Josh Ginnelly,1997-03-24
327757,Krzysztof Piatek,1995-07-01
327861,Kelvin Ebuka Nwamora,1993-10-31
328105,Tim Blättler,1994-09-04
328658,Kristoffer Ajer,1998-04-17
328874,Joey Roggeveen,1998-03-20
328966,Christos Paschalakis,1995-02-01
329145,Diego Carlos,1993-03-15
329519,Dinis Almeida,1995-06-28
330876,Kubilay Kanatsizkus,1997-03-28
331496,Valery Fernández,1999-11-23
331571,Bryan Willems,1995-07-16
332129,Valeriy Boldenkov,1994-09-08
332560,Deiver Machado,1993-09-02
333200,Anastasios Fragoulis,1995-07-25
333633,Bruno Santos,1993-02-07
334446,Pavel Shadrin,1993-01-14
334632,Rafael Assis,1990-10-31
334998,Robin Kehr,2000-02-22
335636,Ali Kazimi,1997-06-30
335725,Shapi Suleymanov,1999-12-16
336103,Pibe,1996-01-31
336246,Muhammed Rasit Sahingöz,1996-03-29
336324,Daniels Ontuzans,2000-03-07
336565,Aleksandr Kleshchenko,1995-11-02
337135,Alessandro Salvetti,1997-04-05
337385,Riccardo Gatti,1997-03-30
337946,Jairo Izquierdo,1993-10-22
338066,Mustafa Ethem Erboga,1999-01-11
338672,Zinho Vanheusden,1999-07-29
338803,Furkan Akbulut,1996-11-13
339051,Murat Saglam,1998-04-10
339323,Hennos Asmelash,1999-07-01
339340,Tyrell Malacia,1999-08-17
340172,Lindon Selahi,1999-02-26
340205,Gorka Guruzeta,1996-09-12
340206,Andoni López,1996-04-05
340251,Burak Kapacak,1999-12-08
340256,Samuel Delli Carri,1997-11-26
340292,Matteo Procopio,1996-07-04
340521,Guilherme Ramos,1997-08-11
340921,Jake Doyle-Hayes,1998-12-30
341277,Sergio Lozano,1999-03-24
341466,Tobias Mölgaard,1996-07-22
341649,Abdulsamed Damlu,1999-07-25
342148,Zé Gomes,1999-04-08
342226,Irvin Cardona,1997-08-08
342229,Kylian Mbappé,1998-12-20
342230,Ilyes Chaïbi,1996-10-12
342995,Utku Yuvakuran,1997-11-02
343154,Igor Bykovskyi,1996-09-05
343155,Levan Makharadze,1993-08-14
343491,Renat Mochulyak,1998-02-15
343494,Vladyslav Shkinder,1998-12-29
344323,Patrik Myslovic,2001-05-28
344392,Fernando Fonseca,1997-03-14
344395,Jorge Fernandes,1997-04-02
344519,Bruno Costa,1997-04-19
344595,Aurélien Nguiamba,1999-01-18
345053,Diogo Gouveia,1995-01-25
345172,Fabien Garcia,1994-07-14
345343,James McGarry,1998-04-09
346289,Mouctar Diakhaby,1996-12-19
346561,Luca Ranieri,1999-04-23
347100,Jonathan Cafu,1991-07-10
347618,Luke Watt,1997-06-20
348549,Álex García,1994-02-07
348553,Pablo Clavería,1996-04-01
348863,Juninho Bacuna,1997-08-07
349033,Riccardo Cappa,1999-04-29
349513,Neris,1992-06-17
349699,Kyle Duncan,1997-08-08
349952,Ian Pereira,1996-11-05
350049,Maksim Mashnev,1993-01-12
350311,Hélder Ferreira,1997-04-05
351751,Rodrigo Borges,1998-08-05
352663,Lorenzo Migliorelli,1998-05-03
352702,Andrea Morello,1997-07-16
352764,Filipe Cardoso,1994-06-02
353567,Takuma Nishimura,1996-10-22
355335,Adrián Diéguez,1996-02-04
355924,Luca Sparandeo,1999-08-18
356640,Paul Will,1999-03-01
357780,Davor Matijas,1999-08-23
357785,Geraldo,1992-10-22
357967,Lasse Sörensen,1999-10-21
357983,Simone Ghidotti,2000-03-19
358166,Eldor Shomurodov,1995-06-29
358250,Joseph Aidoo,1995-09-29
360451,Mingiyan Beveev,1995-11-30
361035,Teddy Chaouche,1996-02-07
362086,Isi Palazón,1994-12-27
362184,David Otto,1999-03-03
362743,Khalid Shakhtiev,1997-05-15
363178,Giacomo Vrioni,1998-10-15
364857,Falaye Sacko,1995-05-01
365108,Dan Ndoye,2000-10-25
366278,Rodrigo Pinho,1991-05-30
367195,Dan Agyei,1997-06-01
367464,Luís Maximiano,1999-01-05
368898,Juan Torres,1999-07-26
369081,Federico Valverde,1998-07-22
369085,Aaron Mitchell,1996-04-14
369153,Daniil Solomakha,1996-06-12
369171,Niall Ennis,1999-05-20
369554,Mats Deijl,1997-07-15
369673,Robert Kakeeto,1995-05-19
369674,Joakim Maehle,1997-05-20
370130,Dennis Hettinga,1995-09-12
370863,Paolo Medina,1999-05-28
371141,Stanley Nsoki,1999-04-09
371307,Marcus Bobjerg,1998-01-26
371628,Evgeniy Nazarov,1997-04-07
371851,Jaka Bijol,1999-02-05
372362,Yuriy Toma,1996-04-27
373374,Brian Mansilla,1997-04-16
373379,Giuseppe Borello,1999-04-28
374016,Justin Johnson,1996-08-27
374279,Lanre Kehinde,1994-05-07
375137,Ismail Jakobs,1999-08-17
375777,Malthe Dahl Overgaard,1996-02-28
376306,Wellington Carvalho,1992-11-21
376589,Eneko Jauregi,1996-07-13
378317,Jarno Abbel,1999-01-14
378866,Alan Schons,1993-05-24
379168,Noah Fadiga,1999-12-03
379603,Brandon Haunstrup,1996-10-26
379869,Arthur Desmas,1994-04-07
380598,Santi Comesaña,1996-10-05
381250,Benjamin Leneis,1999-03-08
382528,Kerem Aktürkoglu,1998-10-21
382552,Mace Goodridge,1999-09-13
383430,Bertug Bayar,1996-10-31
384575,Mun-ki Hwang,1996-12-08
385084,Fran Manzanara,1996-09-12
386552,Lassana Coulibaly,1996-04-10
386576,Simone Mancini,1999-01-07
387197,Etienne Vaessen,1995-07-26
388188,Alpay Celebi,1999-04-04
388820,Levent Mercan,2000-12-10
388985,Nikita Goldobin,1997-03-03
389564,Cléber,1992-05-05
390108,Stathis Chatzilabros,1997-06-24
390177,Nedim Bajrami,1999-02-28
391049,Gabriel Meli,1999-02-05
391683,Alessio Rollandi,1999-07-06
391719,Domingos Quina,1999-11-18
392521,Erasmo Mulè,1999-06-13
392569,Gabriele Zappa,1999-12-22
392881,Antonio Candela,2000-04-27
392924,Francesco Verde,2000-03-18
393436,Aly Abeid,1997-12-11
393451,Luiz Domingues,1988-09-28
394285,Víctor Campuzano,1997-05-31
395632,Marios Vrousai,1998-07-02
395659,Ivan Sergeev,1995-05-11
395706,Charly Beber Serreri,1998-11-20
395805,Massimiliano Mangraviti,1998-01-24
396123,Mohcine Hassan,1994-09-30
396174,Jimmy Dunne,1997-10-19
396410,Orest Tkachuk,1998-01-06
396441,Mika Borges,1997-06-27
396516,Nicholas Opoku,1997-11-08
396536,Roman Vantukh,1998-07-04
397171,Gideon Mensah,1998-07-18
397797,Giovanni Pinto,1991-09-19
398163,Gonzalo Villar,1998-03-23
398398,Callum Buckley,1996-01-12
398849,Denis Mashkin,1996-07-16
398851,Aleksandar Vukotic,1995-07-22
399434,Marcus Tavernier,1999-03-22
400419,Ben McKenzie,1997-10-20
401173,Jadon Sancho,2000-03-25
401768,Wesly Decas,1999-08-11
402117,Jules Keita,1998-07-20
402887,Anastasios Chatzigiovanis,1997-05-31
402957,Marios Kostoulas,1996-03-12
404847,Oleksiy Khakhlyov,1999-02-06
404849,Oleksiy Kashchuk,2000-06-29
405398,Takefusa Kubo,2001-06-04
406633,Nya Kirby,2000-01-31
409592,Francesco Golfo,1994-09-05
410322,Pedro Martelo,1999-10-12
411563,Rafael Gava,1993-05-20
412041,Álex Millán,1999-11-07
412513,Thomas Henry,1994-09-20
412616,Giorgi Chakvetadze,1999-08-29
412828,Hugo Roussey,1997-01-02
412933,Liam van Gelderen,2001-03-23
413948,Burak Turan,1996-11-11
415194,Bakery Jatta,1998-06-06
415679,Nassim Hnid,1997-03-12
415701,Alexis Larriere,1997-03-20
416487,Manolis Dine,2000-02-09
418557,Johan Hove,2000-09-07
419366,Caner Güler,1997-12-30
419596,Saturday Erimuya,1998-01-10
419924,Lars van Meurs,1999-05-20
420243,Jurrien Timber,2001-06-17
421726,Keita Endo,1997-11-22
423166,Pipa,1998-01-26
423444,Fran Beltrán,1999-02-03
423909,Sören Bugge Jepsen,2000-05-12
424014,Josh McPake,2001-08-31
424145,Oleksandr Mashnin,1990-03-20
425544,Iván Amores,1997-05-27
425902,Ryan Yates,1997-11-21
426120,Viktor Patrashko,1998-09-26
427107,Rodolfo Cardoso,1997-10-13
428954,Stéphane Diarra,1998-12-09
430120,Maksym Bah,1997-07-14
430483,Danil Pelikh,2001-01-02
431393,Dylan Lambrecth,1992-11-13
432772,Samuel Grandsir,1996-08-14
432960,Lourency,1996-01-02
432982,Andreas Skov Olsen,1999-12-29
433685,Eetu Vertainen,1999-05-11
433805,Patrick Vroegh,1999-11-29
434515,Melvin Neves,1996-02-23
434602,Aritz Arambarri,1998-01-31
435331,Matheus Jesus,1997-04-10
435665,Vladyslav Khomutov,1998-06-04
435796,Kilian Fischer,2000-10-12
441238,Yannick Brugger,2001-01-17
442337,Filip Stuparevic,2000-08-30
443263,Abou Ouattara,1999-12-26
446767,Steve Lawson,1994-08-08
447257,Andrey Egorychev,1993-02-14
449151,Junior Messias,1991-05-13
450196,Ugochukwu Oduenyi,1996-02-03
450829,Ross Fleming,1999-08-09
451576,Nathan Markelo,1999-01-07
452218,Aleksandar Cirkovic,2001-09-21
452291,Kenneth Deceuninck,1997-11-05
452298,Marvin Ivanof,1996-02-18
452876,Eden Massouema,1997-06-29
453362,Anton Fedyushkin,1997-06-21
453483,Igor Bogach,1996-05-03
453845,Idé Colubali,1994-01-01
457736,Tijjani Noslin,1999-07-07
457947,Joost Mangert,1999-08-20
458537,Tobias Börkeeiet,1999-04-18
460114,Nicolò Radaelli,2001-03-17
460246,Nikolaos Bikiaris,1996-06-19
460611,Destan Bajselmani,1999-05-13
460658,Christian Koffi,2000-08-28
461613,Christian Gómez,2000-05-18
462984,Bogdan Zorin,2000-01-16
463600,Lucas Chevalier,2001-11-06
463616,Sacha Semaoun,2001-02-07
463737,Rik Vercauteren,2001-06-08
465606,Halil Dervisoglu,1999-12-08
465857,Vuko Vujovic,2000-02-29
465950,Alex Denny,2000-04-12
466336,Nahuel Ferraresi,1998-11-19
467244,Kyrylo Melichenko,1999-06-07
467312,Mustafa Kapi,2002-08-08
467474,Murat Aktas,1998-02-26
469082,Roy Kuijpers,2000-01-17
470394,Kenneth Taylor,2002-05-16
471691,Joey Kesting,2001-03-07
472176,Salvatore Boccia,2001-06-06
473917,Eren Bilen,2000-12-02
476100,Diego Barrios,1994-07-30
476142,Leon Sabua,2000-09-01
476275,Nikita Gvineyskiy,1998-12-28
477476,Connor van den Berg,2001-03-18
477927,Atakan Gündüz,2001-01-01
477930,Ridvan Yilmaz,2001-05-21
477938,Ali Yavuz Kol,2001-01-29
477979,Rein Smit,2001-01-05
479675,Leonardo Rocha,1997-05-23
480424,Danila Emeljanov,2000-01-23
481623,João Ferreira,2001-03-22
484743,Gabriel Barès,2000-08-29
485658,Kirill Folmer,2000-02-25
485672,Elijah Just,2000-05-01
485729,Fashion Sakala,1997-03-14
487474,Francisco Conceição,2002-12-14
487969,Randal Kolo Muani,1998-12-05
491598,Fernando Cardozo,2001-02-08
491966,Serkan Asan,1999-04-28
495488,Rasmus Vinderslev,1997-08-12
495600,Álvaro García,2000-06-01
495963,Richie Musaba,2000-12-06
495993,Dion Sanderson,1999-12-15
496601,Tyrone Tormin,2001-06-29
496921,Zaim Divanovic,2000-12-09
501743,Koki Saito,2001-08-10
502239,Michel-Ange Balikwisha,2001-05-10
502475,Samuele Vitale,2002-08-20
502511,Enzo Valentim,2000-09-11
503212,Aziz,1998-11-10
503884,Allan Delferriere,2002-03-03
503987,Noni Madueke,2002-03-10
504507,Kyle John,2001-02-13
505463,Oleksandr Syrota,2000-06-11
506189,Flynn Downes,1999-01-20
510325,Blas Alonso,1997-02-08
510990,Julen Azkue,1995-09-21
511522,Rúben Gonçalves,1998-12-23
514297,Reynaldo,1997-01-03
515051,Aleksandr Silyanov,2001-02-17
516749,Vladislav Shitov,2003-05-07
517821,Nikolay Sysuev,1999-05-19
517862,Giannis Panagiotou,1997-03-28
520054,Moïse Sakava,2000-12-26
520468,Iago,1997-03-23
520580,Scott Glover,2000-11-16
522091,Renan Oliveira,1997-05-08
522403,Raël Nzeza,1999-06-05
523476,Thomas Santos,1998-10-10
524610,Thomas Candeloro,2000-05-29
524937,Álex Domínguez,1998-07-30
526784,Amadou Ciss,1999-04-10
527304,Yaw Moses,1999-01-07
527964,Migue Leal,1997-02-01
528915,Alexander Ammitzböll,1999-02-17
529841,Mattia Zennaro,2000-08-03
530258,Dean Huiberts,2000-05-16
531065,Oussama El Azzouzi,2001-05-29
533657,Lewis Brunt,2000-11-06
534033,Alexis Mac Allister,1998-12-24
536507,Giulian Biancone,2000-03-31
537182,Levi Lumeka,1998-09-05
537458,Joan Rojas,2000-01-14
537490,Matias Rocchi,2002-10-23
539612,Siriky Sanogo,2001-12-21
540827,Suf Podgoreanu,2002-01-20
541371,Mihajlo Ivancevic,1999-04-07
541894,Craig Henderson,2001-03-15
542394,Carmine Iannone,2001-07-19
542793,Jonathan Harboe,2000-05-24
545503,Seong-hoon Cheon,2000-09-21
547786,Louis Munteanu,2002-06-16
547827,Andrei Marginean,2001-07-03
547891,Max De Ruyver,2001-03-27
547960,Julian Renner,2003-06-07
548470,Teden Mengi,2002-04-30
549791,Augustus Kargbo,1999-08-24
550631,Masa,1999-07-18
553397,Emin Polat,1999-04-23
553687,Callum Moore,2000-03-22
554155,Gil Van Moerzeke,1998-01-28
557609,Aaron Kamardin,2002-04-08
557613,Quentin Merlin,2002-05-16
560694,Lewis O'Brien,1998-10-14
560725,Abdoul Kader Bamba,1994-04-25
561217,Oday Dabbagh,1998-12-03
562005,Richard Sila,1998-01-04
562255,David Wieser,2002-02-13
564326,Marciano Aziz,2001-07-13
564451,Youba Diarra,1998-03-24
564841,Dramane Salou,1998-05-22
567735,Vladyslav Khamelyuk,1998-05-04
568005,Jeremy Sarmiento,2002-06-16
568378,Redouan El Hankouri,2001-02-03
568696,Cheikh Sabaly,1999-03-04
569662,Lasse Haysen,2002-02-22
574385,Mohamed Daramy,2002-01-07
574448,Harry Tyrer,2001-12-06
575210,Harrison Sohna,2002-07-01
576121,Josh Wilson-Esbrand,2002-12-26
576983,Zurab Gigashvili,2001-11-20
577844,Oleg Sokolov,1999-07-12
578878,Ángel Baena,2000-10-13
580276,Emrehan Gedikli,2003-04-25
580281,Stefanos Souloukos,2001-01-04
580765,Henry Lawrence,2001-09-21
581106,Kristian Arnstad,2003-09-07
581604,Pietro Boer,2002-05-12
581672,Samuel Iling Junior,2003-10-04
581783,Corentin Faussot,1998-01-04
583218,Tom Roufosse,2001-03-28
584377,Pius Borel Palm,1999-04-12
586722,Christoforos Karagiannis,1999-12-09
589374,Milson,1999-10-12
590773,Hamdi Akujobi,2000-01-20
590926,Salem M'Bakata,1998-04-19
591193,Niels Nkounkou,2000-11-01
591361,Jayden Oosterwolde,2001-04-26
592924,Andreas Jungdal,2002-02-22
593208,Matheus Silva,1997-10-03
593482,Azzedine Ounahi,2000-04-19
593837,Couhaib Driouech,2002-04-17
595935,Sem Westerveld,2002-07-18
595937,Jorn Berkhout,2002-03-18
597659,Charlie Cresswell,2002-08-17
598577,Florian Wirtz,2003-05-03
599203,Denis Makarov,1998-02-18
599677,Mads Winther,2001-10-20
604239,Gabriele Artistico,2002-07-14
605194,Eren Karadag,2000-01-01
605444,William Förby,2001-07-04
606451,Sanasi Sy,1999-04-04
606466,Mauro Burruchaga,1998-06-27
607113,Jack Wills,2002-10-16
609361,José Fontán,2000-02-11
610798,Jan Schröder,2003-04-15
611198,Álex Blesa,2002-01-15
614498,Fabio Cortinovis,2002-04-20
615636,Abdallahi Mahmoud,2000-05-04
616369,Ander Barrenetxea,2001-12-27
616537,Mustafa Kutay Peksen,1999-10-18
616628,Giorgio Cittadini,2002-04-18
616631,Matteo Ruggeri,2002-07-11
617059,Pablo Cuñat,2002-04-28
617866,Hakan Citak,1999-03-02
617871,Mustafa Bugra Ilter,2001-01-24
618425,Tanguy Coulibaly,2001-02-18
618565,Georgios Theocharis,2002-06-30
618898,Erencan Yardimci,2002-02-04
621232,Sergio Yakubiv,2002-01-26
622521,Kyrylo Zlotar,1997-07-14
622830,Hasan Emre Yesilyurt,2000-08-18
622918,Abdulcebrail Akbulut,2001-10-15
623025,Sergio Gimeno,2001-05-25
623251,Said Aliev,1998-12-03
623560,Liam Shaw,2001-03-12
623640,Frixos Grivas,2000-09-23
624751,Lyall Cameron,2002-10-10
625202,Lautaro Valenti,1999-01-14
627248,Lewis Dobbin,2003-01-03
628498,Jofre Carreras,2001-06-17
629511,Pablo Ramón,2001-06-30
629567,Yanis Hamache,1999-07-13
630995,Rodri Sánchez,2000-05-16
631112,Matheus Bueno,1998-07-30
632631,Christian Hauge,2002-12-02
632829,Niccolò Pietra,2003-09-28
632913,Pere García,2002-03-22
633650,Leon King,2004-01-14
634105,Alberto Marí,2001-07-11
640432,Xavier Mbuyamba,2001-12-31
640558,Damian van der Haar,
645682,Vyacheslav Yakimov,1998-01-05
646275,Tommy Block,1999-12-23
646402,Abner,2000-05-27
646478,Elias Jelert,2003-06-12
646670,Timo Zaal,2004-02-09
646733,Jim Allevinah,1995-02-27
647097,Sitki Ferdi Imdat,2001-10-05
648022,Venaque,2000-03-20
649025,Amadou Sagna,1999-06-10
649417,Dylan Dassy,2003-01-18
651417,Felipe Souza Ferreyra,1998-05-21
651727,Reinaldo Radu,2002-01-07
655414,Darell Tokpa,2001-06-02
655660,Vangelis Kontogiannis,2002-01-09
656461,Ilias Tsitsekidis,2002-04-05
657742,Joaquín Sosa,2002-01-10
658293,Mert Yusuf Torlak,2002-07-18
659848,Zachary Duncan,2000-05-31
661150,Carlos Faya,2002-01-18
662145,Süleyman Cebeci,2003-01-05
663939,Andrea Oliveri,2003-01-14
666539,Beni,2002-05-21
666580,Akinkunmi Amoo,2002-06-07
667428,Batuhan Cakir,2001-01-26
667915,Yavuz Ulas Genc,2001-03-10
667965,Oussama Targhalline,2002-05-20
668683,Vangelis Nikolaou,2004-06-03
671068,Bassim Boukteb,2001-07-12
671594,Kamory Doumbia,2003-02-18
673360,Chinonso Emeka,2001-08-30
675565,Thomas Kastanaras,2003-01-09
677794,Kaito Mizuta,2000-04-08
680844,Matty McDonald,2002-08-26
683498,André Ricardo,2000-08-23
684998,Kings Kangwa,1999-04-06
685589,Lawrence Nicholas,2001-05-17
685762,Nikita Kupriyanov,2002-04-23
687626,Moisés Caicedo,2001-11-02
690218,Oliver Fobassam,2003-04-06
695646,Charles Boli,1998-08-30
696655,Kibe,2000-03-13
700424,Daniil Nikolaev,2002-05-10
701322,Mathew Anim Cudjoe,2003-11-11
702856,Joey Antonioli,2003-12-15
705094,Igor Lucatelli,2003-08-21
705813,Rubén Sánchez,2001-02-04
706617,Julian Eitschberger,2004-03-05
707225,Noah Fatar,2002-02-15
707230,Ugo Raghouber,2003-07-13
707246,Ismaïl Bouleghcha,2002-12-09
707610,Theodoros Chiritrantas,2000-11-10
708067,Rune Paeshuyse,2002-03-28
708172,Filipe Pachtmann,2000-04-11
708500,Totti,2001-12-14
709445,Ernest Boahene,2000-03-06
709726,Hugo Ekitiké,2002-06-20
711337,Evanilson,1999-10-06
712087,Léo Bolgado,1998-08-20
714313,José Salinas,
716276,Yerson Mosquera,2001-05-02
721532,Bartu Dinc,2003-05-06
723604,Bagus Kahfi,2002-01-16
724520,Abde Ezzalzouli,2001-12-17
726118,Marcus Kristensen,2003-01-14
726465,Vasilios Troumpoulos,2003-12-23
727089,Noah Sadiki,2004-12-17
727569,Andrey Langovich,2003-05-28
730484,Aaron Zehnter,2004-10-31
734375,Jack Jenkins,2002-03-23
735788,Higor Gabriel,1999-04-28
736251,Vincent Angelini,2003-09-12
743769,João Victor,1999-02-25
744074,Rafael Fernandes,2002-06-28
747487,Valdemar Andreasen,2005-01-25
747635,Dirk Baron,2002-08-16
749186,Mikhail Shchetinin,2005-07-08
774533,Dmytro Shamych,2001-05-15
787618,Valentín Carboni,2005-03-05
790660,Ilya Chernyak,2002-05-19
799924,Asker Beck,2003-07-07
801577,Fabio Vanni,2002-07-20
806310,Amadou Salif Mbengue,2002-01-05
808456,Kieran Ngwenya,2002-09-25
808901,Leandro Frroku,2003-09-03
810895,Eliesse Ben Seghir,2005-02-16
811791,Ayberk Kaygisiz,2004-08-11
814525,Nikolaos Zouglis,2003-11-14
815346,Nathan Gassama,2001-01-05
818025,Pavel Meleshin,2004-03-25
820070,Mamadou Tounkara,2001-12-14
830080,Danylo Dmytriev,2002-10-22
830082,Bogdan Potalov,2002-08-12
831306,Yacine Boufath,2002-03-11
832896,Jack Wilkie,2002-12-20
835510,Pablo Maldini,2000-03-14
837284,Mykyta Sytnykov,2004-06-23
838182,Yaroslav Dobrokhotov,2000-11-01
838367,James Storer,2004-10-04
840254,Nadhir Benbouali,2000-04-17
845836,Emirkan Demir,2003-01-01
847772,Adilson Malanda,2001-10-29
848944,Antonis Rigopoulos,2004-06-10
851385,Tobias Slotsager,2006-01-01
852517,Shaqai Forde,2004-05-05
853344,Sekou Yansané,2003-04-28
855615,Abdoulaye Bakayoko,2002-12-15
860056,Aïman Maurer,2004-09-25
873448,Güney Sagir,2003-05-01
875337,Ege Tiknaz,2004-08-17
879631,Laurit Krasniqi,2001-07-14
880322,Emircan Bayrakdar,2003-07-05
880333,Ertugrul Bag,2002-08-06
883552,Mete Sentürk,2003-02-02
896663,Aytug Batur Kömec,2004-10-05
899867,Jing Reec,2003-06-12
901236,Kilian Lokembo Lokaso,2002-06-06
906192,Zakaria Silini,2003-07-05
928467,Bedirhan Beyaz,2004-07-01
931516,Kenzie Smyth,2005-02-04
947432,Marcos Fernández,2003-07-17
970490,Óscar Medina,2004-01-19
982344,Anil Yigit Cinar,2003-07-10
986300,Daouda Traoré,2006-07-22
993408,Ifeanyi,2001-03-05
1002057,Cengizhan Sen,2005-01-01
1019174,Matte Smets,2004-01-04
1029294,Franci Bouebari,2003-09-12
1033404,Georgios Karakasidis,2005-01-31
1052404,Rayane Falchou,2004-10-09
1063262,Oskar Annell,2005-02-15
886,Jens Langeneke,1977-03-29
1094,Emanuel Pogatetz,1983-01-16
1586,Christian Schulz,1983-04-01
1841,Ali Bilgin,1981-12-17
2138,Mladen Kascelan,1983-02-13
2148,Erdal Kilicaslan,1984-08-23
3114,Jan Schlaudraff,1983-07-18
3139,David Beckham,1975-05-02
3322,Ben Williams,1982-08-27
3573,Julien Escudé,1979-08-17
3730,Kim Källström,1982-08-24
3975,Domi Kumbela,1984-04-20
3979,Iker Casillas,1981-05-20
4063,Stewart Downing,1984-07-22
4533,Anouar Hadouir,1982-09-14
5345,Youssouf Hadji,1980-02-25
5348,Florent Balmont,1980-02-02
5422,Philippe Mexès,1982-03-30
5444,Ronan Le Crom,1974-07-13
5457,Gaël Danic,1981-11-19
5639,José Saez,1982-05-07
5893,Giampiero Pinzi,1981-03-11
5904,Vincenzo Iaquinta,1979-11-21
5986,Ferdinando Coppola,1978-06-10
5993,Cristian Zaccardo,1981-12-21
6721,Mario Santana,1981-12-23
6893,Gabriel Tamas,1983-11-09
7103,Marcos De Paula,1983-12-19
7537,José Manuel Pinto,1975-11-08
7737,Pablo García,1977-05-11
7763,José María Movilla,1975-02-08
7797,Albano Bizzarri,1977-11-09
7937,Abdurrahman Dereli,1981-02-15
8006,Luis García,1981-02-06
8163,Rodri,1984-08-17
8176,Oier Olazábal,1989-09-14
9239,Sébastien Grax,1984-06-23
9596,Oleg Yashchuk,1977-10-26
9619,Alan Hutton,1984-11-30
9659,David Rozehnal,1980-07-05
9814,Bruno Moraes,1984-07-07
9847,Giannis Arabatzis,1984-05-28
9956,James McFadden,1983-04-14
9967,Blerim Dzemaili,1986-04-12
10025,Michael Doyle,1981-08-08
11530,Lionel Carole,1991-04-12
12124,Glenn Whelan,1984-01-13
12142,Michel Bastos,1983-08-02
12563,Goran Pandev,1983-07-27
12569,Paul Gallacher,1979-08-16
12693,Stephen Dobbie,1982-12-05
12704,Steven Whittaker,1984-06-16
12753,Cammy Bell,1986-09-18
12802,Mark Kerr,1982-03-02
13175,Fary Faye,1974-12-24
13292,Benjamin De Ceulaer,1983-12-19
13465,Tom Huddlestone,1986-12-28
13490,Chris Turner,1987-01-03
13493,Lionel Ainsworth,1987-10-01
13501,Olivier Werner,1985-04-16
13572,Ben Foster,1983-04-03
13957,Quim,1975-11-13
14118,Márcio Abreu,1980-04-25
14558,John Baird,1985-08-22
14735,John Sutton,1983-12-26
15008,Edgaras Cesnauskis,1984-02-05
15373,Sergey Semak,1976-02-27
15511,Robinho,1984-01-25
15930,David Martin,1986-01-22
15980,Juan Calatayud,1979-12-21
15983,Juan Rodríguez,1982-04-01
16058,Serkan Kirintili,1985-02-15
16064,Metin Depe,1981-01-10
16417,Ilias Kotsios,1977-04-25
16675,César Santin,1981-02-24
16791,Manuel Fernandes,1986-02-05
17123,Ibrahim Akin,1984-01-04
17175,Pasquale Foggia,1983-06-03
17220,Miroslaw Sznaucner,1979-05-09
17239,Anastasios Venetis,1980-03-24
17320,Rick Kruys,1985-05-09
18807,Behrang Safari,1985-02-09
18829,Vágner Love,1984-06-11
18927,Sokratis Fytanidis,1984-05-25
18945,Steven Thicot,1987-02-14
18981,Rodrigo Defendi,1986-06-16
19087,Demy de Zeeuw,1983-05-26
19286,Nikolaos Spyropoulos,1983-10-10
19548,Eugen Polanski,1986-03-17
19958,Nereo Champagne,1985-01-20
19981,Javier Mascherano,1984-06-08
20003,Matías Silvestre,1984-09-25
20007,Pablo Zabaleta,1985-01-16
20920,Michele Ferri,1981-05-29
21010,Radek Cerny,1974-02-18
21039,Milan Ivana,1983-11-26
21333,Aiden McGeady,1986-04-04
21459,Chris Smith,1986-03-05
21590,Gibril Sankoh,1983-05-15
22092,Lorenzo Squizzi,1974-06-20
22202,Diego Milito,1979-06-12
22386,Daniel Congré,1985-04-05
22484,Lasse Heinze,1986-04-03
22499,Kristian Bach Bak,1982-10-20
22542,Jens Wemmer,1985-10-31
22586,Toché,1983-01-01
22785,Ricardo Nunes,1982-07-06
22811,Ferreira Pinto,1979-12-10
22913,David Ousted,1985-02-01
23005,Nabil Aslam,1984-08-03
23149,Sören Jochumsen,1976-08-01
23959,Marcus Mokaké,1981-11-30
23974,Romain Salin,1984-07-29
24155,Olivier Occéan,1981-10-23
24459,Eden Ben Basat,1986-09-08
24502,Dariusz Dudka,1983-12-09
24567,Sebastian Przyrowski,1981-11-30
24862,Kemy Agustien,1986-08-20
25090,Anton Rogochiy,1982-01-23
25220,Marco Airosa,1984-08-06
25248,Jonas Olsson,1983-03-10
25289,António Filipe,1985-04-14
26456,Mauro Zárate,1987-03-18
26721,Lucas Biglia,1986-01-30
27114,Younès Kaboul,1986-01-04
27300,Rolando,1985-08-31
27471,Diego Capel,1988-02-16
28031,Marco Zambelli,1985-08-22
28124,Vjekoslav Tomic,1983-07-19
28393,Andraz Kirm,1984-09-06
29038,Alexandros Tsemperidis,1986-07-26
29170,Javier Camuñas,1980-07-17
29412,Köksal Yedek,1985-01-17
29414,Gary Harkins,1985-01-02
29604,Riccardo Cazzola,1985-10-08
30666,Haris Medunjanin,1985-03-08
30677,Gustavo Cabral,1985-10-14
30803,Cristian Villagra,1985-12-27
30846,Emmanuel Culio,1983-08-30
31089,Barel Mouko,1979-04-05
31090,Alex Neil,1981-06-09
31108,John Jairo Mosquera,1988-01-15
31570,Georg Niedermeier,1986-02-26
31741,Nicolas Feldhahn,1986-08-14
32476,Fabian Stoller,1988-03-31
33314,Mario Carevic,1982-03-29
33480,Davino Verhulst,1987-11-25
33783,Armand Traoré,1989-10-08
33958,Burhan Eser,1985-01-01
34029,Hélder Cabral,1984-05-07
34161,Hakan Aslantas,1985-08-26
34300,Charalampos Tabasis,1986-05-10
34334,Enrico Alfonso,1988-05-04
34941,Alexandru Tudose,1987-04-03
34991,Elimane Coulibaly,1980-03-15
35242,Beto,1982-05-01
35435,Lucian Burdujan,1984-02-18
35530,Murat Yildirim,1987-05-18
35554,Ustaritz,1983-02-16
35630,Jamie McCluskey,1987-11-06
35837,Nassir Maachi,1985-09-09
35884,Diego Biseswar,1988-03-08
36200,Olcay Sahan,1987-05-26
36688,Pontus Wernbloom,1986-06-25
36689,Emir Bajrami,1988-03-07
36732,Dramane Traoré,1982-06-17
37227,Dennis Flinta,1983-11-14
37414,David Caiado,1987-05-02
37666,Arturo Vidal,1987-05-22
37783,Leonidas Kyvelidis,1986-02-08
37889,Enis Nadarevic,1987-07-19
38266,Marc Torrejón,1986-02-18
38473,Garry Bocaly,1988-04-19
38790,Dmitri Golubov,1985-06-24
39106,Ádám Szalai,1987-12-09
39209,Frantz Bertin,1983-05-30
39252,Georgios Lampropoulos,1984-10-26
40064,Frédéric Nimani,1988-10-08
40205,Demba Ba,1985-05-25
40372,Borja Valero,1985-01-12
40407,Guy Dufour,1987-03-14
40633,Milan Badelj,1989-02-25
42284,Jay Tabb,1984-02-21
42296,Damian Bellon,1989-08-28
42373,Diego Alves,1985-06-24
42744,Samir Ujkani,1988-07-05
42920,Fran Mérida,1990-03-04
43010,Martin Spelmann,1987-03-21
43206,Massimiliano Carlini,1986-08-20
43824,Kevin Müller,1991-03-15
43984,Daniel Brosinski,1988-07-17
44060,Vusumuzi Nyoni,1984-04-21
44068,Juan Mata,1988-04-28
44324,Dejan Mezga,1985-07-16
44420,Stefan Radu,1986-10-22
44726,Anders Jacobsen,1989-10-27
44995,Murat Akyüz,1981-08-13
45370,Fernando Alexandre,1985-08-02
45494,Wayne Hennessey,1987-01-24
45562,Hans Mulder,1987-04-27
45565,Luca Antonelli,1987-02-11
45567,Jonathan Biabiany,1988-04-28
45596,Márcio Mossoró,1983-07-04
45865,Óscar Cardozo,1983-05-20
45970,Stefanos Athanasiadis,1988-12-24
46064,Giannis Papadopoulos,1989-03-09
46121,Nikola Petkovic,1986-03-28
46553,Nikola Gulan,1989-03-23
46810,Leozinho,1985-12-12
48078,Sam Vokes,1989-10-21
48254,Matt Gilks,1982-06-04
48678,Marius Alexe,1990-02-22
48897,Ade Runsewe,1989-12-01
49022,Vitaliy Rudenko,1981-01-26
49069,Género Zeefuik,1990-04-05
49144,Erik Friberg,1986-02-10
49500,Roberto Rosales,1988-11-20
49552,Steve Davies,1987-12-29
49772,Mario Baric,1985-04-15
49899,William,1982-10-20
49993,Branko Vrgoc,1989-12-18
50091,Ronnie Reniers,1987-11-08
50346,Krsevan Santini,1987-04-11
50483,Korcan Celikay,1987-12-31
50487,Christian Santos,1988-03-24
50782,Justin Eilers,1988-06-13
51191,Djalma,1987-05-30
51350,Ermin Zec,1988-02-18
51587,Pedro León,1986-11-24
51604,Marin Leovac,1988-08-07
51665,Carl Finnigan,1986-10-01
51676,Ermin Bicakcic,1990-01-24
51713,Sisi González,1986-04-22
51903,Mikhail Komkov,1984-10-01
51944,Necati Yilmaz,1988-01-21
52037,Stergios Chatzikosmas,1992-11-18
52042,Dimitrios Kottaridis,1981-05-29
52044,Georgios Lazaridis,1983-07-23
52188,Robert Gucher,1991-02-20
52376,Igor Rocha,1984-05-03
52470,Andrey Ivanov,1988-10-08
53436,Atdhe Nuhiu,1989-07-29
53534,Julian Koch,1990-11-11
53561,Hasan Köse,1993-08-16
53842,Jorge Luiz,1982-04-22
54488,Nicolás Bianchi Arce,1987-01-29
54859,Álvaro Pereira,1985-11-28
54933,Gilles Sunu,1991-03-30
55044,Abraham Gneki Guié,1986-07-25
55213,Mario Paglialunga,1988-10-29
55302,Prince Buaben,1988-04-23
55512,Wilson Kamavuaka,1990-03-29
55627,Bart van Brakel,1987-04-05
55742,Harry Arter,1989-12-28
55854,Cristian Ansaldi,1986-09-20
55957,Álvaro González,1984-10-29
55976,Giorgi Loria,1986-01-27
55978,Giorgi Merebashvili,1986-08-15
56371,Lex Immers,1986-06-08
56384,Guy Ramos,1985-08-16
56609,Eros Pisano,1987-03-31
56640,Ferhat Kiraz,1989-01-02
56727,Cardoso,1984-09-11
56802,Vincent Muratori,1987-08-03
56854,Nicolò Cherubin,1986-12-02
57104,Marko Jovanovic,1988-03-26
57355,Fahid Ben Khalfallah,1982-10-09
57358,Arnold Bouka Moutou,1988-11-28
57467,Romain Thomas,1988-06-12
57561,Sahin Aygünes,1990-10-01
57748,Matheus Lopes,1985-03-08
57840,Pedro,1984-03-10
57856,Dmytro Babenko,1978-06-28
58016,Oleg Golodyuk,1988-01-02
58064,Jonathan López,1981-04-16
58152,Athanasios Tsourakis,1990-05-12
58389,Oleg Dopilka,1986-03-12
58633,Stefan Senecky,1980-01-06
58971,Giorgiy Shelia,1988-12-11
59076,Sergiy Kravchenko,1983-04-24
59142,Oleksandr Sytnik,1984-07-07
59372,Clemente,1983-10-14
59420,Sergiy Kostyuk,1986-03-05
59597,Maciej Rybus,1989-08-19
59621,Alex Cazumba,1988-06-30
59631,Nacer Chadli,1989-08-02
59800,Benjamin Bellot,1990-07-30
59872,Valery Nahayo,1984-04-15
60599,Samuel Souprayen,1989-02-18
60604,Eric Tié Bi,1990-07-20
60761,Taleb Tawatha,1992-06-21
60793,Ryan Jack,1992-02-27
60795,Ismail Konuk,1988-01-16
60904,Scott Allan,1991-11-28
60990,Bruno Ecuele Manga,1988-07-16
61380,Mario Gavranovic,1989-11-24
61389,Ivan Lozenkov,1984-04-14
61417,Shaun Hutchinson,1990-11-23
61464,Karim Yoda,1988-10-25
61559,Hope Akpan,1991-08-14
61901,Mohammed Abdellaoue,1985-10-23
61998,Enver Alivodic,1984-12-27
62086,Thomas Rogne,1990-06-29
62087,Jordan Kirkpatrick,1992-03-06
62163,Nicky Clark,1991-06-03
62638,Nathan Baker,1991-04-23
63223,Josh Magennis,1990-08-15
63289,Darvydas Sernas,1984-07-22
64016,Yasin Pehlivan,1989-01-05
64229,Mihai Roman,1984-10-16
64507,Mikhail Rosheuvel,1990-08-10
64804,Thierry Moutinho,1991-02-26
64992,Issam El Adoua,1986-12-09
65230,Sergio Busquets,1988-07-16
65263,Jordi Masip,1989-01-03
65321,Yago Fernández,1988-01-05
65477,Troy Deeney,1988-06-29
66413,Franck Tabanou,1989-01-30
67072,Ilias Michalopoulos,1985-10-15
67211,Sam Baldock,1989-03-15
67546,Jorge Pulido,1991-04-08
67648,Ignacio González,1982-05-14
67823,Damián Musto,1987-06-09
67855,Sergey Politevich,1990-04-09
68410,Stefanos Kapino,1994-03-18
68864,Kevin Strootman,1990-02-13
69651,Abiola Dauda,1988-02-03
70229,Taras Tsarikaev,1989-06-17
71206,Nauzet Pérez,1985-03-01
71302,Gianluca Musacci,1987-04-01
71571,Ander Iturraspe,1989-03-08
71835,Jon Ander Serantes,1989-10-24
72189,Álex Bergantiños,1985-06-07
72441,Rafael Tolói,1990-10-10
72648,Mathías Cardacio,1987-10-02
72687,Agon Mehmeti,1989-11-20
72734,Mathieu Cornet,1990-08-08
72740,Andrea Mutombo,1990-06-07
72768,Nélson Oliveira,1991-08-08
72771,Jorge Chula,1990-02-13
72899,Oleksandr Sytnyk,1985-01-02
72934,Rayo,1986-06-21
73097,Omar El Kaddouri,1990-08-21
73161,Iván Malón,1986-08-26
73658,Dimitrios Aslanidis,1989-08-16
73662,Joni Kauko,1990-07-12
74229,Koke,1992-01-08
74602,József Varga,1988-06-06
74687,Dominik Furman,1992-07-06
74722,Rafal Pietrzak,1992-01-30
74861,David Wotherspoon,1990-01-16
75035,Franco Jara,1988-07-15
75096,Helder,1988-04-13
75144,Ozéia,1982-01-02
75298,Ramón Cardozo,1986-04-23
75441,Marcos Pizzelli,1984-10-03
76277,Laurent Koscielny,1985-09-10
76598,Matías Cabrera,1986-05-16
77003,Tino Costa,1985-01-09
77259,Anders Christiansen,1990-06-08
78390,Benjamin Later,1986-08-30
78648,Tom Hateley,1989-09-12
78819,David Jensen,1992-03-25
79110,Fodé Koita,1990-10-21
79520,Yohei Kajiyama,1985-09-24
80158,Luigi Vitale,1987-10-05
80293,Aïssa Mandi,1991-10-22
81433,Raul Rusescu,1988-07-09
81959,Lukas Droppa,1989-04-22
82508,Libor Hrdlicka,1986-01-02
82743,Alberto Pomini,1981-03-17
83409,Michele Cremonesi,1988-04-15
83430,Albert Adomah,1987-12-13
83501,Noyan Öz,1991-09-13
84535,Eduardo Salvio,1990-07-13
84545,Marco Parolo,1985-01-25
85349,Jordi César,1992-03-27
85405,Efe Özarslan,1990-03-29
85626,Sergei Zenjov,1989-04-20
85667,Serdar Eylik,1990-02-01
85834,Johanna Omolo,1989-07-31
85873,Michael Clepkens,1986-01-30
86054,Osama Hawsawi,1984-03-31
87211,Dmitriy Baga,1990-01-04
87262,Maksim Bordachev,1986-05-18
87409,Guillermo Sara,1987-09-30
87423,Panagiotis Zorbas,1987-04-21
88057,Gonzalo Bustamante,1985-12-11
88327,Bilal Ouali,1993-10-07
89222,Yaroslav Rakitskyi,1989-08-03
90008,Rúnar Már Sigurjónsson,1990-06-18
90797,Nicolás Mazzola,1990-01-28
91376,Evgeni Odintsov,1986-08-23
91377,Dmytro Trukhin,1983-06-29
91698,Oleksandr Churilov,1984-06-06
92046,Sergiy Pogorilyi,1986-07-28
92571,Aaron Cresswell,1989-12-15
92880,Andrea Mazzarani,1989-11-06
93751,Kévin Rimane,1991-02-23
94037,Ferhat Yazgan,1992-10-20
94192,Patrick Drewes,1993-02-04
94757,Cüneyt Köz,1992-10-12
94939,Uffe Bech,1993-01-13
95488,Edu Oriol,1986-11-05
96255,Héctor Canteros,1989-03-15
96267,Zeljko Filipovic,1988-10-03
96331,Mikkel Kirkeskov,1991-09-05
96787,Dionysis Makrydimitris,1985-01-26
96929,Charalampos Siligardakis,1982-03-17
97093,Artem Bobukh,1988-12-04
97503,Jeppe Grönning,1991-05-24
98195,Wilfred Moke,1988-02-12
98274,Jonathan Rivierez,1989-05-18
98824,Eugen Sidorenco,1989-03-19
99548,Douglas,1987-12-30
99973,Gijs Jasper,1996-11-15
100399,Nicolai Jörgensen,1991-01-15
100507,Juan Carlos Paredes,1987-07-08
100553,Johnny de Vries,1990-02-20
100980,Mads Fenger,1990-09-10
101029,Viktor Prodell,1988-02-29
101469,Gil,1987-06-12
101785,Bart Biemans,1988-03-14
101823,Dodô,1987-10-16
103310,Gotoku Sakai,1991-03-14
103577,Bastian Müller,1991-07-31
104351,Ramon Lopes,1989-08-07
104545,Bruno Soares,1988-08-21
104605,Igor Kireev,1992-02-17
104700,Ilya Kukharchuk,1990-08-02
104987,Hakon Skogseid,1988-01-14
105269,Sergey Sipatov,1993-02-08
105534,Artur Kaskov,1991-11-18
105691,Gramoz Kurtaj,1991-04-30
106207,Aleksandr Kutjin,1986-02-13
106721,Ash Taylor,1990-09-02
107193,David Gigolaev,1989-03-31
107665,Filip Novak,1990-06-26
108820,Ulises Dávila,1991-04-13
109217,Edin Visca,1990-02-17
110369,Joseph Biersard,1991-04-29
110812,Nathan Kabasele,1994-01-14
110866,Tom Parkes,1992-01-15
111018,Isaac Koné,1991-01-03
111185,Ruben Ligeon,1992-05-24
111197,Jerry van Wolfgang,1992-03-12
111438,Matteo Fedele,1992-07-20
112394,Myroslav Bon,1993-02-16
112640,Aldo Adorno,1982-04-08
112666,Alessandro Longhi,1989-06-25
113504,Nikola Stojiljkovic,1992-08-17
114531,Kristian Andersen,1994-09-01
116918,Azbe Jug,1992-03-03
117586,Ömer Bayram,1991-07-27
118044,Ivan Maevskiy,1988-05-05
118319,Luís Ribeiro,1992-04-19
118324,Zezinho,1992-09-23
118636,Atahan Menekse,1986-04-17
118732,Pablo Chavarría,1988-01-02
119085,Loris Benito,1992-01-07
119223,Ruslan Mukhametshin,1981-10-29
119277,Yannick Gerhardt,1994-03-13
119569,Clark Robertson,1993-09-05
120630,Emmanuel Emenike,1987-05-10
120760,Jonathan Tinhan,1989-06-01
121137,Stuart Bannigan,1992-09-17
121403,Chris Chantler,1990-12-16
121528,Berkay Dabanli,1990-06-27
122088,Artem Gromov,1990-01-14
122205,Joaquim Adão,1992-07-14
122736,Paddy Barrett,1993-07-22
123332,Daniel Flyger,1986-02-05
123500,Gelmin Rivas,1989-03-23
124223,Nicolás Martínez,1987-09-25
124234,Artur Ryabokobylenko,1991-04-05
126359,Dimitrios Komesidis,1988-02-02
126414,Hakan Calhanoglu,1994-02-08
126557,Jonathan Gradit,1992-11-24
126634,Francesco Rossi,1991-04-27
126722,Edu Campabadal,1993-01-26
126770,Dominik Masek,1995-07-10
127181,Benjamin Lecomte,1991-04-26
127247,Mickaël Firmin,1990-09-21
128168,Thijs Bouma,1992-04-02
128361,Christos Arkoudas,1990-06-13
129224,Duarte Duarte,1987-08-27
129587,Willem Ofori,1994-02-19
129627,Charlie Austin,1989-07-05
129646,Artur Rudko,1992-05-07
129674,Jeremy Toljan,1994-08-08
129679,Cheick Doukouré,1992-09-11
130119,Yaya Soumahoro,1989-09-28
130348,Roberto Crivello,1991-09-14
131090,Diego Reyes,1992-09-19
131209,Ezequiel Cirigliano,1992-01-24
131506,Samu Saiz,1991-01-22
131731,Mehdi Bourabia,1991-08-07
132203,Marcus Fraser,1994-06-23
133078,Syam Ben Youssef,1989-03-31
133100,Aytac Öden,1991-08-26
133392,Billy Knott,1992-11-28
135215,Danny Amankwaa,1994-01-30
135617,Thiago Mendes,1992-03-15
136114,Simone Magnaghi,1993-10-12
136578,Almir,1991-03-03
136605,Carlos Carbonero,1990-07-25
136747,Tomás De Vincenti,1989-02-09
137174,Alejandro Arribas,1989-05-01
137206,Magomed Ozdoev,1992-11-05
138812,Ibrahima Conté,1991-04-03
138949,Mohamed Larbi,1987-09-02
139341,Josué Sá,1992-06-17
139655,Mateusz Prus,1990-03-09
139956,Ismail Haktan Odabasi,1991-08-07
140559,Raffaele Maiello,1991-07-10
141658,Etzaz Hussain,1993-01-27
142326,Philtzgerald Mbaka,1993-01-24
143155,Jesper Drost,1993-01-11
143851,Lee Lucas,1992-06-10
145115,Valon Berisha,1993-02-07
146036,Vladimir Bajic,1987-11-28
146038,Christopher Geertsen,1993-01-24
146854,Wissam Ben Yedder,1990-08-12
146918,Egor Baburin,1993-08-09
147602,Kwame Nsor,1992-08-01
148498,Aleksey Skornyakov,1993-03-16
149928,Jubal,1993-08-29
153190,Thomas Murg,1994-11-14
153555,Sebastian Griesbeck,1990-10-03
153637,Mikael Ishak,1993-03-31
154209,Romain Métanire,1990-03-28
155036,Simone Corazza,1991-03-22
155377,Fabian Pietler,1994-01-07
156751,Ian McShane,1992-12-20
156934,Tyias Browning,1994-05-27
157175,Selim Ay,1991-07-31
157818,Nuno Lopes,1986-12-19
157979,Jones Carioca,1988-10-14
158118,Tarkan Serbest,1994-05-02
158375,Ricardo Ribeiro,1990-01-27
158516,Gegé,1988-02-24
158946,Erdogan Yesilyurt,1993-11-06
159471,Serge Gnabry,1995-07-14
160172,Zakaria M'Sila,1992-04-06
160357,Mario Sampirisi,1992-10-31
160943,Marc Stendera,1995-12-10
161079,Julian Günther-Schmidt,1994-09-13
162577,Georgios Kyriakopoulos,1990-08-21
162819,Rafa Lopes,1991-07-28
163530,Adam Reach,1993-02-03
164705,Raúl Silva,1989-11-04
165513,Berat Djimsiti,1993-02-19
166240,Jürgen Locadia,1993-11-07
166460,Frans Putros,1993-07-14
166561,Badri Akubardia,1993-01-11
167316,Djordje Despotovic,1992-03-04
167393,James Husband,1994-01-03
167423,Cristian Guanca,1993-03-26
167853,Alberto Marchiori,1993-05-11
80769,Lukasz Sekulski,1990-11-03
85864,Loris Karius,1993-06-22
86643,Thomas Eisfeld,1993-01-18
88374,Veysel Sari,1988-07-25
88609,Artem Danilenko,1990-03-22
88750,Nile Ranger,1991-04-11
89427,Yevgen Pichkur,1979-08-30
91801,Oleksandr Sklyar,1991-02-26
91845,Heung-min Son,1992-07-08
93081,Nick Viergever,1989-08-03
93862,Denis Prychynenko,1992-02-17
94598,Stefan Wannenwetsch,
95295,Samed Yesil,1994-05-25
95737,Bassel Jradi,1993-07-06
97541,Artur Yusupov,1989-09-01
97576,Roman Kunev,1990-09-20
102984,Antonio Junior Vacca,1990-05-13
103487,Dean Parrett,1991-11-16
104267,Matthias Hamrol,1993-12-31
104725,Steve Morison,1983-08-29
107283,Vasyl Palagnyuk,1991-03-07
107582,Dimitrios Toskas,1991-03-13
120050,Ferhat Görgülü,1991-10-28
122258,Rui Rêgo,1980-07-05
124845,Grant Hall,1991-10-29
124883,Ricardo van Rhijn,1991-06-13
125165,Tecatito,1993-01-06
126534,Salif Sané,1990-08-25
127051,Yann Boé-Kane,1991-04-05
129212,Georgios Valerianos,1992-02-13
130765,Stuart Armstrong,1992-03-30
132002,Jonny Mosquera,1991-02-17
134608,Helder Tavares,1989-12-26
139316,Oguz Ceylan,1990-12-15
141329,Akeem Latifu,1989-11-16
144694,Aleksey Mamonov,1993-04-14
145997,Ruslan Koryan,1988-06-15
147043,Michael Frey,1994-07-19
148004,Alin Tosca,1992-03-14
148361,Kristian Lindberg,1994-02-14
158540,Michael Chacón,1994-04-11
160954,Jannik Huth,1994-04-15
175014,Youcef Belaïli,1992-03-14
178540,Chaker Alhadhur,1991-12-04
179638,Lukas Görtler,1994-06-15
181686,Matija Ljujic,1993-10-28
184528,Emil Krafth,1994-08-02
186997,Christian Atsu,1992-01-10
187364,Peter Makrillos,1995-09-04
187726,Dylan Carton,1993-01-10
187976,Krystian Nowak,1994-04-01
188651,Patrick Twumasi,1994-05-09
192080,Nick Pope,1992-04-19
192192,Arman Hovhannisyan,1993-07-07
192843,Sinan Karadag,1995-01-20
194448,Nando Wormgoor,1992-02-17
195676,Ole Käuper,1997-01-09
197402,Burak Camoglu,1996-10-05
203464,Jamar Loza,1994-05-10
203853,Oleksandr Zinchenko,1996-12-15
206693,Panagiotis Vosniadis,1989-07-27
210384,Cem Felek,1996-05-12
211085,Mohammed Saeid,1990-12-24
211317,Robert Gegedosh,1993-05-02
214073,Carljohan Eriksson,1995-04-25
221876,Mikkel Wohlgemuth,1995-06-04
222079,Ruslan Stepanyuk,1992-01-16
222642,Cédric Mitu,1995-01-14
226219,Sean Raggett,1994-01-25
237294,Mahmut Metin,1994-07-12
237669,Dereck Kutesa,1997-12-06
241477,Thomas Ouwejan,1996-09-30
247590,Stef Gronsveld,1996-01-11
257484,Georgios Kotsalas,1995-01-04
257683,Pedro Paz,1994-12-20
264412,Cevat Kuy,1993-10-15
267034,Mehmet Tunc,1994-12-15
268327,Mathias Rasmussen,1997-11-25
271256,Jhonder Cádiz,1995-07-29
275249,Niklas Schmidt,1998-03-01
280739,Tjakke Stevens,1993-08-31
281552,Georgiy Melkadze,1997-04-04
282927,Omar Govea,1996-01-18
285065,Kirill Zubkov,1994-07-24
285296,Edin Sehic,1995-02-03
285845,Ainsley Maitland-Niles,1997-08-29
287875,Luca Fiordilino,1996-07-25
291669,Emre Dönmez,1992-05-25
291760,Ibrahim Pehlivan,1993-08-21
292499,Ugur Aydin,1991-10-25
293784,Conor Masterson,1998-09-08
295178,Ardit Toli,1997-07-12
301706,Bahadir Ay,1994-10-30
307512,Pierre-François Moracchini,1994-05-24
313830,Pablo Galdames,1996-12-30
314353,Trent Alexander-Arnold,1998-10-07
315587,Souleymane Diarra,1995-01-30
335380,Pedro Nuno,1995-01-13
335461,Renat Dadashov,1999-05-17
338393,Oliver Helledie,1996-09-28
339795,Marcus Barnes,1996-12-01
340307,Tolaji Bola,1999-01-04
342364,Babacar Gueye,1994-12-31
345586,Kasper Lunding,1999-07-17
347469,Hasan Das,1995-01-06
356081,Bryan Heynen,1997-02-06
358026,Hotman El Kababri,2000-01-24
370833,Dogukan Sinik,1999-01-21
376782,Adam Kolberg,1993-06-05
376784,Patrick Andersen,1994-01-03
378954,Joris Gnagnon,1997-01-13
379181,Kirill Zaika,1992-10-07
393018,Kéres Masangu,2000-03-07
393243,Burak Öksüz,1996-01-25
399151,Saevar Atli Magnússon,2000-06-16
409514,Elias Sierra,2001-08-25
412934,Eros Maddy,2001-02-05
418662,Florian Chabrolle,1998-04-07
423443,Álex Centelles,1999-08-30
425918,Jakub Kiwior,2000-02-15
426212,João Monteiro,2001-05-07
429921,Jo Gilis,2000-02-05
431755,Dejan Kulusevski,2000-04-25
445517,Heriberto Tavares,1997-02-19
451677,Christos Tzolis,2002-01-30
458389,Nikita Koldunov,2000-04-19
468244,Rayane Aabid,1992-01-19
471897,Jimmy Kaparos,2001-12-25
480692,Luis Díaz,1997-01-13
485963,Pape Gueye,1999-01-24
488784,Magnus Kofod Andersen,1999-05-10
490224,Ismaila Coulibaly,2000-12-25
503679,Rhys Williams,2001-02-03
518644,Largie Ramazani,2001-02-27
520400,Vladyslav Sharay,1997-05-25
524677,Harouna Sy,1996-03-30
528522,Emilio Simonsen,1999-10-31
535963,Maksim Eleev,2001-03-03
537382,Bryan Gil,2001-02-11
539449,Oleg Lyga,1999-05-27
542571,Michele Laraspata,2001-06-02
542572,Sergio Maselli,2001-04-06
542841,Daniel Soidik,2000-01-18
543380,Ibrahim Kane,2000-06-23
546194,Tom Clayton,2000-12-27
547534,Josh Martin,2001-09-09
554395,Vasilios Pavlidis,2002-09-04
565019,Arthur Allemeersch,2001-07-27
570456,Konstantinos Korelas,2000-03-01
571037,Kevor Palumets,2002-11-21
581749,Viktor Barabash,1997-04-04
590147,Vasilios Kravaritis,2002-04-03
596523,Andrey Bokovoy,2000-03-04
610423,Andreas Gülstorff,2003-01-26
616228,Filippo Neri,2002-12-04
621277,Silvio Colella,2002-05-02
624132,Christos Retsos,2001-05-02
640837,Abdul Ibrahim,1999-01-13
645601,Ruan Levine,1999-01-19
645774,Eren Dinkci,2001-12-13
646949,Mustafa Acar,2001-02-22
670843,Isaac Mabaya,2004-09-22
672803,Bertug Yildirim,2002-07-12
683557,Eduardo Kau,1999-01-17
688714,Vitaliy Dakhnovskyi,1999-02-10
694925,António Montez,2001-09-29
744154,Hugo Caeiro,2001-02-22
766583,Kike Salas,2002-04-23
807318,Ryan Finnigan,2003-09-23
841149,Arseniy Korkodym,2002-10-03
852953,Ilias Sebaoui,2001-10-04
869931,Gürkan Okan,2003-06-07
869954,Yusuf Gassan Karasu,2002-12-07
887142,Ivan Nesterenko,2003-07-23
912455,Simon Walde,2005-01-04
917428,Igor Chenakal,1997-04-25
926954,Yannick Agnero,2003-02-20
132,Tomas Rosicky,1980-10-04
4219,David Fox,1983-12-13
4793,Steve von Bergen,1983-06-10
5336,Anastasios Tsokanis,1991-05-02
6150,Fabricio Coloccini,1982-01-22
6301,Andreas Lasnik,1983-11-09
6710,Per Mertesacker,1984-09-29
6949,Necati Ates,1980-01-03
7088,Hakan Bayraktar,1976-08-09
7326,Kwame Quansah,1982-11-24
8740,Josef Cinar,1984-01-22
13051,Jonas De Roeck,1979-12-20
13723,Emmerik De Vriese,1985-02-14
15363,Aleksey Berezutski,1982-06-20
17930,Karim Saïdi,1983-03-24
19305,Oscar Wendt,1985-10-24
19319,Danny Koevermans,1978-11-01
19409,Willem Janssen,1986-07-04
20905,Esteban Solari,1980-06-02
22898,Henrik Madsen,1983-02-25
24200,Bruno Veríssimo,1976-04-07
28023,Luca Mazzoni,1984-03-29
32467,Ivan Rakitic,1988-03-10
34169,Atilla Koca,1980-07-16
36090,Djalmir,1976-04-22
42178,Mike Vanhamel,1989-11-16
42621,Vitalie Bordian,1984-08-11
44421,Cédric Avinel,1986-09-11
45335,Alberto Bueno,1988-03-20
46717,Nuno Coelho,1987-11-23
48298,Lars Stindl,1988-08-26
57565,Vladimir Djilas,1983-03-03
59209,Soslan Dzhanaev,1987-03-13
59948,Yarema Kavatsiv,1986-02-10
62052,Shane Ferguson,1991-07-12
62915,Álvaro Domínguez,1989-05-16
63469,Ruud Boymans,1989-04-28
68977,Mark Leth Pedersen,1989-08-17
69352,Mersudin Ahmetovic,1985-02-19
69578,Ricki Olsen,1988-10-21
70923,Bogdan Kogut,1987-10-10
73691,Georgi Gabulov,1988-09-04
76608,Abel Hernández,1990-08-08
80031,Darío Lezcano,1990-06-30
83256,Özkan Yildirim,1993-04-10
85588,Bruno Monteiro,1984-10-05
86204,Stephen Sama,1993-03-05
86876,Ovidy Karuru,1989-01-23
88595,Mauro Vigorito,1990-05-22
89556,Vitaliy Fedotov,1991-07-16
93571,Florian Hartherz,1993-05-29
93827,Steven Skrzybski,1992-11-18
99362,Konstantinos Iliopoulos,1989-03-15
99442,Thomas Wils,1990-04-24
102017,Jorginho,1991-12-20
104990,Jakub Vojtus,1993-10-22
109436,Oliver Hüsing,1993-02-17
110929,Simone Dell'Agnello,1992-04-12
115793,Volkan Okumak,1989-08-10
118413,Jean Barrientos,1990-09-16
119150,Mislav Orsic,1992-12-29
122995,Salvatore Crimi,1993-07-09
123296,Mads Petersen,1991-09-18
123349,Zakaria Labyad,1993-03-09
123894,Lens Annab,1988-07-20
130418,Nicolas Rommens,1994-12-17
131552,Rostyslav Bagdasarov,1993-05-24
134371,Wágner,1987-04-03
134602,Zé Luís,1991-01-24
136749,Amiri Kurdi,1991-09-11
138399,Ibragim Tsallagov,1990-12-12
146143,Zinédine Machach,1996-01-05
150076,Ayub Masika,1992-09-10
152176,Sebá,1992-06-08
154652,Merlin Tandjigora,1990-04-06
162812,Cauly,1995-09-15
87052,Nicolao Cardoso,1991-10-12
91887,Milan Lalkovic,1992-12-09
103433,Jacob Tjörnelund,1991-12-31
106014,Evrard Zag,1990-05-14
107550,Lewis Toshney,1992-04-26
123294,Billy McKay,1988-10-22
128103,Steven Ross,1993-08-29
132376,Samuel Stefanik,1991-11-16
133964,Lorenzo Insigne,1991-06-04
150212,Ross Laidlaw,1992-07-12
180061,Pal Alexander Kirkevold,1990-11-10
192735,Stanislav Lobotka,1994-11-25
196229,Coll Donaldson,1995-04-09
198648,Badavi Hüseynov,1991-07-11
205307,Lucas Hägg Johansson,1994-07-11
258364,Calvin Verdonk,1997-04-26
275330,Vincent van Beek,1994-09-29
279057,Beto da Silva,1996-12-28
296227,Iván Márquez,1994-06-09
307805,Alberto López,1995-05-27
315869,Maurizio Schaeper,1999-04-28
358008,Gianluca Gaetano,2000-05-05
361075,Kundai Benyu,1997-12-12
369315,Niek Hoogveld,1999-03-24
374212,Gijs Smal,1997-08-31
386109,Alaa Bakir,2001-01-15
403566,Ryan Mullen,2001-05-18
429790,Luka Ilic,1999-07-02
446657,Brandon Onkony,1997-12-02
450391,Mathies Skjellerup,1996-05-23
461937,Nuno Moreira,1999-06-16
465104,Yosef Samuel,1997-07-03
481514,Francis Cann,1998-02-06
482573,Antonios Papadopoulos,1999-09-10
497143,Ashley Maynard-Brewer,1999-06-25
527720,Zhen'ao Wang,1999-08-10
528892,Harry Clarke,2001-03-02
559331,Aron van Lare,2003-01-05
578094,Fard Ibrahim,2000-01-07
588744,Luca Everink,2001-02-09
618502,Antonio Pio Daniele,2002-07-10
699461,Cameron Harper,2001-11-19
952941,Josh Stones,2003-11-12
4451,Orlando Engelaar,1979-08-24
4624,Jos Hooiveld,1983-04-22
14716,Ross Tokely,1979-03-08
17057,Michael Liendl,1985-10-25
25727,Lukasz Piszczek,1985-06-03
28171,Chory Castro,1984-09-14
39728,Mats Hummels,1988-12-16
41355,Ricky van Wolfswinkel,1989-01-27
41751,Thomas Phibel,1986-05-21
43012,Djiby Fall,1985-04-20
48586,Dmitriy Belorukov,1983-03-24
51969,Marcel Appiah,1988-03-26
59238,Marwin Hitz,1987-09-18
71830,Bruno Wilson,1996-12-27
83882,Quincy Antipas,1984-04-20
103127,Rasmus Ingemann,1983-04-04
103128,Mads Justesen,1982-12-31
108601,Kamohelo Mokotjo,1991-03-11
120582,Agustín Cousillas,1990-04-19
128196,Ben Gordon,1991-03-02
131977,James Severn,1991-10-10
140069,Babajide Ogunbiyi,1986-11-30
144143,Bartosz Bereszynski,1992-07-12
146227,Jasper Cillessen,1989-04-22
147490,Diego Rodríguez,1991-01-08
148907,Sean Murray,1993-10-11
165895,Matteo Politano,1993-08-03
168088,Ádám Lang,1993-01-17
168125,Kay,1988-01-05
168158,Tuur Dierckx,1995-05-09
168337,Ahmed Musa,1992-10-14
168951,Filip Jankovic,1995-01-17
169249,Juan Sánchez Miño,1990-01-01
169841,Vladimir Golemic,1991-06-28
170522,Yanni Regäsel,1996-01-13
170611,Evgeni Ezhov,1995-02-11
170624,Aleksey Kurzenev,1995-01-09
170903,Steeve Yago,1992-12-16
170926,Mynor Escoe,1991-04-06
171411,Wilde-Donald Guerrier,1989-03-31
171768,Radu Ginsari,1991-12-10
171806,Mikkel Jespersen,1991-06-11
172338,Masahudu Alhassan,1992-12-01
172623,Rami Rabia,1993-05-20
173591,Jamie Maclaren,1993-07-29
173617,Fabrício,1990-03-28
174089,Santy Ngom,1993-03-07
174229,William Gros,1992-03-31
174792,Orri Sigurdur Ómarsson,1995-02-18
176556,Ibrahima Diédhiou,1994-10-13
176912,Steven Morrissey,1986-07-25
177031,Emrah Bassan,1992-04-17
177038,Ömer Can Sokullu,1988-08-14
177280,Vitaliy Gemega,1994-01-10
177544,Revson,1987-12-20
177547,Matheus,1992-03-29
177847,Adnan Januzaj,1995-02-05
178342,Abdoul Kaboré,1994-01-01
178469,Michael Krmencik,1993-03-15
178957,Bryan Idowu,1992-05-18
180218,Omid Ebrahimi,1987-09-16
180767,Gustav Wikheim,1993-03-18
181376,Wesley Jobello,1994-01-23
181380,Arthur Masuaku,1993-11-07
181498,George Evans,1994-12-13
181779,Wallace Oliveira,1994-05-01
181791,Jason Adesanya,1993-05-26
182581,Tonny Vilhena,1995-01-03
182720,Leandro Silva,1994-05-04
182903,Zakarie Labidi,1995-02-08
183321,Kevin Mbabu,1995-04-19
183614,Ahmet Dereli,1992-10-22
183841,Petar Stojanovic,1995-10-07
184575,Denys Bain,1993-07-02
184892,Florian Thauvin,1993-01-26
185147,Nick,1993-03-04
185966,Rodinei,1992-01-29
186031,Vlad Morar,1993-08-01
186593,Kevin Boli,1991-06-21
186664,Alexis Rolín,1989-02-07
186798,Andreas Kuen,1995-03-24
186858,Lesly de Sa,1993-04-02
187103,Robert Gojani,1992-10-19
187188,Bas Kuipers,1994-08-17
187290,Kevin Luckassen,1993-07-27
187299,Jordy Tutuarima,1993-04-28
187718,Clinton Mata,1992-11-07
188076,Kevin Buchan,1994-08-07
188733,Gonzalo Bueno,1993-01-16
189044,Bror Blume,1992-01-22
189475,Carlos Gruezo,1995-04-19
189507,Jonathan Black,1994-11-09
189513,David Wilson,1994-09-06
189740,Ángelo Henríquez,1994-04-13
189940,Florian Raspentino,1989-06-06
190576,Emre Öztürk,1992-08-26
190917,Dimitri Mohamed,1989-06-11
191179,Douglas Pará,1990-10-26
191190,Oliver Minatel,1992-08-29
191409,Dimitrios Kotsonis,1989-01-25
192492,Jordan Lefort,1993-08-09
192565,Leroy Sané,1996-01-11
193004,Waldemar Anton,1996-07-20
193069,Abdulwaheed Afolabi,1991-11-30
193125,Jack Smith,1994-12-27
193729,Rolf Toft,1992-08-04
193882,Jaison McGrath,1996-02-08
194641,Fábio Sturgeon,1994-02-04
195332,Salem Al-Dawsari,1991-08-19
195554,Pa Dibba,1987-10-15
196829,Timon Wellenreuther,1995-12-03
196842,Daniel Zeaiter,1995-03-30
197307,Saverio Madrigali,1995-01-28
197490,Riccardo Benatti,1994-01-30
197868,Rúben Alfaiate,1995-08-17
198391,Cheikh Bangré,1993-11-02
199305,Patryk Wolanski,1991-08-15
199583,Giovanni Zaro,1994-05-12
199976,Marco Sportiello,1992-05-10
200855,Gary Maley,1982-08-03
201553,Ashley Smith-Brown,1996-03-31
202318,Farid Boulaya,1993-02-25
202838,Max Reinthaler,1995-03-22
202973,Nicolò Tonon,1993-09-29
203173,Georgios Strezos,1995-07-06
203378,Zakaria Bakkali,1996-01-26
204047,Matus Bero,1995-09-06
204155,Ákos Kecskés,1996-01-04
204585,Joseph Lopy,1992-03-15
205004,Jorrit Hendrix,1995-02-06
205659,Oliver Sigurjónsson,1995-03-03
205677,Luca Garritano,1994-02-11
205878,Charlie Telfer,1995-07-04
206421,Michalis Avgenikou,1993-01-25
206734,Matej Mitrovic,1993-11-10
206743,Mike Havekotte,1995-09-12
206890,Oleksandr Luchyk,1994-03-30
207049,Elvio van Overbeek,1994-01-11
207376,Konstantinos Bouloulis,1993-12-07
207891,Ben Richards-Everton,1991-10-17
208604,Ramazan Övüc,1994-03-16
208819,David Reano,1984-03-20
210689,Vladyslav Kabaev,1995-09-01
211318,Ruslan Palamar,1993-08-09
211389,Helibelton Palacios,1993-06-11
211395,Mauricio Cuero,1993-01-28
211740,Aleksey Pugin,1987-03-07
212216,Jhonatan,1991-05-08
212234,Rafa Vieira,1992-07-09
212413,Ulysse Diallo,1992-10-26
212458,Christos Papadimitriou,1994-01-10
212642,Leke James,1992-11-01
213847,Jordan Roberts,1994-01-05
213976,Igor Kharatin,1995-02-02
213980,Vyacheslav Tankovskyi,1995-08-16
213987,Nery Bareiro,1988-03-03
214003,Guido Bennati,1994-03-23
214459,Giannis Charontakis,1995-08-07
215592,Haris Hajradinovic,1994-02-18
215676,Grégory Berthier,1995-11-11
215686,Rémi Walter,1995-04-26
215987,David Browne,1995-12-27
216179,Stefano Sensi,1995-08-05
216464,Carlos Fernández,1996-05-22
216608,Alaaddin Okumus,1995-08-23
217024,Andrey Ivanov,1994-09-02
217593,Todor Nedelev,1993-02-07
218471,Yaroslav Ovsyannikov,1993-05-14
220878,Issiaga Sylla,1994-01-01
221883,Abdul Basit,
222859,Florent Mollet,1991-11-19
222972,Andreas Bruhn,1994-02-17
223441,Ejike Uzoenyi,1992-03-23
224363,Georgios Georgakopoulos,1992-05-20
225122,Gonçalo Guedes,1996-11-29
225236,Danny Armstrong,1997-10-11
226024,Abdel Malek El Hasnaoui,1994-02-09
226288,Lucas Rougeaux,1994-03-10
226290,Fabien Tchenkoua,1992-10-01
227236,Patrick Born,1994-07-09
227347,Valentin Antov,2000-11-09
227639,Dzenan Burekovic,1995-05-29
227752,Tedore Grigalashvili,1993-05-12
227805,Jaume Doménech,1990-11-05
227938,Argyris Barettas,1994-05-06
229005,Abdou Diallo,1996-05-04
229807,Fuat Gölbasi,1991-10-08
229853,Birama Touré,1992-06-06
229857,Bright Edomwonyi,1994-07-24
231316,Axel Méyé,1995-06-06
231786,Georgios Giagiozis,1995-04-03
231807,Pavlos Koliakoudakis,1993-06-12
231941,Khalid Boutaïb,1987-04-24
232668,Haico Epe,1995-06-27
232895,Zinedine Ferhat,1993-03-01
234764,Nuno Campos,1993-06-13
234773,Sérgio Duarte,1993-01-11
234784,Mark Hurst,1995-10-21
234789,Enias Kalogeris,1990-10-09
235924,Marco Russu,1995-10-15
236513,Jerome Sinclair,1996-09-20
236940,Mihai Balasa,1995-01-14
238032,Andrés Prieto,1993-10-17
238291,Fabrice Olinga,1996-05-12
238367,Cassiano,1989-06-16
238626,Laurent Abergel,1993-02-01
238836,Spyros Lamprou,1990-06-24
238977,Gabriele Moncini,1996-04-26
239033,Rafael Batatinha,1990-02-09
239149,Luís Mendonça,1991-09-24
239732,Canberk Aydin,1994-03-16
240026,Jorge Díaz,1989-06-28
240076,Samba Ndiaye,1994-01-12
240260,Franjo Prce,1996-01-07
240263,Frederic Ananou,1997-09-20
240415,Leonardo Morosini,1995-10-13
240457,Max Stryjek,1996-07-18
240692,Reinildo Mandava,1994-01-21
241007,Khaly Thiam,1994-01-07
241077,Corentin Halucha,1995-06-03
241325,Edwin Maanane,1995-02-03
241402,Rewan Amin,1996-01-08
241420,Damian van Bruggen,1996-03-18
241902,Berkan Emir,1988-02-06
241916,Brian Lenihan,1994-06-08
241923,Lorenzo Montipò,1996-02-20
242417,George Waring,1994-12-02
242537,Samuele Massolo,1996-05-04
242603,Jordan Brown,1996-11-10
243096,Jorge Sánchez,1993-03-22
244130,Sullay Kaikai,1995-08-26
244256,Greg Kiltie,1997-01-18
244620,Vladyslav Levanidov,1993-02-23
245334,Jerome Binnom-Williams,1995-03-07
245625,Alex Palmer,1996-08-10
246241,Burak Süleyman,1994-09-01
247250,Rubén Alcaraz,1991-05-01
248755,Jamie Sendles-White,1994-04-10
248931,Oleksandr Kapliyenko,1996-03-07
249619,Igor Brovko,1992-08-13
249636,Gautier Lloris,1995-07-18
250064,Kyrylo Nesterenko,1992-03-01
250153,Pasquale Mazzocchi,1995-07-27
250591,Arno Verschueren,1997-04-08
250921,Mauro Coppolaro,1997-03-10
251106,Enes Ünal,1997-05-10
251813,Niclas Eliasson,1995-12-07
252027,Lorenzo Pace,1995-03-10
253012,Matteo Franchetti,1996-05-03
253045,Cristian Cangá,1993-02-23
253677,Tyrone Mings,1993-03-13
254016,Arthur Delalande,1992-05-18
254249,Aaron Appindangoyé,1992-02-20
254341,Spyros Gougoudis,1989-04-17
255452,Aleksandr Morgunov,1995-06-04
255838,Patrick Ciurria,1995-02-09
255891,Alexandros Poptsis,1994-02-11
255904,Kaiser,1996-04-04
255944,Guillermo Celis,1993-05-08
256718,Sven van Beek,1994-07-28
257461,Nemanja Ivanovic,1997-05-14
257474,Vanja Milinković-Savić,1997-02-20
257729,Aaron McGowan,1996-07-24
257838,Oleksandr Antonenko,1991-01-06
258002,Luís Mata,1997-07-06
258027,Renato Sanches,1997-08-18
258879,Cameron Borthwick-Jackson,1997-02-02
260416,Lorenzo Paolucci,1996-10-01
260543,Nemanja Nikolic,1992-10-19
260637,Jeremy Mayele Munkana,1995-03-01
260672,Ayaz Guliev,1996-11-27
261095,Sauli Väisänen,1994-06-05
262022,Jamal Thiaré,1993-03-31
262980,Jefferson Lerma,1994-10-25
263862,Moha Traoré,1994-11-29
265265,Junior Ebobo,1993-04-03
265916,Lucas Ontivero,1994-09-09
267330,Joel Abu Hanna,1998-01-22
268214,Joost Krijns,1993-05-08
268926,Burak Demiregen,1993-08-03
269469,Octávio,1993-12-29
269586,Jesse Wijnen,1994-12-15
270667,Batradz Kokoev,1995-08-12
271598,Emiliano Ellacopulos,1992-01-14
271787,Deniz Hümmet,1996-09-13
271891,Artem Orsaev,1993-09-20
272159,Florian Flecker,1995-10-29
272640,Morgan Poaty,1997-07-15
272684,Abdul Bai Kamara,1996-05-25
272687,Gino Bosz,1993-04-23
272920,Abud Omar,1992-09-09
273173,Bödvar Bödvarsson,1995-04-09
273236,Marlon,1995-09-07
273641,Vasyl Bilyi,1990-03-13
276380,Marc Waters,1996-03-30
279369,Mohamed Daf,1994-03-10
279634,Volkan Egri,1998-04-02
279764,Hristofor Hubchev,1995-11-24
280080,Antonis Dentakis,1995-03-13
280178,Claude Gonçalves,1994-04-09
280543,Malcolm Badu,1997-06-23
282000,Carlos Ramos,1994-08-31
282028,Rémy Descamps,1996-06-25
282169,Marin Sverko,1998-02-04
282575,Murat Hocaoglu,1995-06-11
282615,Mete Demir,1998-05-13
282625,Nikolay Kipiani,1997-01-25
282700,Enric Franquesa,1997-02-26
282900,Pablo Martínez,1989-02-21
282954,Frederik Brandhof,1996-07-05
283917,Vladimir Rodic,1993-09-07
284342,Conan Ledesma,1993-02-13
284346,Phillip Menzel,1998-08-18
284856,Dimitrios Chatziisaias,1992-09-21
285621,Mohammed Fuseini,1992-07-02
285775,Nikola Mileusnic,1993-07-17
285868,Nikolay Rasskazov,1998-01-04
286000,Joseph Mensah,1994-09-29
286392,Athanasios Garavelis,1992-08-06
287528,Connor Mahoney,1997-02-12
287579,Sofyan Amrabat,1996-08-21
287653,Diego Rossetto,1996-01-19
287710,Gabriel Lunetta,1996-08-10
287863,Antonio Palumbo,1996-08-06
288000,Michele Troiani,1996-07-21
288018,Apostolos Garyfallopoulos,1995-06-06
288240,Igor Konovalov,1996-07-08
288251,Sébastien Salles-Lamonge,1996-01-28
288253,Jerry St. Juste,1996-10-19
290269,Eri,1994-02-08
290337,Gilson Costa,1996-09-24
290571,Alvaro Ngamba,1998-12-15
290603,Haykeul Chikhaoui,1996-09-04
290785,Sebastián Gamarra,1997-01-15
290872,Jérémie Porsan-Clémente,1997-12-16
291451,Luís Gustavo,1992-01-07
292203,Jaílson,1991-02-21
292350,Anastasios Dimitriadis,1997-02-27
292773,Melih Okutan,1996-07-01
293325,Emil Riis,1998-06-24
293746,Ross McCrorie,1998-03-18
293777,Rory Currie,1998-02-20
293985,Yakup Demir,1992-02-15
294814,Anderson Niangbo,1999-10-06
294853,Sebastián Driussi,1996-02-09
295024,Samet Akaydin,1994-03-13
295065,Toni Moya,1998-03-20
295082,Jon Sillero,1998-05-24
295331,Isaac Success,1996-01-07
295780,Giannis Masouras,1996-08-24
297008,Igor Koshman,1995-03-07
297189,Marko Nikolic,1997-09-17
297212,Joe Rodon,1997-10-22
297257,Mikey Johnston,1999-04-19
298580,Burak Capkinoglu,1995-02-25
298595,Rahmi Can Karadas,1995-04-14
299902,Axel Björnström,1995-09-10
299973,Tim Hall,1997-04-15
300508,Palkó Dárdai,1999-04-24
301235,Giacomo Calò,1997-02-05
301239,Christian Mora,1997-12-31
301949,Dmitriy German,1988-06-12
302497,Nicola Mosti,1998-02-07
302886,Abderrahmane Yousfi,1994-06-30
303111,Emmanuel Besea,1997-04-15
303187,Simone Pinna,1997-10-17
303402,Romain Achilli,1993-02-15
306024,Dominic Calvert-Lewin,1997-03-16
306166,Nuno Da Costa,1991-02-10
307535,Fatih Kaan Ariman,1994-10-28
308433,Christophe Samuel,1983-08-01
308621,Said-Ali Akhmaev,1996-05-30
310759,Jean-Marc Makusu,1992-03-27
312341,Luca Ravanelli,1997-01-06
312735,Bryan Cabezas,1997-03-20
313504,Marvin Martins,1995-02-17
313729,Justin Bakker,1998-03-03
314210,Tom Davies,1998-06-30
314371,Jahmal Hector-Ingram,1998-11-11
314875,Jarrod Bowen,1996-12-20
314912,Jérôme Hergault,1986-04-05
314915,Siebe Horemans,1998-06-02
315237,Yevgeniy Pasich,1993-07-13
315556,Artem Yuran,1997-06-24
315798,Yasin Davus,1995-02-05
316946,Sergiy Napolov,1996-01-27
316983,Marko Johansson,1998-08-25
317057,Adrian Semper,1998-01-12
317179,Abdel Mounaim El Ouazzane,1998-02-26
317482,Marko Rog,1995-07-19
317753,Silas Zehnder,1999-06-30
318355,Leonidas Kastritseas,1996-03-17
321086,Emil Nielsen,1996-01-29
321158,Simon Olsson,1997-09-14
321247,Emiliano Buendía,1996-12-25
321705,Sefa Akgün,2000-06-30
324282,Fabio Depaoli,1997-04-24
324352,Marios Siabanis,1999-09-28
324475,Carlos Calderón,1995-04-14
324795,Mahdi Camara,1998-06-30
324799,Ruben Droehnle,1998-07-11
326194,Suad Sahiti,1995-02-06
326200,Óscar Barreto,1993-04-28
326587,Matty Smith,1997-03-13
327326,Giacomo Poluzzi,1988-02-25
328940,Roniel,1994-06-02
328960,Giannis Giorgou,1996-08-05
330593,Jeff King,1995-12-19
331467,Felipe Curcio,1993-08-06
332049,Issam Chebake,1989-10-12
332134,Valentin Belon,1995-06-13
332204,Niels De Pauw,1996-01-19
334046,Sonhy Sefil,1994-06-16
334437,Aleksandr Kuznetsov,1997-03-21
334992,Jonathan Klinsmann,1997-04-08
334999,Finn Ole Becker,2000-06-08
335221,Dani Martín,1998-07-08
336158,Gustavo Sauer,1993-04-30
336577,Petar Bosancic,1996-04-19
337066,Toni Villa,1995-01-07
337083,Erik Majetschak,2000-03-01
337689,Roman Ferber,1993-05-29
337725,Christian Kouamé,1997-12-06
338673,Thibaud Verlinden,1999-07-09
338838,Muhammet Besir,1997-01-01
339328,Owen Wijndal,1999-11-28
339787,Enea Sanna,1997-01-03
339808,Theo Hernández,1997-10-06
339851,Robin Leemans,1993-06-25
340308,Ilias Chatzitheodoridis,1997-11-05
340353,Maduka Okoye,1999-08-28
340430,Lorenzo Crisanto,1998-04-20
340694,Sergey Eremenko,1999-01-06
341227,Juan Miranda,2000-01-19
341490,Oleksandr Glagola,1997-07-19
342039,Yannik Keitel,2000-02-15
342212,Yoann Etienne,1997-05-19
342347,Anastasios Zarkadas,1994-11-04
343055,Jarno De Smet,1999-02-05
343273,Joni Montiel,1998-09-03
343289,André Bukia,1995-03-03
343489,Besir Demiri,1994-08-01
343749,Kirill Gotsuk,1992-09-10
343773,Oleg Kozhemyakin,1995-05-30
343945,Niccolò Zanellato,1998-06-24
343950,Cristian Hadžiosmanović,1998-07-09
343953,Marko Ilić,1998-02-03
344399,Leonardo Ruiz,1996-04-18
344581,Kieran Freeman,2000-03-30
344606,Benjamin Vérité,1999-04-21
344655,Luca Coccolo,1998-02-23
344695,Dayot Upamecano,1998-10-27
344802,Simon Stefanec,1998-09-05
345084,Jorge,1996-03-28
346328,Jakub Bednarczyk,1999-01-02
347383,Arda Akbulut,2001-01-01
347595,Clément Depres,1994-11-25
347905,João Lucas,1996-01-15
348839,Sergiy Kulynych,1995-01-09
349581,Miguel Pereira,1995-12-13
349717,Daniele Cipolla,1998-02-09
349905,Cesare Pogliano,1998-01-08
350219,Fabián Ruiz,1996-04-03
351390,Aaron Dhondt,1995-12-18
351597,Shayne Lavery,1998-12-08
352840,Ahmed Isaiah,1995-10-10
352898,João Amaral,1991-09-07
353056,Haashim Domingo,1995-08-13
353271,Konstantinos Apostolakis,1999-05-28
353826,Robert Gumny,1998-06-04
353878,Mitsuki Saito,1999-01-10
354316,Ilyas Sari,1996-03-15
354742,Pepe Castaño,1998-12-10
355698,Giannis Aslanidis,1995-07-25
355759,Alexandros Masouras,1998-03-21
357802,Duje Javorcic,1999-11-25
357826,Thomas Buitink,2000-06-14
358511,Alexandre Lavenant,1995-03-24
358733,Cristian Alex,1993-12-01
358981,Kingsley Fobi,1998-09-20
360412,Jordy Caicedo,1997-11-18
361914,Nayef Aguerd,1996-03-30
362809,Brandon Comley,1995-11-18
362835,Júnior Tavares,1996-08-07
364134,Alessio Bianchi,2000-10-02
364299,Obinna Nwobodo,1996-11-29
365779,Luka Gucek,1999-01-29
366930,Sergio Gómez,2000-09-04
368373,Leonardo Sarzi Maddidini,1998-09-21
368624,Mamadou Thiam,1995-03-20
368631,Alen Mustafic,1999-07-05
369106,Gerasimos Koutsopodiotis,1999-04-10
369283,Bruno Mota,1995-05-22
369291,Eray Karatas,1998-07-13
369675,Magnus Christensen,1997-08-20
369952,Aleksandr Evinov,2000-04-01
370998,Bartol Franjic,2000-01-14
371078,Rijad Sadiku,2000-01-18
371371,Marash Kumbulla,2000-02-08
371503,Rúben Freitas,1993-01-02
373359,Andrea Badan,1998-03-21
373941,Joël Bopesu,1995-01-25
375854,Sodiq Fatai,1996-06-04
375877,Vakoun Bayo,1997-01-10
378225,Théo Pierrot,1994-01-01
378482,Patrick Sequeira,1999-03-01
378820,David Mildzikhov,1994-06-08
380423,Maximilian Zaiser,1999-03-08
380691,Vitaliy Koltsov,1994-03-20
380986,Anton Makurin,1994-12-12
380998,Leandro Junio,1997-06-12
383453,Mert Güney,1996-04-12
383567,Volodymyr Senytsya,1997-04-26
383705,Mark Spenkelink,1997-01-27
384745,Tobias Raschl,2000-02-21
385394,Alberto Dossena,1998-10-13
385400,Furkan Tas,1997-05-05
386667,Iker Bilbao,1996-03-20
386942,Bobby Burns,1999-10-07
387234,Szymon Zurkowski,1997-09-25
387626,Leon Bailey,1997-08-09
388512,Marc Baró,1999-08-23
390125,Lefteris Lyratzis,2000-02-22
391023,Panagiotis Avramidis,1997-02-19
391065,Hamed Junior Traorè,2000-02-16
391338,Safa Ali Memnun,1996-06-03
392091,Dmytro Semeniv,1998-06-24
392678,Dmitriy Weber,1999-02-10
392958,Enrico Zanoni,1999-08-23
394348,Filippo Pavoni,1999-08-08
395699,Alan Dzabana,1997-03-25
396067,Aristidi Kolaj,1999-04-09
396337,Miguel San Román,1997-07-14
396394,Valeriy Bondar,1999-02-27
396540,Finlay Robertson,2002-11-12
396906,Ferhan Evren,2000-10-01
398058,Carlo Romei,1999-09-04
398429,Alexandros Grigorakis,1995-11-22
399373,Morgan Feeney,1999-02-08
399775,Miguel Llambrich,1996-01-18
400131,Siebe Van Der Heyden,1998-05-30
400422,Cammy Thomson,1999-11-28
400931,Ibrahima Diallo,1998-10-10
401918,David Enogela,1998-02-04
402008,Amadou Haidara,1998-01-31
402463,Cameron Gilchrist,1997-07-29
402618,Turgay Mokhbaliev,2000-01-18
402874,Dmytro Lytvyn,1996-11-21
402961,Nikolaos Lazaridis,1997-04-12
403574,Elliot Watt,2000-03-11
403575,Seb Ross,2000-01-20
404584,Marcus Forss,1999-06-18
404912,Vladislav Karapuzov,2000-01-06
405689,Merveille Papela,2001-01-18
407094,Szymon Czyz,2001-07-08
408895,Juanjo Garrancho,1997-06-22
409353,Tim Riksman,1998-06-09
410212,Sori Mané,1996-04-03
411287,Justin Hoogma,1998-06-11
412045,Pol Lozano,1999-10-06
416012,Twan Roex,1997-01-31
416242,Ugurcan Yasin Tabak,1996-10-25
416390,Bradley Martis,1998-07-13
416489,Kyriakos Glezos,2000-06-12
416621,Jordan Lee,1996-12-31
418071,Théo Leoni,2000-04-21
418320,Marco Túlio,1992-04-30
418615,Lucas França,1996-01-19
419936,Chuchu,1998-05-04
420064,Caio Henrique,1997-07-31
420849,Matteo Volteggi,1998-02-23
421224,Thomas Vasiliou,1994-07-28
422158,Nicolas Olsak,1991-11-25
422355,Jens Petter Hauge,1999-10-12
422807,Karolis Uzela,2000-03-11
424051,Samuel Kalu,1997-08-26
424204,Alphonso Davies,2000-11-02
424328,Elber Evora,1999-12-02
425371,Pedro Marques,1998-03-18
425707,Artem Dudik,1997-01-02
426213,Rodrigo Conceição,2000-01-02
427341,Danylo Kucher,1997-01-25
428050,August Erlingmark,1998-04-22
429874,Ansgar Knauff,2002-01-10
429911,Lars Coveliers,2000-10-20
429927,Arno Valkenaers,2000-11-03
430503,Jacopo Da Riva,2000-10-27
431475,Mateusz Bogusz,2001-08-22
433183,Tommy Doyle,2001-10-17
433933,Kevin Felida,1999-11-11
434207,Aaron Connolly,2000-01-28
434358,Sofiane Alakouch,1998-07-29
434598,Danil Chernov,1996-04-24
435026,Maarten Rieder,1999-09-29
435205,Lewis Clark,1998-02-12
435489,Lucas Kal,1996-03-16
440531,Jan Ras,1999-01-28
440718,Michele Emmausso,1997-08-04
441689,Enes Dolovac,1999-02-01
442319,Richlord Ennin,1998-09-17
442805,Iddrisu Baba,1996-01-22
448087,Max Winter,2001-02-16
449111,Vadym Dmytrochenko,1996-04-06
450688,Sam Roscoe,1998-06-16
451675,Anastasios Tselios,2002-10-14
451858,Rui Costa,1996-02-20
451906,David Nemeth,2001-03-18
452578,Yevgen Kotyun,1996-07-31
452579,Sergiy Melinyshyn,1997-05-26
453096,Cláudio Tavares,1997-03-23
454187,Joritz Landeta,1995-10-10
457041,Okan Saracoglu,1998-02-16
457528,Zach Hemming,2000-03-07
457728,Mustapha Bundu,1997-02-28
457911,Dzhambulat Dulaev,1998-10-18
457940,Joël Zwarts,1999-04-26
459655,Matteo Lovato,2000-02-14
459818,Pavlos Zotos,1997-02-17
460654,Mehdi Zerkane,1999-07-15
460848,Anton Tanghe,1999-01-28
461617,Rodrigo Riquelme,2000-04-02
461903,João Silva,1999-01-14
462770,Ömer Celik,1996-09-04
462772,Tayyip Talha Sanuc,1999-12-17
463397,Mauricio Cortés,1997-02-09
463608,Mathieu Gonçalves,2001-06-08
463760,Ethan Erhahon,2001-05-09
463872,Mykhaylo Popov,1996-07-02
464259,Aleksandr Sobolev,1997-03-07
464753,Emanuele Zamarion,2000-08-04
465836,Stefan Bajic,2001-12-23
466794,Eric García,2001-01-09
467240,Andriy Kozhukhar,1999-07-20
467247,Yaroslav Gomenko,1999-03-30
469064,Gavin Kilkenny,2000-02-01
469976,Christopher Operi,1997-04-29
470606,Leighton Clarkson,2001-10-19
474800,Facundo Medina,1999-05-28
476165,Jan Gorenc,1999-07-26
476624,Christian Pastina,2001-02-15
476735,Mikkel Qvist,1993-04-22
477274,Nikolas Agrafiotis,2000-04-25
477461,Guilherme Mantuan,1997-08-02
479999,Eberechi Eze,1998-06-29
480958,Ander Iru,1998-08-22
480987,Chris Mepham,1997-11-05
481344,Alessandro Russo,2001-03-31
481552,Giannis Bastianos,1998-04-29
481627,Sandro Cruz,2001-05-12
482792,Simone Rabbi,2001-10-30
483008,Andrej Djokanovic,2001-03-01
483495,Ali Kaan Güneren,2000-04-08
483717,Roman Shandruk,1998-05-29
483993,Abdulkadir Celik,2001-01-05
484873,Kady Borges,1996-05-02
484992,Aimen Moueffek,2001-04-09
485578,Mizhat Burak Sari,1999-08-15
486049,Jérémy Doku,2002-05-27
487353,Áron Dobos,2000-06-08
487835,Alessandro Pio Riccio,2002-02-06
487838,Niccolò Squizzato,2002-01-07
488849,Abubakar Kadyrov,1996-08-26
489716,Victor Mpindi,1997-02-27
489971,Exaucé Ngassaki,1997-01-30
490365,Saveliy Kozlov,1997-01-19
490387,Lillo Guarneri,2002-05-08
490884,Ludovit Reis,2000-06-01
491587,Alexis Duarte,2000-03-12
491890,Stephen Odey,1998-01-15
492489,Christian Vestergaard,2001-04-26
494180,Runar Hauge,2001-09-01
495124,Brian Orosco,1998-02-28
495601,Víctor Gómez,2000-04-01
495923,Oleg Ilyin,1997-06-08
497225,Pablo Lombo,1999-05-24
498234,Tomás Domingos,1999-05-01
500087,Boris Mathis,1997-08-15
502454,Lucas Maus,2002-06-09
503241,Reece Hannam,2000-09-11
503331,Benjamin Schubert,1996-09-22
503740,Kouadio-Yves Dabila,1997-01-01
503871,Morten Frendrup,2001-04-07
504259,Hassane Bandé,1998-10-30
505464,Bogdan Kurtyak,2000-03-11
506009,Amine Bassi,1997-11-27
506623,Miguel Machado,1999-06-29
506948,Guy Mbenza,2000-04-01
509234,Mattéo Ahlinvi,1999-07-02
509713,Declan Glass,2000-06-07
511790,Baran Güler,1999-09-17
511815,Owen Otasowie,2001-01-06
513158,Fadiga Ouattara,2001-11-18
514193,Nikolaj Lyngö,1998-02-03
514285,Quilindschy Hartman,2001-11-14
515050,Ilya Vakhania,2001-01-14
515056,Stepan Oganesyan,2001-09-28
515078,Evgeniy Tatarinov,1999-02-06
515386,Beau Reus,2001-10-30
515639,Alan,1997-04-04
517300,Tormena,1996-01-04
517469,Paris Babis,1999-07-17
517699,Diogo Sousa,1993-08-08
518258,Aleksandr Alekseev,2002-02-14
518260,Roman Nogtev,2002-03-28
519825,Ilya Vorotnikov,2001-02-11
520462,Rômulo,1996-01-10
520469,Junio,1997-02-27
520732,Tobias Arndal,1997-09-01
521329,Carlos Redruello,1997-06-23
521455,Julio Alonso,1998-12-14
522714,Anderson Silva,1997-11-21
522784,Taty Castellanos,1998-10-03
522788,Timothé Nkada,1999-07-20
523315,Ilya Shkurin,1999-08-17
523968,Mario del Campo,1999-01-31
524000,Dani Vivian,1999-07-05
524290,Fisnik Asllani,2002-08-08
527347,Tim Prica,2002-04-23
527555,Marcel Johnen,2002-10-11
527838,Álex Petxa,1997-02-06
530223,Mungo Bridge,2000-09-12
531957,Cody Drameh,2001-12-08
531960,Lucas Buades,1997-12-28
532460,Shane Blaney,1999-01-20
532676,Konstantin Tyukavin,2002-06-22
533083,Bayli Spencer-Adams,2001-06-26
533239,Antonis Trimmatis,1999-04-29
533537,Rostyslav Lyakh,2000-10-12
534491,Pierre Patron,1997-08-20
534698,Robbie Gotts,1999-11-09
535949,Ilya Vorobyev,1999-07-11
537548,Fabrizio Bagheria,2001-04-05
538773,Chinedu Geoffrey,1997-10-01
538978,Pedrinho,1999-11-10
539134,Daniel Maldini,2001-10-11
539248,Kalle Christensen,
539738,Oleg Gorin,2000-02-02
542380,Amirhossein Hosseinzadeh,2000-10-30
542588,Alessandro Sorrentino,2002-04-03
543736,Krisztofer Horváth,2002-01-08
544149,David Zima,2000-11-08
546047,José Juan Macías,1999-09-22
546295,Amur Kalmykov,1994-05-29
546343,Nikolai Kemlein,2002-07-12
546627,Jacopo Pellegrini,2000-09-12
548656,João Paredes,1996-01-01
549011,Guilherme Pio,2003-09-22
550549,Tomás Tavares,2001-03-07
552057,Adam Hlozek,2002-07-25
552418,Sergiy Kyslenko,1998-06-30
559324,Youri Regeer,2003-08-18
560483,Randy Nteka,1997-12-06
561452,Dan Chesters,2002-04-04
567023,Gamid Agalarov,2000-07-16
567112,Murray Miller,2002-01-29
567505,Konstantinos Stamoulis,2000-10-29
568535,Theo Corbeanu,2002-05-17
569031,Umut Tohumcu,2004-08-11
569367,Cheick Souaré,2002-09-03
569598,Youssouf Fofana,1999-01-10
571020,Oihan Sancet,2000-04-25
571299,Hrvoje Smolcic,2000-08-17
571743,Armando Broja,2001-09-10
572402,Jagvir Singh,2001-01-04
573133,Charlie McCann,2002-04-24
575472,Arnau Fàbrega,2000-06-28
575716,Vasco Sousa,2003-04-03
575783,Dmitriy Sergeev,2000-04-03
576979,Ugur Samet Ünalir,2000-07-30
578791,Michael Ruth,2002-01-08
579205,Clément Billemaz,1998-09-22
579586,Rudolf Blagogee,2000-08-29
580277,Gianluca Schäfer,2003-02-27
580560,Jon Pacheco,2001-01-08
581640,Coke Carrillo,2002-01-07
581675,Harvey Vale,2003-09-11
582698,Florentin Bloch,2000-02-02
583354,Vladyslav Sydorenko,1997-10-24
583953,Oliver Ewing,2003-01-03
585959,Arnaud Kalimuendo,2002-01-20
586599,Deji Sotona,2002-12-07
586709,Georgios Doumtsis,2000-03-04
587002,Myles Peart-Harris,2002-09-18
587776,Jonathan Bustos,1994-06-29
588747,Tim Civeja,2002-01-04
591373,Jan Quispel,2002-05-04
592351,Junior Brandão,1995-01-07
593939,Mathéo Vroman,2001-11-19
594069,Yuki Soma,1997-02-25
595169,Ansou Sow,2000-05-09
597153,Luiyi de Lucas,1994-08-31
598399,Marius,1998-01-22
598828,Aleksey Mamin,1999-03-22
599675,Arman Taranis,2001-07-30
600677,Jaimy Kroesen,2003-03-27
602105,Antony,2000-02-24
603149,Mohammad Mohebi,1998-12-20
604207,Filippo Rinaldi,2002-12-04
604673,Nuninho,1998-02-28
605144,Cole Bassett,2001-07-28
606042,Cristiano Abreu,1999-05-21
606067,Marcelo Marques,1998-08-31
606450,Gaoussou Traoré,1999-12-04
607141,Marcus Steffen,2003-02-01
610441,Mattias Jakobsen,2003-01-08
611673,Ahmadou Dia,1999-10-13
613781,Vasilios Zagaritis,2001-05-04
614742,Drissa Camara,2002-02-18
615333,Maksym Agapov,2000-02-28
616887,Batuhan Güleryüz,1999-01-05
617267,Henrique Araújo,2002-01-19
617872,Ahmet Kartal,2001-06-29
618463,Lucas Margueron,2001-02-12
622031,Tommaso De Nipoti,2003-07-23
622800,Francesco Migliardi,2003-03-19
622861,Emre Nasuh,2001-01-01
623232,Danil Beltyukov,2002-11-13
623718,Konstantinos Roukounakis,2001-07-17
624920,Béni Makouana,2002-09-28
625657,Unai Marrero,2001-10-09
625660,Jon Ander Olasagasti,2000-08-16
625861,Pierre Ramses Akono,2000-06-29
627228,Yan Couto,2002-06-03
627229,Paulo Eduardo,2002-02-14
627626,Wilfried Gnonto,2003-11-05
627924,Ousseynou Ndiaye,1998-11-24
627939,Ken Nkuba,2002-01-21
628835,Dany Jean,2002-11-28
630032,Kevin Rosero,1998-12-03
631222,Raúl Torrente,2001-09-11
632088,Cisse Sandra,2003-12-16
633530,Jordan Zemura,1999-11-14
633647,Tom Ritchie,2003-01-27
635481,Ivan Mochevinskyi,1998-03-30
635772,Sory Doumbouya,1999-01-31
636741,Matheus Nogueira,1997-09-20
638920,Miguel Musset Quintais,1998-12-12
640026,Shola Shoretire,2004-02-02
643528,Yahya Nadrani,1997-01-14
652637,Michael Mullen,2003-05-02
654385,Álvaro Vieira,1995-03-10
655173,Brooklyn Genesini,2001-12-12
655525,Yeferson Paz,2002-06-13
655626,Alexandros Lolis,2002-09-05
655668,Dimitrios Miltiadis,2002-06-07
655899,Serdar Saatci,2003-02-14
657431,David Veiga,2000-02-10
658536,Simon Adingra,2002-01-01
659459,Carney Chukwuemeka,2003-10-20
659782,Ege Özkayimoglu,2001-07-18
660438,Orri Óskarsson,2004-08-29
661205,Daniel Karlsbakk,2003-04-07
661284,Fabinho,1996-07-07
663254,Dinis Pinto,2000-08-24
666151,Marcelo Araújo,2000-06-02
666975,Ousmane Ba,2002-06-06
670988,Wanya Marçal,2002-10-19
671665,Kiany Vroman,2004-01-21
672314,Apostolos Apostolopoulos,2002-12-11
673495,Emil Roback,2003-05-03
673977,Eric Asomani,1999-11-08
674612,Youssouf Ndayishimiye,1998-10-27
677187,Murathan Sütcü,2000-02-17
684061,Lucas Soares,1998-05-04
685131,Álmos Kalafat,2001-09-04
686059,Ivan Kuzmichev,2000-10-20
686839,Owen Dodgson,2003-03-19
690300,Ruslan Murtazov,2003-03-11
692463,Fabian Eutinger,2003-10-12
695229,Bertram Kvist,2005-03-19
699704,Gabri Veiga,2002-05-27
700034,Ugur Kaan Yildiz,2002-08-06
700168,João Victor,1998-05-03
704773,Amourricho van Axel Dongen,2004-09-29
707159,Jarne Steuckers,2002-02-04
707381,Alem Sabic,2003-01-03
707777,David Mindombe,2001-06-19
708775,Furkan Kara,2001-02-19
709011,Sadat Anaku,2000-12-09
709969,Ilias Akhomach,2004-04-16
717390,Anton Tsarenko,2004-06-17
717394,Yuriy-Volodymyr Gereta,2004-01-30
718408,Dmytro Kapinus,2003-04-28
720162,Justin Diehl,2004-11-27
724033,Manolis Sbokos,2003-02-19
725201,Nacho Pastor,2000-04-03
726014,Maksym Dyachuk,2003-07-21
729680,Madyan Sounni,2002-12-23
731876,Montasser Lahtimi,2001-04-01
733579,Clayton,1999-01-11
740039,John Nekadio,2002-01-06
740230,João Veras,2000-10-26
740273,Nathan,2001-09-05
741700,Frankie Ealing,2004-07-14
743515,Robin Risser,2004-12-02
744024,João Marcelo,2000-06-13
745181,Soungoutou Magassa,2003-10-08
745341,Yann Lienard,2003-03-16
745483,Ilya Kuleshin,2000-08-29
768149,Dmytro Kasabutskyi,2000-07-19
771909,Aleks Chidomere,2002-08-12
775709,Georgiy Yermakov,2002-03-28
787151,Lukas Ullrich,2004-03-16
788283,Bobby Thomas,2001-01-30
789584,Oleg Bereza,2001-08-20
794758,Warren Kamanzi,2000-11-11
801886,Isak Jensen,2003-12-23
802726,Charly Horneman,2004-03-21
804708,Brandon Dominguès,2000-06-06
804829,Yannick Pandor,2001-05-01
806496,Yadaly Diaby,2000-08-09
811332,Eren Kiryolcu,2003-02-21
812755,Denys Pidgurskyi,2003-05-27
814644,Ivan Petrenko,2000-07-28
818286,Alexandre Moutinho,2001-08-07
820381,Mohamed Brahimi,1998-09-17
821536,Igor Bekerskyi,2002-04-26
821539,Artur-Bogdan Shuta,2001-03-14
822900,Dmytro Sydorenko,2002-11-12
830079,Rodion Plaksa,2002-01-22
838813,Abderahmane Soussi,2003-01-30
841731,Edu,2002-05-27
844358,Sergiy Topchiy,2001-07-10
851942,Robbie Hamilton,2004-06-15
852998,Baptiste Gabard,2000-01-28
853239,Adewale Oladoye,2001-08-25
854606,Wilinton Aponzá,2000-03-29
855014,Kévin Keben,2004-01-26
855015,Farès Chaïbi,2002-11-28
855842,Marvin Dewaele,2000-01-13
860051,Ayoub Amraoui,2004-05-14
871863,Andriy Andreychuk,2003-02-17
873444,Efe Tecimer,2003-07-09
874121,Altay Özkan,2003-01-01
874734,Can Ceylan,2002-06-10
876857,Yigit Ulas,2004-06-19
883005,Ethan Laidlaw,2005-01-02
904662,Louis Mouton,2002-06-03
905961,Thijmen Renkel,2003-09-26
910769,Maksim Shakhov,2005-01-11
914562,Désiré Doué,2005-06-03
917778,Rémy Labeau Lascary,2003-03-03
924466,Anton Zhylkin,2003-04-14
926924,Furkan Kütük,2002-12-07
927635,Carlos Garcés,2001-10-11
928831,Tugay Gündem,2003-03-07
930254,Artem Khatskevich,2003-06-19
935046,Roman Savchenko,2004-02-17
935456,Sergio Diez,2003-07-28
936823,Paolo Nedes,2003-03-27
939796,Thijs Coninckx,2003-10-27
942083,Karim Mohamed,2001-04-02
948267,Diby Keita,2003-07-08
956459,Enes Erdem,2004-05-27
964037,Yevgen Danylyuk,2003-01-12
985814,Kasim Alperen Kösker,2003-02-08
987700,Jonathan Okoronkwo,2003-09-13
1001840,Tom Welsh,2003-12-07
1004090,Matteo Renzulli,2003-04-15
1015851,Burak Arik,2005-01-22
1044871,Vasco Sousa,2004-04-06
1122,Sven Neuhaus,1978-04-04
1331,Kevin Kuranyi,1982-03-02
2309,Zvjezdan Misimovic,1982-06-05
3201,Stathis Tavlaridis,1980-01-25
3233,Chris,1978-08-25
3235,Rio Ferdinand,1978-11-07
3321,Luke Wilkshire,1981-10-02
3406,Ryan Giggs,1973-11-29
3441,Timmy Simons,1976-12-11
3569,Steed Malbranque,1980-01-06
3575,Mickaël Landreau,1979-05-14
3817,Malik Fathi,1983-10-29
4216,Florent Sinama-Pongolle,1984-10-20
4334,Jelle ten Rouwelaar,1980-12-24
4371,Glenn Loovens,1983-10-22
4563,Joris Mathijsen,1980-04-05
5352,Mahamadou Diarra,1981-05-18
5588,Michael Essien,1982-12-03
5597,Chaouki Ben Saada,1984-07-01
5672,Étienne Didot,1983-07-24
5686,Laurent Pionnier,1982-05-24
5688,Jody Viviani,1982-01-25
5793,Giovanni Pasquale,1982-01-05
5854,Sébastien Frey,1980-03-18
5889,Thomas Manfredini,1980-05-27
5946,Cesare Bovo,1983-01-14
5976,Roberto Guana,1981-01-21
6033,Francesco Lodi,1984-03-23
6058,Luca Castellazzi,1975-07-19
6176,Isaac Okoronkwo,1978-05-01
6590,Andreas Isaksson,1981-10-03
7102,Giorgio Frezzolini,1976-01-21
7402,Muhammet Özdin,1978-09-10
7468,José Javier Barkero,1979-04-27
7520,Esteban Cambiasso,1980-08-18
7563,Andrés Palop,1973-10-22
7612,Daniel Aranzubia,1979-09-18
7841,Carlos Aranda,1980-07-27
7971,Salomon Kalou,1985-08-05
8184,Rubén Martínez,1984-06-22
8317,Marcel Schäfer,1984-06-07
8323,Álvaro Rubio,1979-04-18
8421,Michael Jakobsen,1986-01-02
8689,Sezer Öztürk,1985-11-03
9422,Allan McGregor,1982-01-31
9509,Ross Wallace,1985-05-23
9665,Tim Smolders,1980-08-26
9856,Nikolaos Pourtoulidis,1983-10-07
10118,Aykut Ercetin,1982-09-14
10289,Andrija Delibasic,1981-04-24
11765,Aytac Sulu,1985-12-11
12282,Daley Blind,1990-03-09
12516,Peter Odemwingie,1981-07-15
12540,Rudnei,1984-10-07
12742,Garry Hay,1977-09-07
12807,Jason Scotland,1979-02-18
12811,Dave Mackay,1980-05-02
12888,Vlasis Kazakis,1983-06-17
12979,Avraam Papadopoulos,1984-12-03
13001,Arnar Vidarsson,1978-03-15
13023,Igor de Camargo,1983-05-12
13230,Luisão,1981-02-13
13249,Andy Marshall,1975-04-14
13368,Bernd Thijs,1978-06-28
13372,Kevin Vandenbergh,1983-05-16
13389,Didier Zokora,1980-12-14
13799,Scott McDonald,1983-08-21
13894,Cédric Berthelin,1976-12-25
13946,Steven MacLean,1982-08-23
14066,Wayne Routledge,1985-01-07
14262,Amoreirinha,1984-08-05
14309,João Paulo,1980-04-08
14940,Razvan Rat,1981-05-26
14962,Jesper Bech,1982-05-25
15075,Aleksey Rebko,1986-04-23
15102,Igor Lebedenko,1983-05-27
15125,Kasper Jensen,1982-10-07
15250,Njogu Demba-Nyrén,1979-06-26
15342,Rodrigo Taddei,1980-03-06
15427,Georgios Abaris,1982-04-23
15486,Aristide Bancé,1984-09-19
15568,Bruno Gama,1987-11-15
15762,Carlos García,1984-04-29
15838,Elliott Ward,1985-01-19
16458,Loukas Vyntra,1981-02-05
16565,Daniel Halfar,
16595,Juan Valera,1984-12-21
16597,Christos Karypidis,1982-12-02
16628,Michael Stegmayer,1985-01-12
16744,Giandomenico Mesto,1982-05-25
16955,Adrian Mierzejewski,1986-11-06
17432,Hérita Ilunga,1982-02-25
17885,Karim Haggui,1984-01-20
18537,Alex,1977-09-14
18949,Mémé Tchité,1984-01-31
19230,Alessandro Iandoli,1984-04-29
19638,Christos Lisgaras,1986-02-12
20394,Artur Moraes,1981-01-25
20778,Adam Bodzek,1985-09-07
20844,Henrik Hansen,1979-07-28
20980,Lee Miller,1983-05-18
21101,Milan Petrzela,1983-06-19
21369,Arda Turan,1987-01-30
21872,Gianluca Pegolo,1981-03-25
21891,Stefano Sorrentino,1979-03-28
22140,Domenico Maietta,1982-08-03
22268,Emanuele Calaiò,1982-01-08
22377,Fabien Camus,1985-02-28
22390,Loïc Perrin,1985-08-07
22487,Leon Jessen,1986-06-11
22491,Anders Lindegaard,1984-04-13
22814,Alexandre Alphonse,1982-06-17
23218,Javier Garrido,1985-03-15
23270,Diogo Valente,1984-09-23
23306,Alberto Rivera,1978-02-16
23897,Olivier Blondel,1979-07-09
23938,Geoffrey Jourdren,1986-02-04
23952,Christophe Mandanne,1985-02-07
23996,Moubarak Boussoufa,1984-08-15
24061,Sergiy Valyaev,1978-09-16
24131,Vladimir Gabulov,1983-10-19
24501,Radoslaw Cierzniak,1983-04-24
24634,David Jones,1984-11-04
24856,Radoslav Zabavnik,1980-09-16
24946,Cris,1984-01-11
24956,Barge,1984-01-04
25318,Matteo Contini,1980-04-16
25319,Momo,1982-07-15
25323,Andrea Pisanu,1982-01-07
25366,Michael Kightly,1986-01-24
25414,Fernando Marqués,1984-12-04
25812,Emir Spahic,1980-08-18
25834,Joe Lewis,1987-10-06
26407,Daniel Braaten,1982-05-25
26562,Filippos Darlas,1983-10-23
27368,Marcelo Labarthe,1984-08-12
27510,Lee Croft,1985-06-21
27565,Marin Skender,1979-08-12
27612,Jeppe Curth,1984-03-21
27954,Ognjen Vukojevic,1983-12-20
28004,Javito,1983-11-04
28005,Joan Verdú,1983-05-05
28245,Kenwyne Jones,1984-10-05
28594,Sasa Kajkut,1984-07-07
28817,Gabriele Perico,1984-03-11
28855,Raffaele Palladino,1984-04-17
29324,Robert Braber,1982-11-09
29356,Dwight Tiendalli,1985-10-21
29672,Efe Inanc,1980-03-24
29894,Georgios Galitsios,1986-07-06
29974,Patrick McCarthy,1983-05-31
30476,Samil Cinaz,1986-03-08
30585,Piet Velthuizen,1986-11-03
30749,Mariano Barbosa,1984-07-27
31101,Mickaël Tacalfred,1981-04-23
31208,Éloge Enza-Yamissi,1983-01-23
31218,Johannes van den Bergh,1986-11-21
31610,Sebastian Tyrala,1988-02-22
32591,Krzysztof Krol,1987-02-06
32860,Aílton,1984-08-20
32966,Angelo,1981-06-12
33447,Ahmed Kantari,1985-06-28
33569,Hayrettin Yerlikaya,1981-08-13
33905,Mohamed Fofana,1985-03-07
34077,Tarantini,1983-10-07
34166,Görkem Görk,1983-06-30
34195,Konstantinos Fliskas,1980-12-29
34370,Diego López,1981-11-03
34382,Evander Sno,1987-04-09
34409,Joe Ledley,1987-01-23
34412,Milan Smiljanic,1986-11-19
34495,Adriano,1984-10-26
34529,Ismaël Bangoura,1985-01-02
34553,Ivan Vargic,1987-03-15
34756,Dorin Goian,1980-12-12
34787,Julian Baumgartlinger,1988-01-02
35035,Roland Lamah,1987-12-31
35069,Adam Stachowiak,1986-12-18
35193,Kevin Doyle,1983-09-18
35249,Stefano Okaka,1989-08-09
35560,Mikel González,1985-09-24
35617,Paulo Monteiro,1985-01-21
35719,Andrea Cocco,1986-04-08
36830,Filip Kasalica,1988-12-17
36847,Aleksandar Simcevic,1987-02-15
37058,Somen Tchoyi,1983-03-29
37091,Ilhan Parlak,1987-01-18
37124,McDonald Mariga,1987-04-04
37148,Gabriel Agbonlahor,1986-10-13
37287,Tarik Elyounoussi,1988-02-23
37363,Lee Cattermole,1988-03-21
37397,José Crespo,1987-02-09
37647,Dimitri Payet,1987-03-29
37787,Marvin Emnes,1988-05-27
37835,Drissa Diakité,1985-02-18
38083,Gavin Gunning,1991-01-26
38415,Johannes Flum,1987-12-14
38436,Josip Solic,1988-02-24
38539,Ari,1985-12-11
38602,Nico Pulzetti,1984-02-13
39306,Raphael Wolf,1988-06-06
39893,Jérôme Le Moigne,1983-02-15
39897,Michael Parkhurst,1984-01-24
40605,Enrico Valentini,1989-02-20
40687,Mathieu Valbuena,1984-09-28
41261,Habib Habibou,1987-04-16
41583,Bram van Polen,1985-10-11
41786,André Leão,1985-05-20
41914,Davide Bassi,1985-04-12
41926,Mike De Silva,1988-09-05
41932,Diego Gaúcho,1981-11-15
42401,Artur Jedrzejczyk,1987-11-04
42941,Abdou Traoré,1988-12-28
44065,Esteban Granero,1987-07-02
44318,Timofey Kalachev,1981-05-01
44357,Oleksandr Kucher,1982-10-22
44913,Simeon Jackson,1987-03-28
44983,Dan Gosling,1990-02-01
45001,Murat Duruer,1988-01-15
45121,Loïc Rémy,1987-01-02
45178,Valentin Stocker,1989-04-12
45184,Grzegorz Krychowiak,1990-01-29
45185,Tomasz Kupisz,1990-01-02
45219,Morten ‘Duncan’ Rasmussen,1985-01-31
45464,Sercan Sararer,1989-11-27
45543,Vito Wormgoor,1988-11-16
45571,Armin Cerimagic,1994-01-14
45594,Tom Taiwo,1990-02-27
46083,Domagoj Vida,1989-04-29
46260,Ilias Vouras,1988-02-20
46971,Josip Projic,1987-08-23
47199,Emir Kujovic,1988-06-22
47310,Emre Özkan,1988-12-24
47543,Eren Derdiyok,1988-06-12
47653,Rincón,1987-05-31
47785,Jukka Raitala,1988-09-15
48119,Danijel Aleksic,1991-04-30
48954,Owain Fôn Williams,1987-03-17
49018,Oleksiy Polyanskyi,1986-04-12
49681,Aykut Öztürk,
50587,Linus Hallenius,1989-04-01
51661,Seán Dillon,1983-07-30
51715,Toni Moral,1981-08-29
51892,Andrey Gorbanets,1985-08-24
51951,Petros Kanakoudis,1984-04-16
52082,Deniz Vural,1988-07-11
52192,Kallum Higginbotham,1989-06-15
52212,Doka Madureira,1984-02-11
52269,Jakob Jantscher,1989-01-08
52428,Joaquín Larrivey,1984-08-20
52910,Josué,1979-07-19
52960,Leandro Almeida,1987-03-14
53301,Marc Valiente,1987-03-29
53302,David Amoo,1991-04-13
53306,Guy Ndy Assembé,1986-02-28
53332,Juan Forlín,1988-01-10
53533,Carlos Zambrano,1989-07-10
53808,Beg Ferati,1986-11-10
54214,Leandrinho,1986-06-06
54794,Facundo Parra,1985-06-15
55099,Nicolas Höfler,1990-03-09
55295,Azat Bairyev,1989-02-17
55345,Dmitriy Grachev,1983-10-06
55501,Baris Basdas,1990-01-17
55801,Marco Sau,1987-11-03
55837,Pedro Correia,1987-03-27
55839,Giray Kacar,1985-03-15
55895,Leonel Vangioni,1987-05-05
55980,Didier Ovono,1983-01-23
56095,Luciano Amaral,1982-10-20
56183,Bruno Moreira,1987-09-06
56294,Jérémy Grimm,1987-03-27
56631,Erwin Mulder,1989-03-03
56777,Luísinho,1985-05-05
56827,Anthony Weber,1987-06-11
56976,Bibras Natcho,1988-02-18
57013,Matias Iglesias,1985-04-18
57016,Giannis Kontoes,1986-05-24
57091,Hanno Behrens,1990-03-26
57216,Ismaël Traoré,1986-08-18
57305,Marco Piscopo,1994-03-09
57376,Antoine Devaux,1985-02-21
57466,Thiago Xavier,1983-12-27
57618,Andrey Klimovich,1988-08-27
57785,Roberto Canella,1988-02-07
57970,Maksym Iv. Bilyi,1989-04-27
58020,Samson Godwin,1983-11-11
58074,Carlos Martínez,1986-04-09
58093,Andriy Novak,1988-12-06
58181,Nélson Lenho,1984-03-22
58379,Maximilian Beister,
58602,Mustafa Pektemek,1988-08-11
58789,Lolo,1984-08-22
58816,Koray Arslan,1983-10-01
58944,Miguel Rosa,1989-01-13
58972,Denys Shelikhov,1989-06-23
59022,Yevgen Galchuk,1992-03-05
59038,Vitaliy Gavrysh,1986-03-18
59082,Heinz Lindner,1990-07-17
59084,Fernando Varela,1987-11-26
59290,Anton Savin,1990-02-07
59377,David de Gea,1990-11-07
59596,Lucas Pratto,1988-06-04
59896,Dmytro Khomchenovskyi,1990-04-16
59978,Yevgen Zadoya,1991-01-05
60004,Emre Güral,1989-04-05
60317,Ramon Leeuwin,1987-09-01
60394,Philipp Klement,1992-09-09
60517,Yacine Brahimi,1990-02-08
60602,Yohann Thuram,1988-10-31
60731,Aleksandar Stanisavljevic,1989-06-11
60779,Igor Martínez,1989-07-19
60971,Stijn Wuytens,1989-10-08
61012,Jamie Ness,1991-03-02
61560,Marc Albrighton,1989-11-18
61644,Jack Colback,1989-10-24
61760,Diogo Rosado,1990-02-21
61764,Marco Matias,1989-05-10
61834,Ryan Mason,1991-06-13
61857,Vasil Shkurtaj,1992-02-27
61954,Aleksandr Gorbatyuk,1985-04-21
61959,Andrey Murnin,1985-05-11
62008,Stefan Johansen,1991-01-08
62515,Ivan Bobko,1990-12-10
62552,Macauley Chrisantus,1990-08-20
62705,Yohan Brouckaert,1987-10-30
62716,Michele Camporese,1992-05-19
62855,Alan Mannus,1982-05-19
63254,Nicola Pasini,1991-04-10
63265,Igor Lewczuk,1985-05-30
63334,Daan Bovenberg,1988-10-25
63965,Michael Rabusic,1989-09-17
64352,Kostas Lamprou,1991-09-18
64393,Álvaro García,1986-07-20
66407,Sloan Privat,1989-07-24
66515,Alex Teixeira,1990-01-06
66959,Simon Church,1988-12-10
67411,Matt Done,1988-07-22
67685,Marco Fabián,1989-07-21
67866,Brayan Angulo,1989-11-02
68004,Nzuzi Toko,1990-11-20
68331,Conor Sammon,1986-11-06
69441,Éder Sciola,1985-09-25
70074,Artur Nigmatullin,1991-05-17
70212,Taras Burlak,1990-02-22
70898,Chechu Dorado,1982-07-10
71801,Dani Giménez,1983-07-30
71840,Gaizka Toquero,1984-08-09
72281,Cristóbal Márquez,1984-04-21
72310,Javi López,1986-01-21
72490,Manolis Bertos,1989-05-13
72643,Yonathan Del Valle,1990-05-28
72896,Dejan Skolnik,1989-01-01
73067,Adam Clayton,1989-01-14
73070,José María Cases,1986-11-23
73734,Steven Nzonzi,1988-12-15
73908,Petteri Forsell,1990-10-16
74230,Pablo Sarabia,1992-05-11
74444,Félix Micolta,1989-11-30
74639,Hikmet Balioglu,1990-08-04
74776,Tarik Camdal,1991-03-24
74812,Benoît Ladrière,1987-04-27
75058,William Matheus,1990-04-02
75067,Liam Cooper,1991-08-30
75615,Douglas Costa,1990-09-14
75884,David Löfquist,1986-08-06
76131,Fábio Luis,1983-08-02
76445,Özgür Özkaya,1988-02-08
77964,Nadir Ciftci,1992-02-12
80173,Frédéric Sammaritano,1986-03-23
80562,Hulk,1986-07-25
80941,Janusz Gol,1985-11-11
81202,Craig Noone,1987-11-17
81512,Christian Kabasele,1991-02-24
81663,Zargo Touré,1989-11-11
81998,Jaime Romero,1990-07-31
83132,Vincent Manceau,1989-07-10
83886,Fernandão,1987-03-27
84700,John Ogu,1988-04-20
84907,Mart Dijkstra,1990-08-10
85240,Eugenio Lamanna,1989-08-07
85574,Denis Popovic,1989-10-15
85771,Paulinho,1991-07-13
85825,Jasmin Kurtic,1989-01-10
86083,Richard Marcone,1993-01-21
86269,Aleksandr Gutor,1989-04-18
86792,Xherdan Shaqiri,1991-10-10
87469,Cote,1989-09-05
89450,Alexandre Coeff,1992-02-20
89589,Aleksandr Sapeta,1989-06-28
89762,Ángel Rojas,1985-04-10
90118,Soufiane Bidaoui,1990-04-20
90294,Tripy Makonda,1990-01-24
91716,Frederik Sörensen,1992-04-14
91727,Andriy Gitchenko,1984-10-02
91841,Ja-cheol Koo,1989-02-27
92111,Orhan Ademi,1991-10-28
92117,Daniel,1987-03-29
92640,Andriy Mostovyi,1988-01-24
92738,Mateusz Klich,1990-06-13
92983,Jon McLaughlin,1987-09-09
93145,Adama Diomande,1990-02-14
93658,Tim Albutat,1992-09-23
94005,Sead Kolasinac,1993-06-20
94210,Bjarne Thoelke,1992-04-11
94348,Nikola Trujic,1992-04-14
94637,Pascal Breier,1992-02-02
94925,Yegor Kartushov,1991-01-05
95152,Welinton,1989-04-10
95182,Dragos Grigore,1986-09-07
95280,Christian Cueva,1991-11-23
95431,Adama Guira,1988-04-24
95649,Oleksandr Noyok,1992-05-15
95673,Tom van Weert,1990-06-07
95967,Taskin Calis,1993-07-25
96633,Nikolaos Galas,1986-03-07
98827,Ousseynou Cissé,1991-04-07
99003,Odise Roshi,1991-05-22
99227,Andrea Bertolacci,1991-01-11
99523,Nícolas,1988-04-12
100127,Cristiano Figueiredo,1990-11-29
100160,Miha Mevlja,1990-06-12
100722,Lago Júnior,1990-12-31
102040,Delphin Tshiembe,1991-12-07
102572,Yuriy Pankiv,1984-11-03
102581,Sergey Petrov,1991-01-02
103147,Wellington,1990-04-21
103539,Fredrik Berge,1990-02-06
103559,Mix Diskerud,1990-10-02
103819,Danny Wilson,1991-12-27
104124,Michail Antonio,1990-03-28
104127,Aymen Tahar,1989-10-02
104233,Guillermo Burdisso,1988-09-26
104941,Gedo,1984-10-30
105388,Johan Martial,1991-05-30
105400,Romain Grange,1988-07-21
105504,Anton Khodyrev,1992-01-26
106041,Ricardinho,1989-09-04
106320,Niklas Dannevang,1990-09-11
106617,Dmitriy Aydov,1982-04-10
106634,Pelé van Anholt,1991-04-23
107544,Declan Gallagher,1991-02-13
107612,Daniel Sundgren,1990-11-22
107958,Nicola Bellomo,1991-02-18
108372,Aliosman Aydin,1992-02-06
108692,Frank Olijve,1989-03-07
109038,Dodô,1992-02-06
109039,Loïc Poujol,1989-02-27
109550,Riccardo Perpetuini,1990-08-04
109793,Raffael Korte,1990-08-29
110078,Eduardo,1989-10-17
110660,Dino Arslanagic,1993-04-24
110690,Okan Alkan,1992-10-01
110928,Lorenzo Crisetig,1993-01-20
111048,Benjamin Jeannot,1992-01-22
111053,Yeni N'Gbakoto,1992-01-23
111200,Fábio Pacheco,1988-05-26
111266,Anthony Losilla,1986-03-10
111508,Allan Nyom,1988-05-10
111837,Yoann Arquin,1988-04-15
112364,Vyacheslav Ryabov,1989-06-21
112991,Fidelis,1989-06-14
113045,Rubén Pérez,1989-04-26
113052,Leandro Kappel,1989-11-14
113084,Konstantinos Pappas,1991-11-30
113938,Dany Nounkeu,1986-04-11
114493,Ilyas Cakmak,1988-07-14
115763,Koray Günter,1994-08-16
115989,Dejan Stojanovic,1993-07-19
116471,Hobie Verhulst,1993-04-02
117432,Kevin Behrens,1991-02-03
117590,Malcolm Esajas,1986-07-13
117671,Jeff Stans,1990-03-20
117679,Andre Blackman,1990-11-10
117802,Vladimir Rykov,1987-11-13
117966,Chris Erskine,1987-02-08
118535,Will Keane,1993-01-11
119346,Caner Bulut,1989-03-03
119553,Jack Grimmer,1994-01-25
119563,Jamie Masson,1993-04-05
120610,Diafra Sakho,1989-12-24
120629,Alphonse Areola,1993-02-27
120651,Vincent Le Goff,1989-10-15
120967,Fraser Kerr,1993-01-17
121232,Callum Driver,1992-10-23
121387,Eirik Johansen,1992-07-12
121474,Emyr Huws,1993-09-30
121756,Rômulo,1987-05-22
122152,Vitalijs Maksimenko,1990-12-08
122649,Onur Bayramoglu,1990-01-04
123275,Tom Cairney,1991-01-20
123300,Samuel Atrous,1990-02-15
124733,Niels Coussement,1991-02-02
124885,Roly Bonevacia,1991-10-08
125611,Mohamed Traoré,1991-10-13
125621,Ivan Brecevic,1987-07-28
125760,Vitaliy Shakhov,1991-01-09
126337,Aleksandr Putsko,1993-02-24
126625,Juankar,1990-03-30
126711,Kévin Malcuit,1991-07-31
126910,Yassin El-Azzouzi,1983-01-13
127076,Jérôme Roussillon,1993-01-06
127151,Hugo Rodriguez,1991-04-02
127192,Ferris N'Goma,1993-06-15
127236,Juan Munafo,1988-03-20
128229,Robbie Brady,1992-01-14
128900,Nathaniel Chalobah,1994-12-12
129444,David López,1989-10-09
129521,Giannis Riganas,1989-12-28
129581,Jordy Croux,1994-01-15
129586,Joris Kayembe,1994-08-08
129596,Jonas Van Kerckhoven,1994-02-04
129744,Xavi Ginard,1986-10-11
129930,Hanan Maman,1989-08-28
129973,Billy King,1994-05-12
130142,Michalis Bakakis,1991-03-18
130345,George Tucudean,1991-04-30
130354,Nnamdi Oduamadi,1990-10-17
130427,Islam Feruz,1995-09-10
131094,Héctor Quiñónes,1992-03-17
131561,Thomas Pledl,1994-05-23
131740,Nermin Zolotic,1993-07-07
131996,Bertrand Traoré,1995-09-06
132052,Victor Nikiéma,1993-09-23
132056,Fadil Sido,1993-04-13
132323,Denis Streker,1991-04-06
133436,Ross Davidson,1993-10-28
133668,Panagiotis Triadis,1992-09-09
133794,Edgar Méndez,1990-01-02
134209,Vasil Bozhikov,1988-06-02
134712,Billy Ketkeophomphone,1990-03-24
135082,Rogelio Funes Mori,1991-03-05
135560,Leonardo Melazzi,1991-02-04
136180,Fredrik Midtsjö,1993-08-11
137293,Abdou Dampha,1991-12-27
138662,Álvaro Arroyo,1988-07-22
138777,Eli Elbaz,1992-01-21
139169,Claiton,1984-09-07
139312,Cumali Bisi,1993-06-15
139440,José Núñez,1988-09-12
139590,Grigoris Kyziridis,1990-10-24
139881,Lehlogonolo Masalesa,1992-03-21
140078,Marcos dos Santos,1981-05-18
140082,Armando Sadiku,1991-05-27
140189,Kévin Vinetot,1988-06-14
140205,Bernie Ibini-Isei,1992-09-12
140461,Artem Rakhmanov,1990-07-10
140678,Johan Larsson,1990-05-05
140748,Danilo Avelar,1989-06-09
142027,Pablo Hervías,1993-03-08
142924,Bruno Godeau,1992-05-10
144300,Nikola Antic,1994-01-04
144303,Lazar Markovic,1994-03-02
144334,Aleksandar Scekic,1991-12-12
144788,Luan Scapolan,1988-12-30
144807,Milos Antic,1989-07-03
146258,Jetro Willems,1994-03-30
146310,Wataru Endo,1993-02-09
146774,Eric Larsson,1991-07-15
147051,Yvon Mvogo,1994-06-06
147078,Fran Vélez,1991-06-23
147559,Alain Baroja,1989-10-23
148368,Divock Origi,1995-04-18
148376,Lasse Vigen,1994-08-15
148826,Dániel Prosser,1994-06-15
149231,Fidel,1989-10-27
149244,Afonso,1991-11-14
149249,Ewerton,1989-03-23
149265,Paterson Chato,1996-12-01
149650,Rafael Veloso,1993-11-03
150535,Frédéric Mendy,1988-09-18
151282,Ravil Netfullin,1993-03-03
152733,Onur Bulut,1994-04-16
152846,Kristijan Miljevic-Sachpekidis,1992-07-15
153440,Darko Lemajic,1993-08-20
154215,Zaine Pierre,1993-09-21
154990,Renê Santos,1992-04-21
155379,Yannik Schulze,1995-02-05
157125,Laurent Henkinet,1992-09-14
157495,Benjamin Mendy,1994-07-17
157543,Dimitrios Kourbelis,1993-11-02
158704,Jon Ander Garrido,1989-10-09
158764,Stuart Dallas,1991-04-19
160217,Bryan Rabello,1994-05-16
160404,Marco da Silva,1992-04-10
160671,Manu Molina,1991-11-20
160736,Noë Dussenne,1992-04-07
160938,Marc Oliver Kempf,1995-01-28
160968,Benno Schmitz,1994-11-17
161255,Dani Suárez,1990-07-05
162569,Josef Martínez,1993-05-19
162959,Daniele Rugani,1994-07-29
163187,Giuseppe Prestia,1993-11-13
163295,Ali Fathi,1992-01-02
163325,Luca Veratti,1993-02-03
163568,Alfred Gomis,1993-09-05
163600,Emanuele Suagher,1992-11-26
163689,Irakli Shekiladze,1992-05-07
163847,Eli Dasa,1992-12-03
164265,Dong-won Ji,1991-05-28
164500,Alexandros Kalogeris,1986-05-14
164914,Hervaine Moukam,1994-05-24
165402,Miguel Lourenço,1992-05-27
165885,Paolo Frascatore,1992-01-04
166275,Grigoriy Morozov,1994-06-06
167105,Lukas Lerager,1993-07-12
167264,Aaron McEneff,1995-07-09
167291,Gabriel Pires,1993-09-18
167721,Chimy Ávila,1994-02-06
167817,Marco Migliorini,1992-01-03
167877,Edoardo Blondett,1992-01-07
168536,Alhassan Wakaso,1992-01-07
168797,Sven Müller,1996-02-16
168943,Bojan Nastic,1994-07-06
169566,Adam King,1995-10-11
169934,Danny Devine,1992-09-07
170354,Sergiy Vakulenko,1993-09-07
170856,Boban Lazic,1994-01-29
170953,Stéphane Bahoken,1992-05-28
170968,Paul Charruau,1993-07-12
170979,Paul Reulet,1994-01-14
171068,Hélder Lopes,1989-01-04
172802,Rade Dugalic,1992-11-05
173192,Mikey Devlin,1993-10-03
174248,Gyliano van Velzen,1994-04-14
174859,Fausto Tienza,1990-01-08
175787,Cristian Lobato,1989-03-07
175824,Elguja Lobjanidze,1992-09-17
176139,Mattia Bani,1993-12-10
176218,Lucas Mineiro,1992-06-16
176413,Taras Puchkovskyi,1994-08-23
176562,Roger Gomis,1995-03-20
177350,Evgeniy Frolov,1988-02-05
177452,Abdón Prats,1992-12-07
177646,Craig Murray,1994-07-16
177688,Michel Babatunde,1992-12-24
177690,Miguel Trauco,1992-08-25
178335,Dmitriy Zhivoglyadov,1994-05-29
178838,Bachana Arabuli,1994-01-05
179689,Pavel Dronov,1993-03-22
179899,Tomislav Kis,1994-04-04
180020,Pavel Sergeev,1993-06-20
181382,Abdoulaye Touré,1994-03-03
181477,Thievy Bifouma,1992-05-13
181554,Adil Nabi,1994-02-28
182424,Dorian Dessoleil,1992-08-07
182437,Brecht Van Der Beke,1993-08-21
182823,Jonathan Mexique,1995-03-10
182879,Grégoire Amiot,1995-05-10
183031,Koffi Djidji,1992-11-30
183124,Milos Antic,1994-10-28
183286,Diego Poyet,1995-04-08
183397,Mike van Duinen,1991-11-06
183510,Nikolay Signevich,1992-02-20
184171,Nebojsa Kosovic,1995-02-24
184243,Ümit Kurt,1991-05-02
184935,Kalifa Coulibaly,1991-08-21
184953,Chidi Osuchukwu,1993-10-11
185024,Georgiy Dzhikiya,1993-11-21
185566,Anouar Kali,1991-06-03
186059,Artem Shchadin,1992-11-01
186357,André Luiz,1985-09-18
186380,Jakub Hromada,1996-05-25
186769,Andriy Popovych,1992-03-04
186790,Sinan Bytyqi,1995-01-15
186848,Giorgi Aburjania,1995-01-02
186922,Rodrigo Lindoso,1989-06-06
187246,Wouter Dronkers,1993-05-03
187359,Ben Garuccio,1995-06-15
187674,Sergio Rodríguez,1992-09-07
187947,Danilo,1989-02-12
188905,Stanley Elbers,1992-05-14
188915,Naomichi Ueda,1994-10-24
189744,Paul Nardi,1994-05-18
190029,Nikita Vasiljev,1992-03-22
190358,Ivan Knyazev,1992-11-05
190911,Khassa Camara,1992-10-22
191258,Joe Gormley,1989-11-26
191320,Sean Maguire,1994-05-01
191830,Renato Ibarra,1991-01-20
191853,Giannis Anestis,1991-03-09
191870,Gary Warren,1984-08-16
191891,Arkadiusz Milik,1994-02-28
191895,Rafal Kurzawa,1993-01-29
192268,Niklas Klinger,1995-10-13
192498,Dylan Easton,1994-04-06
192886,Charles-Élie Laprevotte,1992-10-04
192921,Ruslan Bolov,1994-05-07
193321,Luigi Vaccaro,1991-03-26
193885,Robbie Muirhead,1996-03-08
193945,Gastón González,1988-02-23
193957,Nikiforos Tsontakis,1994-04-12
194177,Minhoca,1988-04-29
194638,Renato Steffen,1991-11-03
194947,Aleksey Evseev,1994-03-30
195359,Doke Schmidt,1992-04-07
195762,Víctor García,1994-06-11
196611,Serdar Bingöl,1996-01-06
196655,Kemal Rüzgar,1995-06-20
196948,Andreas Christensen,1996-04-10
197166,Fábio Santos,1992-11-14
197580,Noah Olawale Ojuola,1993-05-12
197652,Gabriel Enache,1990-08-18
197857,Adama Ba,1993-08-27
198074,Arsenio Valpoort,1992-08-05
198122,Jordan Gibbons,1993-11-18
198223,Erkut Baskaya,1993-06-14
198395,Jean-David Beauguel,1992-03-21
198638,João Costa,1996-02-02
198736,Berat Tosun,1994-01-01
199255,Davide Narduzzo,1994-08-16
199553,Jack Leitch,1995-07-17
199793,Orlando Held,1994-03-03
199941,Andrea Beghetto,1994-10-11
200119,Gideon Sani,1990-06-08
200185,Marco Vittiglio,1994-01-17
200190,Alessandro Capello,1995-12-12
200558,Petros,1989-05-29
200777,Alex Pritchard,1993-05-03
200953,Kieran Gibbons,1995-03-23
201455,Mathias Barthel,1993-05-30
201625,Igor Gonchar,1993-01-10
203342,Andy Kawaya,1996-08-23
203379,Kaan Baysal,1996-01-19
203961,Glenn Bijl,1995-07-13
204023,Hassan,1989-01-20
205393,Jeffrey Assoumin,1993-02-05
205415,Mohamed Hamzaoui,1993-03-06
205465,Marc-Aurèle Caillard,1994-05-12
205519,Karim Coulibaly,1993-06-03
207302,Sergio Rico,1993-09-01
207487,Fabián Muñoz,1991-11-03
207590,Justin Möbius,1997-04-21
207889,Mykhaylo Pysko,1993-03-19
209019,Kenny Saief,1993-12-17
209212,Solly March,1994-07-20
210662,Bradley Watkins,1994-09-11
211305,Nilson Júnior,1991-09-09
212420,Nathan Sinkala,1990-11-22
212623,Thierry Zahui,1987-10-22
212723,Djibril Sow,1997-02-06
212982,Ibrahima Faye,1992-12-13
213306,Tiziano Cherubini,1994-09-13
213429,Emmersón,1995-10-07
213865,Mykyta Burda,1995-03-24
213894,Dimitrios Bourous,1993-02-23
214538,Mateus Uribe,1991-03-21
215677,Mouez Hassen,1995-03-05
215817,Jean Pablo,1988-08-26
215902,Jason Oswell,1992-10-07
216499,Fouad Chafik,1986-10-16
216508,Rodéric Filippi,1989-02-25
217026,Pavel Kireenko,1994-06-14
217728,Alexander Szymanowski,1988-10-13
220686,Antonio Vutov,1996-06-06
221151,Jodel Dossou,1992-03-17
221322,José Gayà,1995-05-25
221630,Ahmet Burgaz,1991-08-11
223068,Tana,1990-09-20
223073,Eugeni,1994-07-19
223801,Ferhad Ayaz,1994-10-10
223890,Rober Correa,1992-09-20
225004,Valentín Vada,1996-03-06
225165,Joel Pereira,1996-09-28
225452,Patrick Roberts,1997-02-05
225459,Carlos Hernández,1990-09-15
225770,João Vieira,1991-12-19
226005,Franco Fragapane,1993-02-06
226184,Enis Gavazaj,1995-03-21
226185,Klodian Gjino,1994-02-13
226971,Bevis Mugabi,1995-05-01
227618,Greg Docherty,1996-09-10
228042,Anders Trondsen,1995-03-30
228087,Evgeniy Shikavka,1992-10-15
228951,Kaan Kilci,1994-07-24
228975,Julian Pollersbeck,1994-08-16
230744,Stelios Labakis,1992-06-12
231770,Mikhail Borodjko,1994-07-12
232376,Lucas Cueto,1996-03-24
233072,Ángel de la Calzada,1994-09-02
234208,Lucas Farias,1994-08-18
234324,Danny Cavanagh,1994-05-09
234607,Aydar Khabibullin,1995-07-25
234752,Edgar Abreu,1994-02-16
234807,Martin Samuelsen,1997-04-17
235024,Hakan Canbazoglu,1987-11-28
235347,Maksim Rudakov,1996-01-22
235360,Matej Poplatnik,1992-07-15
235782,Mark Taylor,1994-01-25
235931,Alessandro Deiola,1995-08-01
236366,Emil Balayev,1994-04-17
236499,George Green,1996-01-02
236822,Herron Berrian,1994-07-31
237355,Nuno Rocha,1992-03-25
237479,Yigit Yöney,1991-10-26
237481,Batuhan Artarslan,1994-05-25
237623,Oleksandr Filippov,1992-10-23
237632,Kamil Miazek,1996-08-15
238230,Kerem Yigit,1995-07-10
238499,Davi Mbala,1993-04-19
239044,Ulrik Yttergard Jenssen,1996-07-17
239287,Nelsinho,1988-01-01
239583,Jacopo Ferri,1995-04-05
239599,Massimo Sammartino,1995-09-08
240956,Matteo Malagoli,1995-01-02
241391,Oussama Idrissi,1996-02-26
241479,Gianluca Pollace,1995-12-25
241486,Finn Stokkers,1996-04-18
242299,Roberto Olabe,1996-05-05
242434,Courtney Duffus,1995-10-24
242716,Enzo Basilio,1994-10-03
244152,Djalma,1988-04-15
246968,Ayoze Pérez,1993-07-29
247007,Kevin Vermeulen,1990-11-20
247645,Ahmet Sahbaz,1991-03-12
248054,Christopher Martins Pereira,1997-02-19
248105,Jonatan Álvez,1988-05-31
248588,Eoghan McCawl,1996-01-31
248932,Vladyslav Kochergin,1996-04-30
249303,Dennis Eckert Ayensa,1997-01-09
249513,Diego Rico,1993-02-23
249815,Conor Washington,1992-05-18
249873,Tariqe Fosu,1995-11-05
250013,Angelo Fulgini,1996-08-20
173726,Mateusz Zachara,1990-03-27
176893,Dudu,1991-09-20
179471,Curtis Good,1993-03-23
181113,Iker Undabarrena,1995-05-18
182687,Alexandros Mouzakitis,1994-08-04
190853,Leon van Dijk,1992-03-09
191211,Sokratis Evangelou,1993-07-21
196524,Sinan Gümüs,1994-01-15
202245,Emre Torun,1993-06-02
203377,Lennert Baerts,1996-09-01
208072,Eyüp Can Durmusoglu,1994-01-27
218233,Fredrik Oldrup Jensen,1993-05-18
223027,Laste Dombaxe,1995-05-15
226965,Lloyd Isgrove,1993-01-12
227183,Sam Gallagher,1995-09-15
227482,Xavier Kodjo,1994-12-20
231650,Michael Brouwer,1993-01-21
238856,Georgios Mygas,1994-04-07
238950,Francesco Di Mariano,1996-04-20
242078,Ales Mateju,1996-06-03
242267,Saleh Al-Shehri,1993-11-01
244040,Lloyd Jones,1995-10-07
246831,Dusan Lagator,1994-03-29
247647,Ryan Seager,1996-02-05
248930,Danylo Kanevtsev,1996-07-26
250781,Roberto Pirrello,1996-05-30
251883,Gaspar Panadero,1997-12-09
257767,Aloy Ihenacho,1995-07-21
258519,Hidde ter Avest,1997-05-20
258521,Rick van der Meer,1997-06-14
263556,Joe Maguire,1996-01-18
267025,Aksel Karadag,1991-03-23
271513,Vitaliy Tymofienko,1993-01-04
275882,Everon Pisas,1994-10-13
285294,Petur Knudsen,1998-04-21
289432,Dylan Batubinsika,1996-02-15
291927,Burak Yilmaz,1995-11-27
297064,Francesco Bonfiglio,1997-01-20
302215,Naby Keïta,1995-02-10
307081,Michalis Papadopoulos,1993-05-30
307763,Anton Walkes,1997-02-08
314253,Herbie Kane,1998-11-23
315236,Gennadiy Pasich,1993-07-13
316264,Martin Ødegaard,1998-12-17
318904,Sabir Bougrine,1996-07-10
324377,Youssef Maleh,1998-08-22
331204,Polydoros Gezos,1994-09-03
336679,Panagiotis Armenakas,1998-08-05
336959,Marco Toscano,1997-07-07
338070,Konstantinos Tsimikas,1996-05-12
341317,Oliver Burke,1997-04-07
342252,Antonis Ikonomopoulos,1998-05-09
349719,Simone Lo Faso,1998-02-18
353418,Ravy Tsouka,1994-12-23
355860,Maarten Peijnenburg,1997-01-10
376731,Gonçalo Tavares,1997-05-16
381812,Nazar Malinovskyi,1998-04-18
393230,Gerasimos Voukelatos,1998-03-29
395068,Yan Vichnyi,1997-02-27
418219,Vladimir Screciu,2000-01-13
423960,Vasilios Poghosyan,1998-05-04
426325,Pablo Sabbag,1997-06-11
427605,Aaron Boupendza,1996-08-07
429259,Mark McKenzie,1999-02-25
433824,Sergio Chica,1996-07-11
435338,Gabriel Magalhães,1997-12-19
441477,Carlos Valenzuela,1997-04-22
447063,Archie Mair,2001-02-10
457778,Rubén del Campo,2000-02-22
460648,Dylan Ouedraogo,1998-07-22
462698,Brooklyn Lyons-Foster,2000-12-01
463526,Robin Jalving,2000-04-11
465294,Allan Tchaptchet,2001-12-21
484389,Kell Watts,1999-11-03
487843,Lorenzo Colombo,2002-03-08
493003,Daniel Muñoz,1996-05-26
504153,Joe Scally,2002-12-31
521843,Igor Nekhaev,1999-12-20
524966,Dmytro Kopytov,1998-05-29
537566,Mads Kikkenborg,1999-10-07
537611,Dogukan Özkan,2000-02-04
541231,Sepp van den Berg,2001-12-20
542697,Rasmus Carstensen,2000-11-10
554565,Ivan Dolcek,2000-04-24
555154,Eduard Bagrintsev,2003-01-13
559794,Jack Clarke,2000-11-23
562601,Souleymane Anne,1997-12-05
566930,Julius Dirksen,2003-02-02
567756,Ebert,1993-05-25
568698,Issa Soumaré,2000-10-10
572891,Louis Lord,2003-10-22
573981,Cemali Sertel,2000-01-06
576776,Anton Antoshyn,1998-05-21
576896,Vladyslav Tyshyninov,2000-03-20
577590,Pedro Brazão,2002-12-30
585550,Gavin Bazunu,2002-02-20
587562,Antonio Zarzana,2002-03-21
655990,Tom Hill,2002-10-13
656047,Erman Vardar,2001-12-14
676042,Juanlu Sánchez,2003-08-15
681829,Nilton,2001-05-25
696326,Max Woltman,2003-08-20
696796,Hasan Yurtseven,2001-03-19
700395,Berke Güner,2002-03-25
708600,Filip Versterre,2004-07-29
711579,Georgios Ballas,2001-04-07
712857,Mark Mampassi,2003-03-12
817665,Pablo,2004-01-02
832055,Baha Aygün,2002-03-15
832057,Melih Askar,2002-02-20
869956,Hüseyin Gündüz,2001-07-21
872380,Felix Afena-Gyan,2003-01-19
1072234,Oleksandr Domolega,2003-09-22
755,Deniz Baris,1977-07-02
3995,Gary O'Neil,1983-05-18
5501,Mauro Cetto,1982-04-14
8487,Serdar Özkan,1987-01-01
8706,Orkun Usak,1980-11-05
12127,Michael Turner,1983-11-09
12938,Leonidas Kampantais,1982-03-08
13309,Rachid Farssi,1985-01-15
16651,Enzo Maresca,1980-02-10
17273,Steven Taylor,1986-01-23
18934,Thomas Mangani,1987-04-29
20833,Grigoris Athanasiou,1984-03-09
22435,Bruno Jorge,1984-08-14
22546,Pedro Moreira,1983-10-23
23898,Laurent Bonnart,1979-12-25
26934,David Bicik,1981-06-04
31159,Martin Harnik,1987-06-10
33870,Marvin Ogunjimi,1987-10-12
34561,Johan Djourou,1987-01-18
34579,Srdjan Lakic,1983-10-02
37912,Adnan Alisic,1984-02-10
38805,Kirill Nababkin,1986-09-08
39049,Kei Kamara,1984-09-01
39094,Sebastian Langkamp,1988-01-15
40421,Hernán Losada,1982-05-09
41885,Sergiy Silyuk,1985-06-05
45126,Cédric Collet,1984-03-07
45951,Ugur Demirkol,1990-01-16
46706,Nemanja Tubic,1984-04-08
48974,Luiz Adriano,1987-04-12
55751,Samuel Armenteros,1990-05-27
57423,Florin Gardos,1988-10-29
58319,Brian Sarmiento,1990-04-22
58396,Christian Groß,1989-02-08
58883,Aitor Fernández,1986-08-23
60732,Denis Tonucci,1988-09-06
61423,Lasse Rise,1986-06-09
61867,Jeroen Veldmate,1988-11-08
64481,Roland Alberg,1990-08-06
65988,Anton Kobyalko,1986-05-14
68406,Konstantinos Ganotis,1992-05-14
70114,Anton Zabolotnyi,1991-06-13
73735,Juha Pirinen,1991-10-22
74081,Sergey Terekhov,1990-06-27
76163,Franco Vázquez,1989-02-22
76281,Ricardo Pedriel,1987-01-19
76743,Marcelo Silva,1989-03-21
79269,Taylan Eliacik,1984-05-27
87854,Fredy,1990-03-27
88269,Philip Rasmussen,1989-01-12
89325,Liassine Cadamuro,1988-03-05
91340,James Shea,1991-06-16
93844,Leonardo Bittencourt,1993-12-19
94308,Marko Dmitrović,1992-01-24
94807,Ognjen Vranjes,1989-10-24
96464,Vangelis Platellas,1988-12-01
108709,Erixon Danso,1989-07-22
110650,Ricardo Bueno,1987-08-15
118309,Amido Baldé,1991-05-16
118330,Renato Santos,1991-10-05
124673,Aias Aosman,1994-10-21
126321,Carl Jenkinson,1992-02-08
131574,André Simões,1989-12-16
133822,Ivan Lendric,1991-08-08
134369,Andrea Tabanelli,1990-02-02
136111,Nicola Leali,1993-02-17
147038,Cédric Brunner,1994-02-17
147518,Bülent Cevahir,1992-02-13
157003,Abdul-Aziz Tetteh,1990-05-25
157373,Vladlen Yurchenko,1994-01-22
160683,Mirko Bigazzi,1989-04-03
160971,Leopold Zingerle,1994-04-10
164647,Emil Nielsen,1993-11-08
167317,Ousmane Dramé,1992-08-25
170604,Denis Masyutin,1995-07-09
178314,Victorien Angban,1996-09-29
181579,James Ward-Prowse,1994-11-01
182682,Lefteris Choutesiotis,1994-07-20
183318,Jamaal Lascelles,1993-11-11
185883,Mehmet Erdem Ugurlu,1988-07-09
186704,Kristoffer Peterson,1994-11-28
187105,Mike van der Hoorn,1992-10-15
201040,Marco Benassi,1994-09-08
202290,Stefano Cerniglia,1994-01-22
202793,Matthew Steenvoorden,1993-01-09
203360,Bryan Verboom,1992-01-30
203409,Nick Van De Walle,1996-01-01
204139,Morten Knudsen,1995-04-28
208905,Stefan Silva,1990-03-11
215134,Nikolay Dergachev,1994-05-24
216489,Fabien Antunes,1991-11-19
221899,Léo Baptistão,1992-08-26
227102,Fabian Reese,1997-11-29
227185,Jason McCarthy,1995-11-07
227974,Ba-Muaka Simakala,1997-01-28
232875,Christos Cholevas,1991-10-05
233268,Georgios Zygogiannis,1994-08-05
236041,Alexis Blin,1996-09-16
236953,Sam Byram,1993-09-16
237597,Antonis Bourselis,1994-07-06
246309,Dani Ramírez,1992-06-18
248393,Peter Olayinka,1995-11-16
249526,Paolino Bertaccini,1997-11-19
251099,Volkan Pala,1997-02-24
251302,Niklas Dorsch,1998-01-15
251444,Süheyl Cetin,1995-06-22
251447,Eric Veiga,1997-02-18
251892,Juan Soriano,1997-08-23
252233,Aidan Connolly,1995-08-15
253210,Nicolai Poulsen,1993-08-15
253267,Hachim Mastour,1998-06-15
253817,Craig Halkett,1995-05-29
254036,Bernabé Barragán,1993-02-18
255334,Faissal El Bakhtaoui,1992-11-08
255635,Yevgen Chumak,1995-08-25
255638,Dmytro Kravchenko,1995-02-25
255984,André Auras,1991-04-22
256116,Svyatoslav Georgievski,1995-08-21
256120,Wilfrid Kaptoum,1996-07-07
256371,Lorenzo Bardini,1996-04-12
256560,Gerasimos Panagakis,1993-03-29
257097,Ben Davies,1995-08-11
257751,Simone Bastoni,1996-11-05
258015,Diogo Gonçalves,1997-02-06
258023,Sam Howes,1997-11-10
258475,Nikola Maras,1995-12-19
260650,Carlo de Reuver,1995-01-29
262063,Bas Meeuwissen,1994-04-25
262953,Adil Rhaili,1991-04-25
264063,Sergiy Bolbat,1993-06-13
264137,Giorgi Beridze,1997-05-12
264199,Reece Grego-Cox,1996-11-12
265383,Abdoulaye Seck,1992-06-04
265471,Matt Grimes,1995-07-15
267396,Igor Kalinin,1995-11-11
267473,Matej Hanousek,1993-06-02
268176,Sergi Palencia,1996-03-23
268273,Ronald Matarrita,1994-07-09
268940,Emrah Öztürk,1993-02-24
269467,César Martins,1992-12-28
269677,Vladyslav Kraev,1995-02-05
269861,Rennan Oliveira,1991-08-01
270610,Oleg Lanin,1996-01-22
271335,Fabiano,1991-11-18
271497,Maksim Palienko,1994-10-18
272621,Sylvain Deslandes,1997-04-25
273663,Volodymyr Adamyuk,1991-07-17
273738,Héctor Hernández,1995-09-14
274058,Francisco Di Franco,1995-01-28
274061,Lonsana Doumbouya,1990-09-26
275352,Oguz Aksoy,1996-03-12
276337,Abdulkadir Parmak,1994-12-28
276505,Ward Stubbe,1993-02-16
277145,Florent Stevance,1988-10-08
277361,Vinícius,1993-03-07
278190,Ivan Konovalov,1994-08-18
278404,Martín Calderón,1999-03-01
279094,Alejandro Chacopino,1988-11-05
279467,Tom Oostinjen,1991-09-16
279480,Tolgahan Cicek,1995-06-19
280044,Luca Zanon,1996-07-04
280066,Morten Beck,1994-12-06
280409,Shaun Rooney,1996-07-26
280635,Calum Brodie,1997-08-21
280644,Panagiotis Dounis,1997-03-29
281755,Iván Alejo,1995-02-10
282180,Nicolas Wähling,1997-08-24
282250,Birger Meling,1994-12-17
282671,Nili Perdomo,1994-02-18
282706,Senne Vits,1996-08-31
282819,Ilias Stavropoulos,1995-04-06
283233,Jacob Rasmussen,1997-05-28
283286,Robin Bormuth,1995-09-19
284047,Meris Skenderovic,1998-03-28
284608,Erik Gliha,1997-02-13
284727,Jonathan Calleri,1993-09-23
284746,Tiago Silva,1992-01-21
285040,Dmytro Yarchuk,1994-03-23
285634,Hasan Acar,1994-12-16
286170,Tarik Cetin,1997-01-08
286297,Lorenzo Pellegrini,1996-06-19
286384,Eric Bailly,1994-04-12
287240,Nico Fernández,1986-11-17
287717,Emanuele Ndoj,1996-11-20
288181,Jörgen Simon Jörgensen,1995-05-07
288225,Ludovic Blas,1997-12-31
288498,Matheus Índio,1996-02-28
289087,Joseph Minala,1996-08-24
289510,Samuel Bastien,1996-09-26
289587,Aaron Leya Iseka,1997-11-15
289844,Josh Harrop,1995-12-15
290801,Jamie McCart,1997-06-20
291236,Andrey Timofeev,1996-02-08
291383,Leon Schaffran,1998-07-31
292832,Ivan Galanin,1998-06-05
293168,Filip Benkovic,1997-07-13
293210,Amer Gojak,1997-02-13
293721,Ross Cunningham,1998-05-23
293744,Ross Lyon,1998-03-26
293956,Hüseyin Altintas,1994-09-11
294057,James Maddison,1996-11-23
294780,Oleksandr Pikhalyonok,1997-05-07
294791,Chris Bedia,1996-03-05
294895,Mathías Suárez,1996-06-24
295040,Calvin Colquhoun,1996-07-25
295310,Dele Alampasu,1996-12-24
295327,Saviour Godwin,1996-08-22
295400,Raúl Gudiño,1996-04-22
296340,Alfons Amade,1999-11-12
296345,Florian Baak,1999-03-18
296378,Luca Itter,1999-01-05
296513,Nikita Medvedev,1994-12-17
296879,Steffen Tigges,1998-07-31
297256,Sam Jamieson,1999-03-14
297467,Carlos Fortes,1994-11-09
298240,George Thomas,1997-03-24
298589,David García,1994-02-14
298976,Borja Mayoral,1997-04-05
300532,Pontus Almqvist,1999-07-10
304250,David Concha,1996-11-20
304303,Luka Lukovic,1996-10-11
305946,José Gomes,1996-07-20
307301,Andrey Mironov,1997-01-04
308469,Kees Heemskerk,1991-05-02
309980,Federico Varela,1996-05-07
311277,Borja Herrera,1993-01-08
311397,Johane Nizeyimana,1993-05-10
312314,Otávio,1994-05-04
312621,Rafa Alves,1994-01-04
312756,Dimitrios Chomsioglou,1989-03-08
314237,Rushian Hepburn-Murphy,1998-08-28
314367,Marcus Edwards,1998-12-03
314388,Ro-Shaun Williams,1998-09-03
315063,Nahitan Nández,1995-12-28
315121,Justin Bijlow,1998-01-22
315232,Muhammet Yesilyurt,1998-09-15
315561,Milan Makaric,1995-10-04
318457,Daniil Petrunin,1999-06-10
318547,Mateusz Hewelt,1996-09-23
319541,José Carlos Ramírez,1996-05-10
320228,Michael Ledger,1997-08-15
320272,Frederik Lauenborg,1997-05-18
320466,Tropi,1995-05-12
320828,Mark Bruintjes,1996-06-26
321571,Miguel Van Damme,1993-09-25
321919,Ernest Ohemeng,1996-01-17
322061,Kristopher Da Graca,1998-01-16
322089,Benny Ashley-Seal,1998-11-21
323403,Dimitar Velkovski,1995-01-22
325179,Oscar Hedvall,1998-08-09
325887,Filip Uremovic,1997-02-11
325993,Oliver Abildgaard,1996-06-10
326332,Chima Bosman,1996-04-01
326416,Dani Calvo,1994-04-01
328965,Aristotelis Kollaras,1995-12-31
330122,Vadym Semchuk,1993-11-24
330331,Georgios Vasiliadis,1996-06-10
330659,Justin Kluivert,1999-05-05
331725,Faiq Bolkiah,1998-05-09
332274,Omid Noorafkan,1997-04-09
332342,Callum Slattery,1999-02-08
332612,Emmanuel Boateng,1996-05-23
332697,Weston McKennie,1998-08-28
332866,Shaun Want,1997-02-09
332928,Georgios Litskas,1995-06-16
333323,Filip Manojlovic,1996-04-25
333878,Erwin Heidekamp,1997-01-16
334371,Marcos Curado,1995-05-09
334440,Ilzat Akhmetov,1997-12-31
335016,Joey Groenbast,1995-05-04
335245,Marc Navarro,1995-07-02
335633,Noel Wembacher,
336252,Mustafa Apardi,1998-09-14
336370,Jesaja Herrmann,2000-02-08
336869,Marc Roca,1996-11-26
336974,Makana Baku,1998-04-08
337036,Florent Muslija,1998-07-06
337716,Claud Adjapong,1998-05-06
338908,Oleg Baklov,1994-10-20
339253,Daniel Grimshaw,1998-01-16
339432,Muhammet Özkal,1999-11-26
340003,Mattia Bonetto,1997-01-23
340075,Jérémie Broh,1997-03-21
340328,Stephy Mavididi,1998-05-31
340657,Michele Volpe,1997-09-16
340791,Philippe Rommens,1997-08-20
341134,Riccardo Bertozzi,1996-02-12
341298,Leonardo Ramos,1989-08-21
341393,Ibrahim Cissé,1996-05-02
341705,Gerson,1997-05-20
342050,Nathan Baxter,1998-11-08
342152,Roberts Uldrikis,1998-04-03
343149,Vadym Shevchuk,1998-07-27
343175,Akhmed Alibekov,1998-05-29
343602,Bruno Paulista,1995-08-21
343713,Antonis Kyriazis,1997-04-14
344321,Michal Tomic,1999-03-30
344610,Hicham Mahou,1999-07-02
344649,Toni Domgjoni,1998-09-04
345041,Vlatko Stojanovski,1997-04-23
345061,Murilo de Souza,1994-10-31
345473,Nicolás Schiappacasse,1999-01-12
345772,Bright Enobakhare,1998-02-08
345886,Rubén Vargas,1998-08-05
346485,Odin Bailey,1999-12-08
347209,Bradley Vanneste,1997-04-26
347913,Luan Peres,1994-07-19
348214,Kevin Goden,1999-02-22
348519,Georgios Tzelepis,1999-11-12
348522,Konstantinos Dimitriou,1999-06-30
349502,Taha Gür,1996-12-02
349917,Aleksandr Chibirov,1992-02-28
351691,Sam Cosgrove,1996-12-02
351843,Yoann Salmier,1992-11-21
351892,Matheus Fernandes,1998-06-30
351977,João Sousa,1994-05-13
352659,Batuhan Sen,1999-02-03
353368,Killian Le Roy,1998-01-31
353403,Samuel Moutoussamy,1996-08-12
353785,Ryoya Ogawa,1996-11-24
353998,Aaron Mattia Tabacchi,1998-06-26
354325,Oleg Lutsenko,1993-02-14
354359,Julen López,1995-07-20
354613,Matt Polster,1993-06-08
354725,David Milinkovic,1994-05-20
354741,Loren Morón,1993-12-30
355483,Emmanuel Oti,1996-09-24
355516,Lucas Haren,1997-10-13
355540,Bryan Costa,1998-07-28
355629,David Mayoral,1997-04-05
355791,Fabrizio Brignani,1998-01-13
357047,Gautier Larsonneur,1997-02-23
357498,Dusan Vlahovic,2000-01-28
357992,Raoul Bellanova,2000-05-17
357998,Davide Merola,2000-03-27
358032,Cyril Ngonge,2000-05-26
358504,Ritsu Doan,1998-06-16
358508,Issam Ben Khemis,1996-01-10
361065,Mitchel Bakker,2000-06-20
361083,Ian Smeulers,2000-01-12
361122,Achraf El Bouchataoui,2000-01-12
362344,Lorenzo Callegari,1998-02-27
362791,Aleksandr Shubin,1996-12-27
363871,Emre Satilmis,1996-10-13
364295,Ibrahim Alhassan,1996-11-03
365248,Okan Chatziterzoglou,1996-03-05
365540,Valeriy Bondarenko,1994-02-03
366445,Andriy Marchuk,1997-06-25
367652,Rodrigo Abascal,1994-01-14
370691,Francis Guerrero,1996-03-11
370701,Michele Cerofolini,1999-01-04
370834,Atakan Üner,1999-06-16
371013,Ivor Pandur,2000-03-25
371149,Evan Ndicka,1999-08-20
371318,Petro Pereverza,1994-07-10
371627,Ivan Oleynikov,1998-08-24
371981,Sem Custers,2000-05-09
372138,Yuriy Zakharkiv,1996-03-21
373714,Wuilker Fariñez,1998-02-15
374036,Roman Pomazan,1994-09-05
374055,Dragan Rosic,1996-09-22
374984,Sean Mackie,1998-11-04
374987,Elves Baldé,1999-10-02
375376,Pedro Álvaro,2000-03-02
375402,Mark Lamont,1998-02-25
375659,German Penkov,1994-05-26
376227,Denys Galenkov,1995-10-13
376485,Yhonatan Bedoya,1996-10-17
377243,Jakub Piotrowski,1997-10-04
378953,Gerzino Nyamsi,1997-01-22
378965,Cheick Traoré,1995-03-31
379632,Sergio Camus,1997-04-19
381689,Mehmet Yesil,1998-05-31
381833,Nail Umyarov,2000-06-27
381968,William Balikwisha,1999-05-12
382527,Viktor Gey,1996-02-02
382759,Berk Cetin,2000-02-02
383014,Gonçalo Costa,2000-02-18
383638,Juninho,1995-02-01
384280,Jules Van Cleemput,1997-04-11
385635,Regan Charles-Cook,1997-02-14
385794,Bruno Sousa,1996-05-15
385909,Ertugrul Senlikoglu,1999-05-19
385922,Ntumba Massanka,1996-11-30
386967,Przemyslaw Wisniewski,1998-07-27
387331,Sam Field,1998-05-08
387928,Lucas Taylor,1995-04-10
388313,Tercious Malepe,1997-02-18
388363,Maximilian Bauer,2000-02-09
388555,Lucas de Vega,2000-01-16
389079,Jan Boller,2000-03-14
389441,Virgile Pinson,1996-02-22
389837,Nicolò Casale,1998-02-14
390126,Vasilios Chatzidimpas,1997-02-06
390539,Antonis Tsiftsis,1999-07-21
390688,Juan Iglesias,1998-07-03
390814,Trevor Doornbusch,1999-07-06
391408,Antonio D'Alena,1998-02-24
391686,Massimo Tazzer,1999-05-28
392304,Olivier Lesueur,1997-07-11
393321,James Sands,2000-07-06
393839,Léo Tilica,1995-04-20
395671,Anthony Racioppi,1998-12-31
396542,Jordan Northcott,2002-02-09
396746,Oguzhan Acil,2000-05-27
396936,Ágúst Hlynsson,2000-03-28
397102,Josh Benson,1999-12-05
397464,Leônidas,1995-10-17
397544,Matteo Tobaldo,1998-04-02
397869,Alessandro Gabbani,1999-07-13
398731,Timur Zakirov,1996-04-12
399779,Chuca,1997-06-10
400713,Daniil Fomin,1997-03-02
402126,Alhassane Soumah,1999-10-23
402963,Georgios Daviotis,1998-06-29
403204,Daniil Bolshunov,1997-04-03
403692,Victor Torp,1999-07-30
403845,Mattia Viviani,2000-09-04
405973,Fadel Gobitaka,1998-01-16
406604,Patrick Finger,2001-01-01
406776,Dmytro Gaponchuk,1995-11-08
409106,Peter Etebo,1995-11-09
409153,Teddy Teuma,1993-09-30
409346,Jan Hoekstra,1998-08-04
410059,Bakaye Dibassy,1989-08-11
410229,Job van de Walle,1998-05-26
410571,Hakan Demir,1998-05-08
410831,Mehmet Enes Öztürk,1997-12-07
410897,Lars Kramer,1999-07-11
412046,Ivan Chapela,1999-05-21
416465,Marios Tsaousis,2000-05-11
416802,Thierry Lutonda,2000-10-27
417346,Jack Harrison,1996-11-20
417669,Christos Kountouriotis,1998-01-02
417896,Nicola Rauti,2000-04-17
418513,Dieudonne Yao,1997-02-14
418651,Yahia Fofana,2000-08-21
418879,Mattia Pitzalis,2000-04-04
419293,Hamidou Keyta,1994-12-17
419996,Raphaël Adiceam,1990-07-03
421046,Dmitriy Tsypchenko,1999-06-29
421637,Frank Onyeka,1998-01-01
422316,José Xavier,1997-03-07
422838,Roman Evgenjev,1999-02-23
422893,Moataz Zemzemi,1999-08-07
423252,Viktor Serdenyuk,1996-01-27
423614,Gabriele Corbo,2000-01-11
423744,Billy Gilmour,2001-06-11
425372,Edu Pinheiro,1997-11-08
425808,Sebastian Hausner,2000-04-11
426620,Pedro Gonçalves,1998-06-28
426648,Ibrahima Sory Sankhon,1996-01-01
426666,Ryotaro Meshino,1998-06-18
426805,Andro Giorgadze,1996-05-03
427693,Matthias Phaëton,2000-01-08
428725,Oliver Haurits,2000-12-12
430152,Andriy Cherepko,1997-01-17
430153,Oleksiy Khomenko,1994-08-28
430488,Edgar Sevikyan,2001-08-08
431811,Ola Solbakken,1998-09-07
432121,Yannick Verbist,1998-06-22
432281,Márton Dárdai,2002-02-12
435605,Cristopher Núñez,1997-12-08
435775,Dragan Lausberg,2002-04-29
435869,Ahmet Karadayi,1996-01-19
436906,Sergey Podoksenov,1997-07-29
439914,John Yeboah,2000-06-23
441306,Mathias Fixelles,1996-08-11
442424,Murilo,1996-05-12
442804,Stephen Hammond,1996-08-06
444065,Sam van Huffel,1998-06-24
445256,Simos Synodinos,1997-11-05
447117,Agustín Cedrés,1998-05-28
447664,Marlon Rangel,1996-05-22
448466,Jovane,1998-06-14
450708,Will Graham,1999-06-23
450958,Ross Sykes,1999-03-26
451811,Kenny Lipman,1999-03-12
451860,Keaton Parks,1997-08-06
452584,Bruny Nsimba,2000-04-05
454567,Orkun Kökcü,2000-12-29
455056,Imanol García,1995-12-26
455062,Christoffer Monty,2000-07-05
455290,Devlet Karatas,1997-10-25
456111,Will Mannion,1998-05-05
456184,Ivan Tarasov,2000-01-30
456445,Khamis Digol,1998-09-28
457620,Vasilios Athanasiou,1999-07-24
457729,Jarni Koorman,1999-03-15
459128,Marco Brescianini,2000-01-20
459300,Axel Desjardins,2000-01-13
459945,Nunzio Lella,2000-07-28
460125,Inácio,1996-01-29
460637,Yanis Hénin,1999-06-24
460934,Maxime Soulas,1999-05-19
461019,Samuele Birindelli,1999-07-19
461581,Malcolm Barcola,1999-05-14
461619,Fernando Medrano,2000-03-26
461657,Oleksandr Petrusenko,1998-03-26
461947,Erdem Secgin,2000-01-05
462329,Stanislav Magkeev,1999-03-27
462584,Mart Janssen,1998-09-23
463152,Vítor Hugo,1994-12-23
463320,Joel Graterol,1997-05-15
463497,Lorenzo Avogadri,2001-08-21
464529,Apostolos Diamantis,2000-05-20
464535,Zisis Chatzistravos,1999-12-16
464738,Ben Wynter,1997-12-11
466812,Nils Mortimer,2001-06-11
467236,Kasper Jörgensen,1999-11-07
467243,Viktor Kornienko,1999-02-14
468191,William Tchuameni,1996-12-25
469787,Berkan Kutlu,1998-01-25
470594,Clinton Mola,2001-03-15
471004,Luis Binks,2001-09-02
471901,Jonas Michelbrink,2001-06-23
471936,Oliver Christensen,1999-03-22
472234,Jannis Lang,2002-07-12
475188,Kiernan Dewsbury-Hall,1998-09-06
475419,Nick van den Dam,1999-03-12
476237,Steven Alzate,1998-09-08
476274,Aleksandr Melikhov,1998-03-23
478107,Ousoumane Camara,1998-12-19
478573,Ryan Gravenberch,2002-05-16
479636,Henrique Jocú,2001-09-09
479646,Rodrigo Valente,2001-02-15
479650,Gonçalo Gomes,2001-03-05
479942,Brandon Mason,1997-09-30
479944,Charlie Rowan,1997-12-14
480135,Egor Sedov,1999-06-01
480763,Juan Foyth,1998-01-12
481617,Gonçalo Oliveira,2001-02-28
481679,Dimitrios Karagiannis,2001-02-27
482826,Reda Kharchouch,1995-08-27
484551,Taylor Richards,2000-12-04
485586,Syb van Ottele,2002-02-02
485959,Benrandy Abdallah,1999-07-01
486043,Thibo Baeten,2002-06-04
486347,Tibo Persyn,2002-03-13
486767,Hélder Baldé,1998-08-03
488270,Kaur Kivila,2003-11-22
490223,Ibrahima Koné,1999-06-16
490423,Ignace Van der Brempt,2002-04-01
490621,Santiago Mosquera,1995-02-07
490970,Ísak Snaer Thorvaldsson,2001-05-01
493607,Matt Worthington,1997-12-18
497291,Nicolás Domínguez,1998-06-28
499581,Nezar S'Rifi,2000-07-15
502449,Wolf Ackx,2002-05-05
502676,Giorgi Mamardashvili,2000-09-29
503327,Teddy Okou,1998-05-15
503727,Korede Adedoyin,2000-11-14
503867,Mads Hansen,2001-04-10
503975,Joe Hodge,2002-09-14
503980,Joe Gelhardt,2002-05-04
503991,Yunus Musah,2002-11-29
504001,Oleg Isaenko,2000-01-31
504084,Tiago Ribeiro,2002-03-14
504508,Michael Collins,2000-09-22
504825,Gian Marco Crespi,2001-06-28
506855,Cyrill Akono,2000-02-29
507486,Simon Sohm,2001-04-11
507496,Felix Mambimbi,2001-01-18
511117,Ismail Ünal,1997-12-02
511931,Polidoro Junior,1996-09-12
512257,Sebastian Avanzini,1995-04-01
512394,Lazar Randjelovic,1997-08-05
512913,Stephen Eustaquio,1996-12-21
514120,Adam Bareiro,1996-07-26
514888,Oliver Sörensen,2002-03-10
515638,Erick,1997-12-10
516407,Bojan Radulovic,1999-12-29
517376,Yusuf Sari,1998-11-20
517753,Óscar Valentín,1994-08-20
519994,Edin Lynch,2000-08-07
520787,Ruan Teles,1997-10-23
521225,Jakob Kiilerich,2000-05-10
521795,Ayub Batsuev,1997-02-09
522131,Jaime Alvarado,1999-07-26
524988,Yohan Roche,1997-07-07
524989,Moussa Bana,1997-10-01
525885,Can Dursun,1992-10-03
528858,Ömerhan Ayin,1997-01-03
529731,Duarte Valente,1999-11-02
529870,Danila Khotulev,2002-10-01
530157,Cem Türkmen,2002-03-29
531273,Fran Álvarez,1998-01-21
531277,Andrés Martín,1999-07-11
531835,Zorhan Bassong,1999-05-07
532178,Sam Greenwood,2002-01-26
533158,Loïc Lapoussin,1996-03-27
533176,Carlito Fermina,2000-01-23
533734,Klinton Noka,1996-02-18
535881,Mattia Chiesa,2000-07-16
535947,Maksim Bachinskiy,2000-02-02
535968,Ruslan Fishchenko,2000-06-09
536503,Fouad El Maach,2001-01-02
536510,Louis Torres,2001-04-29
536511,Gobé Gouano,2000-12-10
536835,Amad Diallo,2002-07-11
537476,Gonçalo Pinto,2000-04-30
537488,Dion Ruffo Luci,2001-07-12
539321,Joe Champness,1997-04-27
540058,Christos Talichmanidis,2001-03-16
540516,Dan MacKay,2001-04-20
540643,Tidiane Malbec,2001-11-03
542445,Steffen Svenningsen,2000-08-04
543387,Cheick Doucouré,2000-01-08
543503,Eric Ayiah,2000-03-06
543771,Kristjan Asllani,2002-03-09
548803,Fabio Schneider,2002-07-31
549960,Tymur Stetskov,1998-01-27
550106,Matteo Cancellieri,2002-02-12
550443,Davide Masella,2002-05-12
552547,Lucas Poletto,1995-03-29
553757,Aleksander Buksa,2003-01-15
553874,Youssouf Yalike,1999-01-17
554175,Alpha Diounkou,2001-10-10
554405,Nektarios Kotopoulos,2002-09-12
554433,Christian Pierobon,2002-03-26
555519,Konstantinos Kotsopoulos,1997-02-17
555703,Baba Fernandes,2000-03-07
557459,Micky van de Ven,2001-04-19
558139,Marvin Tshibuabua,2002-01-08
558688,Artem Ntumba Muamba,2003-04-19
559006,Ayoub El Harrak,1999-01-28
560642,Laurent Mendy,1998-12-18
561856,Nikita Kolotievskiy,2001-03-04
561875,Danylo Khmelovskyi,1999-05-27
562742,Leo Román,2000-07-06
564448,Daan Huisman,2002-07-26
564449,Million Manhoef,2002-01-03
564532,Franco Vezzoni,2001-11-12
564561,Mathurin Sakho,1995-03-10
564700,Jafar Salmani,1997-01-12
565832,Ilias Iliadis,2001-03-21
567491,Christos Chatzigiannakis,2002-03-09
567668,Nikolaos Christogeorgos,2000-01-03
567880,Yevgen Protasov,1997-07-23
568157,Yéremy Pino,2002-10-20
569140,Lassine Sinayoko,1999-12-08
569374,Thibault Tamas,2001-02-20
574352,Chico Banza,1998-12-17
574930,Danila Vedernikov,2001-06-06
579565,Ísak Bergmann Jóhannesson,2003-03-23
581140,Joelson Fernandes,2003-02-28
581681,Finley Burns,2003-06-17
582078,Will Dennis,2000-07-10
587106,Gonçalo Cardoso,2000-10-21
588866,Mario Stroeykens,2004-09-29
590839,Seref Can Büyük,1999-04-28
593322,Issa Marega,1998-04-20
593956,Jarno Westerman,2002-06-08
594276,Tiago Cukur,2002-11-30
596240,Senou Coulibaly,1994-09-04
597087,Lucas Áfrico,1995-02-05
598791,Tsuyoshi Watanabe,1997-02-05
601454,Artem Sukhanov,2001-05-29
601500,Konstantin Kovalev,2000-01-14
602598,Job Froeling,2002-04-15
604326,Johannes Schenk,2003-01-13
605364,Marko Antunic,2000-06-21
606160,Herculano Nabian,2004-01-25
606531,Tomas Brindley,2001-10-13
606952,Juninho,1995-12-26
607164,Enzo Cornelisse,2002-06-29
607200,Ali Osman Karnapoglu,1999-04-30
608943,Lucas Silva,1999-08-27
609649,Petros Bakoutsis,2001-06-29
609742,Paraskevas Kallidis,1999-08-31
610289,Philip Gejl,2002-07-24
610408,André Grandi,1997-05-02
610878,Jacopo Desogus,2002-10-01
611793,James Hill,2002-01-10
611911,Cammy Dow,2002-03-14
612572,Yavuz Özbakan,2000-03-13
612830,Furkan Sahin,2002-03-01
614084,Luke Matheson,2002-10-03
615597,Vladimir Prijovic,2002-06-26
615648,Artem Shmykov,2002-01-08
615731,Alperen Soysal,2003-02-06
616467,Yusuf Karagöz,1999-10-05
616886,Cagtay Kurukalip,2002-02-24
617808,Jacopo Sassi,2003-07-24
617867,Selahattin Seyhun,1999-06-28
620163,Yann Kembo,2002-03-20
620313,Lucas Gourna-Douath,2003-08-05
620368,Ostap Prytula,2000-06-24
623040,Yayah Kallon,2001-06-30
623076,Georgios Tsilingiris,2001-09-19
623214,Konstantinos Chatzipirpiridis,2001-05-01
623253,Panagiotis Sengergis,2001-06-23
623615,Muhammet Celik,1998-10-04
624548,Salva Ferrer,1998-01-21
625144,Vladyslav Semotyuk,2000-11-14
627287,Carlo García,2001-02-12
627463,Thibaut Vargas,2000-05-22
629032,Matteo Bignetti,2004-05-06
632501,Thomas Giaquinto,2000-03-20
635336,Imrân Louza,1999-05-01
636688,Alejandro Balde,2003-10-18
638589,Ángel Algobia,1999-06-23
640245,Will Fish,2003-02-17
641131,Juan Felipe Villa,1999-10-10
643097,Robbie Fraser,2003-04-02
646658,Aaron Ramsey,2003-01-21
646782,Mamoudou Karamoko,1999-06-08
651139,Kirill Dontsov,2001-12-21
651552,Mishel Pukhaev,2002-01-01
652990,Leo Watson,2003-05-20
653862,Leonardo Montezello,2001-01-21
654234,Anton Kade,2004-01-17
654384,Pernambuco,1998-04-28
655003,Lukas Mondele,2004-03-29
655143,Josué Homawoo,1997-11-12
655151,Konstantinos Nikolopoulos,2002-07-13
658274,Anton Zadereyko,1999-03-04
661207,Oscar Bobb,2003-07-12
666212,Christian Friedrich,2003-02-15
666977,Aliou Baldé,2002-12-12
667121,Rodrigo Gomes,2003-07-07
668046,Mikail Balkaya,2001-01-10
668276,Hugo Novoa,2003-01-24
668709,Martin Agnarsson,2003-12-07
671591,Dorgeles Nene,2002-12-23
671666,René Vanden Borre,2004-01-19
672248,Denis Kovacevic,2002-12-12
673100,Afeez Nosiru,1998-03-01
678546,Mexx Meerdink,2003-07-24
680768,Jelte Pal,2002-10-16
685086,Pépé Bonet,2003-02-13
685805,João Gonçalves,2000-11-05
685807,Luís Santos,2000-01-20
687630,Kyan Vaesen,2001-04-13
688707,Salis Abdul Samed,2000-03-26
694355,Lewis Jamieson,2002-04-17
697149,Kazimcan Karatas,2003-01-16
697278,Charlie Webster,2004-01-31
699265,Danila Sukhomlinov,2002-08-31
700067,Melik Ejder Yücel,2002-01-01
700266,Anil Dikmen,2002-06-16
700643,Martin Turk,2003-08-21
700646,André Silva,2003-03-18
701335,Cihat Topatan,
704709,Mattia Damiani,2003-02-25
704712,Riccardo Pinzi,2003-08-17
705808,Max Svensson,2001-11-08
708265,Bradley Barcola,2002-09-02
708695,Yunus Mertoglu,2001-04-20
709727,Kévin Boma,2002-11-20
709729,Tijany Atallah,2003-03-12
710679,Iker Benito,2002-08-10
710860,Leandro Silva,1999-01-16
711231,Andriy Karvatskyi,2000-06-24
711247,Kwadwo Baah,2003-01-27
711969,Lorenz Assignon,2000-06-22
714458,Ben Nelson,2004-03-18
714779,Evgeniy Kim,2003-05-17
719456,Thibo Somers,1999-03-16
722371,Denys Svityukha,2002-02-08
724035,Andreas Ndoj,2003-02-02
724421,Jota Oliveira,2002-09-18
725003,Arne Cassaert,2000-11-20
725242,Luca D'Andrea,2004-09-06
726012,Denys Ignatenko,2003-01-11
727084,Mert Kabasakal,2004-05-02
728020,Mikkel Brund,2003-03-06
732096,Santi García,2001-08-29
732117,Dylan Williams,2003-09-13
740732,Talles,1998-05-12
743122,Kyriani Sabbe,2005-01-26
743395,Noah Mbamba,2005-01-05
743496,Kévin Danois,2004-06-28
743533,Mohamed El Arouch,2004-04-06
743890,Murat Altay,2003-06-05
744063,Dele,2001-02-22
744146,Davyd Alekseev,2003-06-04
748506,Martin Wasinski,2004-04-07
751363,Danylo Kravchuk,2001-07-02
755174,Danyil Alefirenko,2000-04-19
766807,Vincent Pichel,2001-11-12
768439,Daylam Meddah,2002-10-06
770895,Ismaël Boura,2000-08-14
775832,Dmytro Matsapura,2000-03-10
775905,Stanislav Morarenko,2001-08-03
782630,Khalil Fayad,2004-06-09
787912,El Chadaille Bitshiabu,2005-05-16
797358,Tunde Owolabi,1995-07-26
798925,Fodé Doucouré,2001-02-03
800021,Alexandros Doumas,2003-02-03
802512,Julius Beck,2005-04-27
804134,Bogdan Racovitan,2000-06-06
807648,Abdoulaye Sylla,2000-04-10
808509,Danilo,2001-04-29
811779,Alejandro Garnacho,2004-07-01
812863,Nikita Alekseev,2002-01-09
814269,Gustavo Mantuan,2001-06-20
814725,Marco Majouga,2001-05-09
814811,Jack Wells-Morrison,2004-02-18
817226,Burak Efe Yaz,2003-08-18
820957,Derry Scherhant,2002-11-10
822116,Yannis M'Bemba,2001-07-01
822959,Tom Bischof,2005-06-28
825450,Mykyta Dudka,2000-12-18
833884,Rafael Romero,2003-08-07
834755,Luis Bilbao,2003-03-24
842894,Kostyantyn Domaratskyi,2000-06-27
857482,Baïla Diallo,2001-06-24
867079,Ramazan Özkanli,2003-01-25
867711,Will Alves,2005-05-04
873535,Baran Aksaka,2003-01-29
874142,Ali Riza Aslan,2002-06-21
875334,Semih Kilicsoy,2005-08-15
876717,Bilal Selamet,2005-03-19
887054,Cheikh Diamanka,2001-01-20
892052,Yuriy Dudnyk,2002-09-12
892053,Denys Nagnoynyi,2002-02-03
892054,Emil Mustafaev,2001-09-24
903223,Martin Delavallée,2004-03-18
904707,Yannis Nahounou,2004-05-16
904917,Sam Campbell,2004-09-01
904932,Cody McLeod,2003-05-22
908936,Zé Carlos,2001-10-30
913674,Marius Ros,2001-11-15
917101,Rudy Kohon,2004-05-23
919173,Ibrahim Diakité,2003-10-31
922488,Yakine Said M'Madi,2004-03-11
923708,Liam McFarlane,2004-09-26
924695,Nurettin Kücükdeniz,2004-04-13
926987,Anders Noshe,2006-01-09
928288,Oleksandr Dykhtyaruk,2003-01-15
931185,Luka Tsulukidze,2004-02-08
931521,Aiden Gilmartin,2005-06-02
936824,Maksym Zhuk,2003-08-18
948275,Álvaro Rodríguez,2004-07-14
949337,Guilherme Smith,2003-06-11
971613,Dante Polvara,2000-06-21
976768,Tomás Igreja,2002-06-19
988710,Baran Gezek,2005-08-26
1046796,Diego Gustavo,2004-06-19
1613,Vivian,1982-04-05
2050,Nelson Valdez,1983-11-28
3163,Frank Lampard,1978-06-20
3176,Eidur Gudjohnsen,1978-09-15
3397,Paul Scholes,1974-11-16
3413,Rodrigo Tello,1979-10-14
3534,Roy Carroll,1977-09-30
3547,Darren Fletcher,1984-02-01
3613,Sean O'Hanlon,1983-01-02
3966,Djibril Cissé,1981-08-12
4042,Brad Jones,1982-03-19
4205,Bobby Zamora,1981-01-16
4208,Dominik Reinhardt,1984-12-19
4217,Anthony Le Tallec,1984-10-03
4310,Bogdan Lobont,1978-01-18
4383,Johan Elmander,1981-05-27
5406,Benoît Pedretti,1980-11-12
5509,Eric Djemba Djemba,1981-05-04
5818,Massimo Ambrosini,1977-05-29
5858,Paolo Cannavaro,1981-06-26
5908,Cristiano Lupatelli,1978-06-21
5917,John Mensah,1982-11-29
5942,Jonathan Zebina,1978-07-19
5958,Francesco Totti,1976-09-27
6004,Alessandro Frara,1982-11-07
6107,Abdoulaye Faye,1978-02-26
6585,Kalu Uche,1982-11-15
6866,Cihan Haspolatli,1980-01-04
7063,Serhat Gülpinar,1979-01-01
7346,Ugur Boral,1982-04-14
7401,Bekir Irtegün,1984-04-20
7476,Xabi Alonso,1981-11-25
7600,Andrés Iniesta,1984-05-11
7602,Thiago Motta,1982-08-28
7825,Pepe Reina,1982-08-31
7922,Sergio García,1983-06-09
8206,Emmanuel Cascione,1983-09-22
8669,Milan Obradovic,1977-08-03
8730,Manu Lanzarote,1984-01-20
8746,Carlos Peña,1983-07-28
9410,Ólafur Ingi Skúlason,1983-04-01
9684,Pantelis Kafes,1978-06-24
9698,Stefanos Kotsolis,1979-06-05
9819,Ricardo Costa,1981-05-16
9850,Vangelis Moras,1981-08-26
9885,Brynjar Gunnarsson,1975-10-16
10143,Umut Bulut,1983-03-15
11111,Ramiro Funes Mori,1991-03-05
11365,Kevin McNaughton,1982-08-28
12570,Mark Wilson,1984-06-05
12751,Neil McGregor,1984-08-24
12872,Grigoris Makos,1987-01-18
12873,Vangelis Mantzios,1983-04-22
12953,Georgios Kousas,1982-08-12
13048,Luciano,1980-03-16
13113,Marco Né,1983-07-17
13258,Tim Sparv,1987-02-20
13443,Lee Camp,1984-08-22
13483,Mustapha Oussalah,1982-02-19
13796,Grant Leadbitter,1986-01-07
14132,Pepe,1983-02-26
14178,David Vaughan,1983-02-18
14219,Dario Kresic,1984-01-11
14274,Cadú,1981-12-21
14520,Pablo Contreras,1978-09-11
14579,Iain Davidson,1984-01-14
14641,Cillian Sheridan,1989-02-23
14933,Milan Jovanovic,1981-04-18
14977,Christoph Janker,1985-02-14
15420,Alex,1982-06-17
15461,Jaime Gavilán,1985-05-12
15788,Yohann Rivière,1984-08-18
15904,Thomas Vermaelen,1985-11-14
15961,Rúrik Gíslason,1988-02-25
16306,Casemiro,1992-02-23
16420,Dimitrios Koutsopoulos,1978-04-20
16589,Pierre Webó,1982-01-20
16600,Georgios Makris,1984-11-15
16873,Claudio Terzi,1984-06-19
17184,Dusko Tosic,1985-01-19
17259,Manuel Neuer,1986-03-27
17396,Mathieu Flamini,1984-03-07
17879,Márton Fülöp,1983-05-03
17880,Stephan Andersen,1981-11-26
18097,Benjamin Kibebe,1981-08-13
18301,Maicon,1981-07-26
18514,Giuseppe Rossini,1986-08-23
18893,Benjamin Nicaise,1980-09-28
18955,Renaud Cohade,1984-09-29
20410,Jussiê,1983-09-19
20887,Dimitrios Kontodimos,1982-04-21
21306,Andy Considine,1987-04-01
22139,Abdoulay Konko,1984-03-09
22165,Charles N'Zogbia,1986-05-28
22176,Christian Keller,1980-08-17
22203,Antonio Nocerino,1985-04-09
22338,Laurent Ciman,1985-08-05
22395,Adil Hermach,1986-06-27
22820,Túlio de Melo,1985-01-31
22851,Kim Christensen,1979-07-16
23205,Steffen Ernemann,1982-04-26
23817,Dan Twardzik,1991-04-13
23918,David Ducourtioux,1978-04-11
23960,Jérémy Morel,1984-04-02
24000,Vyacheslav Checher,1980-12-15
24112,Rune Jarstein,1984-09-29
24202,Vasco Fernandes,1986-11-12
24465,Valeri Domovchiyski,1986-10-05
24609,Hrvoje Cale,1985-03-04
24636,Paul McShane,1986-01-06
24709,Rui Miguel,1983-11-15
24805,Efthymios Kotitsas,1986-03-25
24877,Ronnie Stam,1984-06-18
24880,Artur,1984-02-18
24912,Aleksey Kozlov,1986-12-25
25860,Igor Kot,1980-06-03
25923,Sergey Volkov,1980-09-27
26303,Martin Bogatinov,1986-04-26
26373,Óscar Serrano,1981-09-30
26802,Asamoah Gyan,1985-11-22
27239,Simon Vukcevic,1986-01-29
27491,Otman Bakkal,1985-02-27
27592,Lefteris Mappas,1982-07-29
27811,Gerard Aafjes,1985-01-27
27980,David Raven,1985-03-10
28335,Christophe Jallet,1983-10-31
28396,Edin Dzeko,1986-03-17
28753,Juan Pablo Caffa,1984-09-30
28953,Liam Fontaine,1986-01-07
29115,Igor Angulo,1984-01-26
29158,Andrew Taylor,1986-08-01
29387,Hasan Kabze,1982-05-26
29819,Mariusz Pawelek,1981-03-17
29835,Jakub Blaszczykowski,1985-12-14
30428,Nikolaos Lazaridis,1979-07-12
30456,Marc Wilson,1987-08-17
30853,Mariano Izco,1983-03-13
31062,Rachid Bourabia,1985-03-22
31579,Adam Johnson,1987-07-14
31880,Jordens Peters,1987-05-03
31910,Felix Kroos,1991-03-12
32233,Carlos Diogo,1983-07-18
32622,Patrick Ebert,1987-03-17
33042,Migjen Basha,1987-01-05
33218,Luca Cigarini,1986-06-20
33481,Gervinho,1987-05-27
33491,Kevin Foley,1984-11-01
33502,Dino Seremet,1980-08-16
33537,Olberdam,1985-02-06
33648,Fábio Coentrão,1988-03-11
33963,David Nugent,1985-05-02
34291,Fotis Karagiolidis,1987-08-28
34395,Draman Haminu,1986-04-01
34559,Matthew Connolly,1987-09-24
34773,Volodymyr Pryiomov,1986-01-02
34782,Peter Jungschläger,1984-05-22
34929,Ivan Taranov,1986-06-22
34986,Volkan Yaman,1982-08-27
35245,Matheus,1983-01-15
35251,Marko Marin,1989-03-13
35413,Lewis Grabban,1988-01-12
35455,André Marques,1987-08-01
35541,Roberto Santamaría,1985-02-27
35587,Anthony Stokes,1988-07-25
35773,Carlos Vela,1989-03-01
35934,Slobodan Rajković,1989-02-03
36189,Christian Dorda,
36559,Emil Johansson,1986-08-11
36586,Bennard Kumordzi,1985-03-21
36772,Mark Stewart,1988-06-22
37340,Antonio Tomás,1985-01-13
37418,Éder,1986-11-15
37838,Dejan Lovren,1989-07-05
37951,Tolgahan Acar,1986-06-04
38267,Mergim Mavraj,1986-06-09
38388,Vadis Odjidja-Ofoe,1989-02-21
38397,Robert Veselovsky,1985-09-02
38440,Christian Träsch,1987-09-01
39665,Tomas Necid,1989-08-13
39831,Leandro Greco,1986-07-19
40442,Paco Montañés,1986-10-08
40456,Sandro Sirigu,1988-10-07
40928,Kamel Ghilas,1984-03-09
41335,Ruben Yttergard Jenssen,1988-05-04
41372,Jan Maslo,1986-02-05
41866,Constant Djakpa,1986-10-17
42029,Blazej Augustyn,1988-01-26
42298,Rhoys Wiggins,1987-11-04
42399,Mustapha Alasan Jarju,1986-07-18
42554,Piotr Grzelczak,1988-03-02
43003,Nacho Monreal,1986-02-26
43076,Nivaldo,1980-06-23
43082,Nicola Belmonte,1987-04-15
43084,Gaetano Berardi,1988-08-21
43260,Gary Irvine,1985-03-17
43290,Oleg Chuvaev,1987-10-25
43332,Oleksandr Kovpak,1983-02-02
43630,Neto,1981-02-07
43759,Luigi Bruins,1987-03-09
43942,Issiar Dia,1987-06-08
44139,Juan Albín,1986-07-17
44281,Adriano Russo,1987-06-06
44674,Giovani dos Santos,1989-05-11
44759,Georgi Sarmov,1985-09-07
44789,James Dunne,1989-09-18
45082,Diego Gómez,1984-01-05
45287,Adel Taarabt,1989-05-24
45330,Claudio Yacob,1987-07-18
45347,William Owusu,1989-09-13
45389,Samuel Di Carmine,1988-09-29
45501,Cyprien Baguette,1989-12-05
45531,Donovan Slijngard,1987-08-28
45566,Tijani Belaid,1987-09-06
45639,Mubarak Wakaso,1990-07-25
45668,Konstantin Rausch,1990-03-15
45683,Manuel Gulde,1991-02-12
46106,Adam Le Fondre,1986-12-02
46215,Javi Guerra,1982-03-15
46286,Boubacar Dialiba,1988-07-13
46413,Ante Budimir,1991-07-22
46500,Tomislav Barbaric,1989-03-29
47659,Costel Pantilimon,1987-02-01
48516,Niclas Heimann,1991-03-12
48805,Mads Albaek,1990-01-14
48898,Berat Sadik,1986-09-14
49008,Vitaliy Mandzyuk,1986-01-24
49016,Yevgen Past,1988-03-16
50135,Nikita Rukavytsya,1987-06-22
50303,Tim Matavz,1989-01-13
50552,Dimitrios Konstantopoulos,1978-11-29
50674,Elia Soriano,1989-06-26
51226,Carlos Sánchez,1986-02-06
51383,Manuel Arana,1984-12-03
51938,Taha Yalciner,1987-01-12
52191,Stephen Henderson,1988-05-02
52317,Deniz Naki,1989-07-09
52406,Carlos Eduardo,1987-07-18
52576,Kazenga LuaLua,1990-12-10
52807,Robin Henkens,1988-09-12
53228,Anri Khagush,1986-09-23
53270,Oleksandr Gladkyi,1987-08-24
53286,Maurício,1988-10-21
53299,Kostyantyn Yaroshenko,1986-09-12
53871,Javier Cámpora,1980-01-07
54287,Inal Getigezhev,1987-05-23
54419,Egídio,1986-06-16
54576,Sebastián Blanco,1988-03-15
55001,Matteo Rubin,1987-07-09
55143,Jerónimo Barrales,1987-01-28
55215,Javier Pastore,1989-06-20
55231,Luis Manuel Seijas,1986-06-23
55250,Titi,1988-03-12
55253,Diego Barcelos,1985-04-05
55597,Marcel Correia,1989-05-16
55619,Nordin Amrabat,1987-03-31
56059,Lucas Wilchez,1983-10-31
56115,Rabiola,1989-07-25
56518,Sefa Yilmaz,1990-02-14
56523,Michiel Kramer,1988-12-03
56587,Yigit Gökoglan,1989-06-05
56817,Fabiano Santacroce,1986-08-24
57280,Giacomo Bonaventura,1989-08-22
57348,Thomas Ayasse,1987-02-17
57359,Emmanuel Bourgaud,1987-10-25
57370,Damien Da Silva,1988-05-17
57438,Tomas Mikuckis,1983-01-13
57479,Gennadios Xenodochof,1988-05-30
57506,Paco van Moorsel,1989-12-15
57643,Marcello Gazzola,1985-04-03
57723,Marcano,1987-06-23
58051,Mykhaylo Kopolovets,1984-01-29
58097,John Bostock,1992-01-15
58115,Yoel Rodríguez,1988-08-28
58175,Zequinha,1987-01-07
58515,Vitaliy Balashov,1991-01-15
58622,Mehmet Sak,1990-04-04
58660,Ibrahim Öztürk,1981-06-21
58829,Eren Güngör,1988-04-02
58855,Erdem Özgenc,1984-08-22
58922,Rizvan Ablitarov,1989-04-18
58939,Oleksiy Palamarchuk,1991-07-22
59322,Oleksandr Karavaev,1992-06-02
59984,Taras Lazarovych,1982-04-22
60096,Miral Samardzic,1987-02-17
60129,Bojan Malisic,1985-01-14
60323,Anton Monakhov,1982-01-31
60543,Mathieu Gorgelin,1990-08-05
60558,Maxime Le Marchand,1989-10-11
60744,Daryl Janmaat,1989-07-22
60941,Ivans Lukjanovs,1987-01-24
61253,José Callejón,1987-02-11
61546,Facundo Roncaglia,1987-02-10
61572,Chris Herd,1989-04-04
61588,Jordan Spence,1990-05-24
61682,Amine Chermiti,1987-12-26
61813,Calum Butcher,1991-02-26
61881,Ulrik Flo,1988-10-06
62085,Jerold Promes,1984-03-09
62481,Anastasios Papazoglou,1988-09-24
62611,Sergio Mora,1979-08-30
62832,Miguel Bianconi,1992-05-14
63491,Andreas Vasilogiannis,1991-02-21
64363,Dani Castellano,1987-11-02
64431,Kevin Pannewitz,1991-10-16
64590,Douglas,1988-01-12
65278,Pedro,1987-07-28
65343,Ximo Navarro,1988-09-12
66114,Theodoros Karapetsas,1990-07-25
66608,Samir Fazli,1991-04-22
66784,Fatos Beqiraj,1988-05-05
67064,Felicio Brown Forbes,1991-08-28
67421,Kyle Bartley,1991-05-22
67542,Erik Morán,1991-05-25
67721,Mohammed Rabiu,1989-12-31
67815,Rafik Halliche,1986-09-02
68315,Gary Deegan,1987-09-28
68821,Keirrison,1988-12-03
68902,Jerry Vandam,1988-12-08
69010,Janko Simovic,1987-04-02
71085,Jules Reimerink,1989-09-30
71107,Brek Shea,1990-02-28
71904,Antonio Amaya,1983-05-31
72237,Mervan Celik,1990-05-26
72476,Bernd Leno,1992-03-04
72567,Ronald Vargas,1986-12-02
72736,Guillaume François,1990-06-03
72857,Pedro Mendes,1990-10-01
73094,Eduardo Neto,1988-10-24
73244,José Carlos,1987-07-17
73700,Nikolaos Kaltsas,1990-05-03
74557,Raúl Baena,1989-03-02
74865,Michal Breznanik,1985-12-16
75127,Ezequiel Muñoz,1990-10-08
75637,Erik Moberg,1986-07-05
76061,Sime Vrsaljko,1992-01-10
76085,Erik Israelsson,1989-02-25
76254,Ivan Covic,1990-09-17
76749,Tabaré Viúdez,1989-09-08
77038,Leandro Montagud,1989-02-28
77207,Gilberto García,1987-01-27
77875,Joan Oumari,1988-08-19
78530,Matija Skarabot,1988-02-04
78820,Jaime Alfonso Ruiz,1984-01-03
79132,Chumbinho,1986-09-21
79573,Sergio Padt,1990-06-06
79685,Ömer Kulga,1989-01-08
80672,Roman Bezjak,1989-02-21
81775,Robbin Ruiter,1987-03-25
81988,Sergi Enrich,1990-02-26
82244,Manuel Pascali,1981-09-09
82608,Pavlo Khudzik,1985-04-29
83895,Marcelo Díaz,1986-12-30
84344,Davide Santon,1991-01-02
84845,Francesco Renzetti,1988-01-22
84878,Ladislas Douniama,1986-05-24
84902,Kaj Ramsteijn,1990-01-17
85383,Rubén Sobrino,1992-06-01
85766,João Dias,1986-12-23
85908,Luca Dürholtz,1993-08-18
85935,James McClean,1989-04-22
86074,Nunzio Di Roberto,1985-09-21
86536,Erdem Sen,1989-01-05
86759,David Silva,1986-10-11
87299,Strahil Popov,1990-08-31
87422,Valentin Roberge,1987-06-09
87493,Diego Novaretti,1985-05-09
88348,Alexandros Paschalakis,1989-07-28
88490,Aleix Vidal,1989-08-21
88610,Evgeniy Gapon,1991-04-20
89034,Riccardo Brosco,1991-02-03
89200,Rasmus Falk,1992-01-15
89208,Casper Sloth,1992-03-26
90145,Anthony Senni,1987-11-26
90367,André Martins,1990-01-21
90587,Jerome Leblois,1974-12-09
91423,Vaclav Kadlec,1992-05-20
92572,Joel Ward,1989-10-29
92670,Armiche Ortega,1988-06-12
92701,Vladimir Weiss,1989-11-30
92842,Lerin Duarte,1990-08-11
93177,Aleksandr Zotov,1990-08-27
93330,Deivid,1989-01-27
93720,Alexandre Lacazette,1991-05-28
93805,Pelle Jensen,1992-05-24
93976,Stanislav Pechenkin,1988-03-02
94543,Tobias Steffen,1992-06-03
94770,Michael Vitzthum,1992-06-20
95076,Tom Aldred,1990-09-11
95435,Connor Wickham,1993-03-31
95483,Abraham Minero,1986-02-22
95682,Yevgeniy Chepurnenko,1989-09-06
96193,Grégory Lazitch,1992-05-26
96731,Nélson Pedroso,1985-06-10
96758,Alessandro Crescenzi,1991-09-25
96819,Bruno Turco,1991-07-30
98102,Petar Grbic,1988-08-07
98131,Zeki Yavru,1991-09-05
98340,Florian Taulemesse,1986-01-31
98502,Liban Abdi,1988-10-05
98826,Kris Doolan,1986-12-11
99946,Mohamed Camara,1990-09-20
100303,Rajko Rotman,1989-03-19
101425,Amadou Samb,1988-04-22
103440,Hannes Thór Halldórsson,1984-04-27
104505,Alan Patrick,1991-05-13
104914,Almir Kasumovic,1994-06-03
105478,Andrey Semenov,1989-03-24
105625,Fabio Sciacca,1989-05-16
106862,Seifedin Chabbi,1993-07-04
107523,Facundo Sánchez,1990-03-07
107641,Wes Fletcher,1991-02-28
110670,Florent Cuvelier,1992-09-12
110911,Kosuke Ota,1987-07-23
111051,Nampalys Mendy,1992-06-23
111163,Gaël Angoula,1982-07-18
111511,Matthieu Sans,1988-06-16
111524,Ahmed Hegazy,1991-01-25
111819,Neto,1989-07-19
111995,Hamza Younes,1986-04-16
112648,Dimitrios Kolovetsios,1991-10-16
112822,Karl-Johan Johnsson,1990-01-28
112985,Jorginho,1988-03-18
112990,Renato Neto,1991-09-27
113083,Asterios Giakoumis,1988-05-03
113914,Dmitriy Golubev,1992-03-01
113994,Rubén Arocha,1987-04-21
114093,Greg Cunningham,1991-01-31
114282,Cristian López,1989-04-27
114340,Gabriel Silva,1991-05-13
114365,Luke Brattan,1990-03-08
114680,André Calisir,1990-06-13
114831,Byung-soo Yoo,1988-03-26
115898,Julio Segundo,1993-09-26
116872,Andrey Gorbunov,1983-05-29
116917,Elton,1986-02-12
117107,Artur Denchuk,1992-04-03
117481,Roman Mysak,1991-09-09
117509,Chris Philipps,1994-03-08
118292,Julian Michel,1992-02-19
118294,Harry Novillo,1992-02-11
118998,Pedro Franco,1991-04-23
119066,Bryan Smeets,1992-11-22
119159,Kadir Caidi,1990-07-17
119228,Luis Muriel,1991-04-16
119564,Fraser Mullen,1993-11-08
120296,Benjamin Uphoff,1993-08-08
120691,Mattia Spezzani,1992-05-19
120980,Aaron Muirhead,1990-08-30
121009,Maksym Kalenchuk,1989-12-05
121312,Blair Adams,1991-09-08
121404,Omar Elabdellaoui,1991-12-05
121410,Alex Nimely,1991-05-11
121958,Zaurbek Pliev,1991-09-27
122077,Tobias Figueiredo,1994-02-02
122115,Vincent Sasso,1991-02-16
122235,Dmytro Skoblov,1989-11-30
122695,Martin Angha,1994-01-22
123216,Dmytro Ryzhuk,1992-04-05
123527,Kaan Kanak,1990-10-06
123683,Jóan Símun Edmundsson,1991-07-26
124125,Adrien Saussez,1991-08-25
124628,Koen Van Langendonck,1989-06-09
124700,Dmitriy Stotskiy,1989-12-01
124732,John Anthony Brooks,1993-01-28
124909,Davide Gavazzi,1986-05-07
125291,Everson Lima,1986-07-01
125755,Irakliy Kvekveskiri,1990-03-12
125870,Adrián Sardinero,1990-10-13
126336,Mikhail Filippov,1992-06-10
126344,Soslan Dzhioev,1993-08-08
126542,Mohamed Yattara,1993-07-28
126552,Loïs Diony,1992-12-20
126681,Abdoulaye Diallo,1992-03-30
126924,Guy N'Gosso,1985-01-11
126964,David Bruno,1992-02-14
127048,Cédric Bakambu,1991-04-11
127160,Benjamin Stambouli,1990-08-13
127182,Thomas Monconduit,1991-02-10
127217,Alessandro Berardi,1991-01-16
127308,Nikita Bocharov,1992-06-12
127679,Cican Stankovic,1992-11-04
127706,Hossam Hassan,1989-04-30
127768,Raheem Lawal,1990-05-04
128816,David Cubillas,1990-06-19
128828,Tom Anderson,1993-09-02
128898,Jamal Blackman,1993-10-27
128899,Jack Butland,1993-03-10
128907,Ravel Morrison,1993-02-02
129092,Rasmus Thelander,1991-07-09
129476,Gerard Deulofeu,1994-03-13
129544,Tim Keurntjes,1991-03-13
129557,Marko Mitrović,1992-06-27
129591,Dennes De Kegel,1994-01-07
129868,Cristian Battocchio,1992-02-10
130149,Giannis Pasas,1990-10-07
130729,Craig Slater,1994-04-26
130756,Giannelli Imbula,1992-09-12
131098,Salvador Ichazo,1992-01-26
131109,Gastón Brugman,1992-09-07
131248,Joel Campbell,1992-06-26
131314,Toni Gorupec,1993-07-04
131480,Il-lok Yun,1992-03-07
131664,Abdul Ajagun,1993-02-10
131951,Kevin Lasagna,1992-08-10
131967,Daniel O'Shaughnessy,1994-09-14
132024,Dimitrios Diamantopoulos,1988-11-18
132529,Jin-su Kim,1992-06-13
134629,Mohamed Ali Yaakoubi,1990-10-05
135213,Kenneth Zohore,1994-01-31
135492,Youssouf Sabaly,1993-03-05
136397,Giorgi Chanturia,1993-04-11
136513,Vasilios Karagounis,1994-01-18
136748,Giannis Goniadis,1993-02-15
137203,Emin Mahmudov,1992-04-27
137609,Erhan Kartal,1993-03-01
137612,Bilal Gülden,1993-05-01
138199,Christopher Maboulou,1990-03-19
138789,Theodosis Kyprou,1992-02-24
139167,Joseph Agyriba,1989-02-12
139436,Rodrigo Alborno,1993-08-12
139923,Matías Pisano,1991-12-13
140507,Rikki McIntosh,1993-02-26
140676,Kyrylo Kovalets,1993-07-02
141050,Danilo Pereira,1991-09-09
141761,Cheick Touré,1992-12-16
141835,Álvaro Vázquez,1991-04-27
142022,Marcelo Djaló,1993-10-08
143039,Damjan Djokovic,1990-04-18
143794,Lucão,1991-07-14
144542,Artem Popov,1992-08-30
144559,Mukhammad Sultonov,1992-12-22
144752,Fernando Boldrin,1989-02-23
145840,Trent Sainsbury,1992-01-05
145854,Arsen Oganesyan,1990-06-17
145882,Efsan Gecgin,1992-01-26
145996,Yuki Kobayashi,1992-04-24
146020,Vinícius,1993-08-03
146151,Max Nawe,1995-01-20
146285,Anton Sobolev,1993-08-13
146467,Soslan Gatagov,1992-09-29
146468,Nikolay Kalinskiy,1993-09-22
147558,Lukas Zima,1994-01-09
147697,Vinícius,1990-02-21
148096,Florian Stritzel,1994-01-31
148365,Casper Nielsen,1994-04-29
148585,Amedeo Benedetti,1991-10-25
149525,Antonio Caracciolo,1990-06-30
149996,Hólmbert Aron Fridjónsson,1993-04-19
150732,Aron Sigurdarson,1993-10-08
152863,Mehdi Tarfi,1993-07-05
152963,Florian Niederlechner,1990-10-24
153033,Maciej Makuszewski,1989-09-29
154169,Raphaël Cacérès,1987-09-01
154219,Michael Rose,1995-10-11
154819,Kwasi Wriedt,1994-07-10
156489,Lucas Veronese,1991-02-06
156848,Álex Quintanilla,1990-07-02
156887,Álvaro Peña,1991-10-24
156896,Noé Acosta,1983-12-10
157494,Mory Koné,1994-04-21
157507,Adrien Tamèze,1994-02-04
158488,Manoel,1989-02-01
158799,Daniel Schmidt,1992-02-03
158848,Eneko Eizmendi,1990-06-10
159003,Panagiotis Ballas,1993-09-06
159957,Yuriy Gazinskiy,1989-07-20
160328,Reice Charles-Cook,1994-04-08
160746,Mehdi Terki,1991-09-27
161056,Joshua Kimmich,1995-02-08
161072,Baris Atik,1995-01-09
161204,Julian Green,1995-06-06
162036,Diego Caballo,1994-02-17
162395,Essaïd Belkalem,1989-01-01
163673,Diego Mella,1993-02-01
164055,David Juncà,1993-11-16
164091,Marco Capuano,1991-10-14
164912,Loick Landre,1992-05-05
165012,José Rodríguez,1994-12-16
165724,Lorenzo Pasciuti,1989-09-24
166260,Shaun Byrne,1993-06-09
166557,Luca Baldassin,1994-05-28
166745,Gegam Kadimyan,1992-10-19
167741,Mattia Valoti,1993-09-06
167798,Andrew Hjulsager,1995-01-15
168166,Lucas Pirard,1995-03-10
168171,Stéfano Délogu,1994-02-12
168477,Jefferson Oliveira,1990-02-25
168683,Forbes,1989-06-23
168754,Igor Ivanenko,1991-08-29
169052,Edenilson,1989-12-18
169260,Vitaliy Yermakov,1992-06-07
169460,Turgay Gemicibasi,1996-04-23
169633,Bruno Andrade,1993-10-02
169931,Conor Brennan,1994-03-30
170085,Daniele Altobelli,1993-03-18
170487,Josué Albert,1992-01-21
170957,Stéphan Raheriharimanana,1993-08-16
170966,Jérémie Bela,1993-04-08
171382,Jack Duncan,1993-04-19
173504,James Tarkowski,1992-11-19
173573,Robin Lod,1993-04-17
173674,Erik Cummins,1988-08-10
173750,Nouha Dicko,1992-05-14
173859,Davide Zappacosta,1992-06-11
174344,Fayçal Fajr,1988-08-01
174488,Marios Oikonomou,1992-10-06
176133,Hernán Santana,1990-08-26
177477,Abdullah Al-Jawaey,1996-03-09
177581,Kevin Itabel,1993-08-20
177852,Ozan Özenc,1993-01-07
178219,Thom Haye,1995-02-09
179454,Nihat Sahin,1989-09-15
179548,Stavros Petavrakis,1992-11-09
180091,Charly Charrier,1986-05-27
181373,Antoine Conte,1994-01-29
181417,Ehiosun Ekigho,1990-06-25
181548,Courtney Meppen-Walter,1994-08-02
182392,Pieros Sotiriou,1993-01-13
182577,Derlis González,1994-03-20
182618,Tiemoué Bakayoko,1994-08-17
182689,Rafail Soukias,1994-03-09
182814,Dorian Caddy,1995-03-20
183120,Nikola Storm,1994-09-30
183138,Ryan Finnie,1995-02-19
183966,Dylan Tombides,1994-03-08
184767,Ximo Navarro,1990-01-23
185028,Pavel Karasev,1992-07-10
185795,Taha Cengiz Demirtas,1994-05-15
185937,Ancelmo Júnior,1990-04-03
185939,Thomas Guerbert,1989-04-06
186770,Taner Yildiz,1992-12-23
186924,Devante Cole,1995-05-10
186998,Just Berends,1992-03-24
187193,Rewien Ramlal,1994-03-07
187288,Robert Klaasen,1993-09-06
187530,Leonardo Koutris,1995-07-23
188588,Alexandros Apostolopoulos,1991-11-07
188689,André Dias,1992-04-18
188922,Giannis Ioannou,1994-05-27
189032,Jay Chapman,1994-01-01
189073,Marcel Hartel,1996-01-19
189839,Aleksandar Cavric,1994-05-18
190874,Darren Maatsen,1991-01-30
191399,Omar Kavak,1988-10-24
191828,Enea Gaqollari,1992-12-14
192077,Scott McMann,1996-07-09
192266,Tolcay Cigerci,1995-01-24
192638,Nicolas Haas,1996-01-23
193070,Phil Anderson,1994-03-10
193158,Sergiy Myakushko,1993-04-15
193469,Björn Engels,1994-09-15
193593,Jon Toral,1995-02-05
194005,Nino Galovic,1992-07-06
194841,Iván Bulos,1993-05-20
195002,Álvaro Ampuero,1992-09-25
195290,Nii Nortey Ashong,1994-11-17
195546,Roy Kortsmit,1992-08-26
195604,Sueliton,1986-08-19
195652,Jordon Ibe,1995-12-08
196562,Josh Passley,1994-11-21
196980,Kristian Larsen,1996-01-10
197333,Rubén Bentancourt,1993-03-02
197910,Liam Shephard,1994-11-22
198007,Francisco Ramos,1995-04-10
198008,André Silva,1995-11-06
198513,Muamer Tankovic,1995-02-22
199268,Zsolt Kalmár,1995-06-09
199283,Ümit Karaal,1995-08-15
199297,Jacek Goralski,1992-09-21
199470,Onurcan Piri,1994-09-28
199635,Eric Lanini,1994-02-25
199800,Andrea Tufano,1994-10-08
200192,Fabio Eguelfi,1995-01-19
200248,Adi Gotlieb,1992-08-16
200956,Danny Rogers,1994-03-23
201698,Joshua Webb,1995-08-10
202591,Benjamin Henrichs,1997-02-23
202834,Luca Zanotti,1994-04-29
203026,Danny Ward,1993-06-22
203136,Yuri Mamute,1995-05-07
203309,Ethem Pülgir,1993-04-02
203329,Mathias Bossaerts,1996-07-10
203414,Christoffer Remmer,1993-01-16
203496,Nabil Fekir,1993-07-18
203539,Steeven Willems,1990-08-31
203764,Pierre-Yves Polomat,1993-12-27
203966,Andreas Karo,1996-09-09
204176,Taylan Antalyali,1995-01-08
204348,Dmytro Bilonog,1995-05-26
204395,Vyacheslav Lukhtanov,1995-02-12
205023,Rai Vloet,1995-05-08
205054,Norbert Gyomber,1992-07-03
205525,Maxence Derrien,1993-09-03
205865,Kieran Hughes,1994-08-18
205940,Marko Pjaca,1995-05-06
206683,Spyros Spinoulas,1986-04-08
206912,Jimmy Cabot,1994-04-18
207014,Will Hughes,1995-04-17
207015,Vincent Janssen,1994-06-15
207528,Vyacheslav Podberezkin,1992-06-21
207597,Cedric Teuchert,1997-01-14
208095,Dino Islamovic,1994-01-17
208693,Aladje,1993-10-22
209936,Ettore Gliozzi,1995-09-23
210140,Biel Company,1992-02-16
210158,Uche,1991-06-03
210178,Pablo Marí,1993-08-31
211157,Batuhan Türkmen,1994-02-15
211313,Oleksandr Azatskyi,1994-01-13
211345,Mansur,1993-04-17
211628,Mohamed Bouldini,1995-11-27
211727,Artem Timofeev,1994-01-12
212372,Hakan Cinemre,1994-02-14
213452,Yuriy Tkachuk,1995-04-18
214104,James Wilson,1995-12-01
214300,Miguel Vieira,1990-10-08
214322,Steven Edwards,1991-01-15
215589,Leonardo Fasan,1994-01-04
215652,Rafidine Abdullah,1994-01-15
217036,Aleksandr Zakarlyuka,1995-06-24
217169,Emre Nefiz,1994-11-24
217235,Vitaliy Kalenkovich,1993-03-03
217839,Antonis Ranos,1993-06-15
218431,Amir Abedzadeh,1993-04-26
218470,Cássio,1990-08-20
220976,Sebastian Steblecki,1992-01-16
222320,Sebastian Holmén,1992-04-29
222571,Ramiro Guerra,1997-03-21
222830,Danilo Pantic,1996-10-26
223047,Emerson Hyndman,1996-04-09
224458,Pyry Soiri,1994-09-22
225593,Pere Milla,1992-09-23
225632,Anton Yashkov,1992-01-30
225819,Oscar Benítez,1993-01-14
226025,Luca Mazzitelli,1995-11-15
226194,Fejsal Mulic,1994-10-03
227314,Nelson Bonilla,1990-09-11
227534,Deni Hočko,1994-04-22
228658,Diawandou Diagne,1994-07-28
229012,Kenji-Van Boto,1996-03-07
229263,Juanma Delgado,1990-11-17
229625,Dino Mikanovic,1994-05-07
229949,Ary Papel,1994-03-03
230212,Luis Fernández,1993-09-27
230500,Maurits Schmitz,1993-03-31
230541,Yoshinori Muto,1992-07-15
231289,Otávio,1995-02-09
231792,Christos Gromitsaris,1991-02-10
231873,Ivan Novoseltsev,1991-08-25
231916,Anthony Belmonte,1995-10-16
232096,Renato Augusto,1992-01-29
232127,Nils Pierre,1995-02-04
232219,Brandley Kuwas,1992-09-19
233264,Stavros Vasilantonopoulos,1992-01-28
234006,Keagan Dolly,1993-01-22
234135,Alexandros Karagiannis,1993-10-25
234279,Wellington,1987-10-05
234286,Mihai Leca,1992-04-14
234795,Darian Mackinnon,1985-10-09
235274,Dario Van den Buijs,1995-09-12
235568,João Pedro,1993-04-03
235755,Georgiy Zhukov,1994-11-19
235780,Mark O'Hara,1995-12-12
235783,Dom Thomas,1996-02-14
235921,Werther Carboni,1996-04-04
236400,Léo Dubois,1994-09-14
236496,Charlie Colkett,1996-09-04
236895,Milan Jevtovic,1993-06-13
236950,Piqueti,1993-02-12
238084,Ramon Pascal Lundqvist,1997-05-10
238214,Yunus Emre Kirdal,1993-10-23
238486,Filip Bradaric,1992-01-11
238661,Rodrigo Castro,1993-06-11
238947,Elio Capradossi,1996-03-11
238953,Lorenzo Ferrari,1996-03-09
239046,Ivan Näsberg,1996-04-22
239568,Simone Battaglia,1995-03-18
239570,Deian Boldor,1995-02-03
239733,Dogan Erdogan,1996-08-22
240218,Tiberio Velocci,1995-07-23
240289,Marco Ferrara,1994-05-05
241501,Stijn Spierings,1996-03-12
241527,Federico Bonazzoli,1997-05-21
242089,Jindrich Stanek,1996-04-27
242416,Mason Springthorpe,1994-11-01
242760,Kyriakos Kivrakidis,1992-07-21
242808,Felipe Gedoz,1993-07-12
243617,Niall Keown,1995-04-05
244285,Sinan Kurt,1995-03-02
244497,Konstantinos Markopoulos,1992-02-08
244764,Lorenzo Silvagni,1995-01-23
245092,Grega Sorcan,1996-03-05
245805,Izzy Brown,1997-01-07
247377,Kevin Bonifazi,1996-05-19
247766,Kadem Yasar,1995-05-18
249118,Isak Ssewankambo,1996-02-27
249246,Edu Payá,1992-09-21
249471,Saúl García,1994-11-09
249543,Ryan Mmaee,1997-11-01
249994,José Sá,1993-01-17
250042,Lucas Toussaint,1996-03-29
250574,Jur Schryvers,1997-03-11
251282,Dembel Sall,1994-06-16
253857,Alessandro Piu,1996-07-30
254003,Myenty Abena,1994-12-12
254280,Reuben Acquah,1996-11-03
254477,Joan Campins,1995-06-24
254981,Ali Ghazal,1992-02-01
255570,Iván Casado,1993-07-06
255672,Yusuf Coban,1996-10-14
255888,Roberto Núñez,1996-01-03
255942,Nicolò Barella,1997-02-07
255989,Marcos Guilherme,1995-08-05
256678,Filippo Romagna,1997-05-26
256701,Nemanja Kartal,1994-07-17
256954,Stratos Bentas,1994-09-30
256971,Giannis Sigalas,1994-11-20
257249,Hüseyin Teker,1993-07-28
257660,Marco Festa,1992-06-06
258026,Francisco Afonso,1997-04-24
258310,Joel Taylor,1996-03-24
258424,Seweryn Michalski,1994-09-12
258911,Mukhtar Ali,1997-10-30
260301,Aleksandr Tashaev,1994-06-23
260686,Vladislav Tereshkin,1995-07-16
260828,Sören Andreasen,1996-03-13
260829,Jonas Bager,1996-07-18
261494,Abdullah Balikci,1997-02-18
261546,Joost van Aken,1994-05-13
261739,Tareiq Holmes-Dennis,1995-10-31
261780,Artem Shulyanskyi,2001-04-11
263062,Manuel Balda,1992-02-21
263116,Elia Bortoluz,1997-03-29
263159,Olivier Verstraete,1995-01-14
263941,Ilmir Nurisov,1996-08-05
263961,Yuriy Zavezen,1996-01-28
264116,Gastón Pereiro,1995-06-11
264485,Ivan De Santis,1997-05-21
264966,Sabri Toufiqui,1997-03-30
265207,Maxim Deckers,1994-01-24
265398,Yannik Oettl,1996-11-19
265504,Firmin Mubele,1994-04-17
265903,Mustafa Sevim,1995-06-01
265930,Maksim Prikhodnoy,1992-10-27
267101,Davide Vitturini,1997-02-21
267388,Orest Budyuk,1995-08-23
267556,Shihao Wei,1995-04-08
268029,Mehmet Bektas,1995-04-12
268179,Moustapha Seck,1996-02-23
269371,Denys Bezborodko,1994-05-31
270221,Dan Casey,1997-10-29
270242,Cem Ünal,1996-03-03
270412,Pierre Lavenant,1995-08-03
271353,Niltinho,1993-09-11
271451,Dani Romera,1995-08-23
271611,Wieger Sietsma,1995-07-11
272631,Arnaud Lusamba,1997-01-04
272633,Alexis Mané,1997-04-30
272636,Harold Moukoudi,1997-11-27
272700,Luuk Hultermans,1993-03-05
272825,Dalian Maatsen,1994-01-02
273051,Ron Janzen,1994-01-05
273669,Adrian Beck,1997-06-09
273980,David Ramírez,1993-05-28
274074,Odeni George,1995-05-18
274521,Boris Garrós,1988-06-22
274862,Moses Simon,1995-07-12
275321,Jeroen Meurs,1995-10-29
275949,Jorrit Smeets,1995-03-25
276700,Jacob Nielsen,1994-08-17
276914,Scott Wright,1997-08-08
278992,Cristian Espinoza,1995-04-03
279052,Artem Vyatkin,1996-03-05
279064,Nils Seufert,1997-02-03
280701,Théo Bongonda,1995-11-20
281914,Nikolay Obolskiy,1997-01-14
282199,Erik Palmer-Brown,1997-04-24
282362,Dean Hawkshaw,1997-04-24
282663,Idris Cengiz,1995-01-01
283136,Ernest Seka,1987-06-22
283140,Tarsis Bonga,1997-01-10
283227,Rasmus Nicolaisen,1997-03-16
283232,Andreas Raahauge,1997-06-29
283863,Aílton,1995-03-16
283994,Ludovic Ajorque,1994-02-25
284724,Nehuén Paz,1993-04-28
284740,Antonis Magas,1994-02-28
284884,Óscar Rodríguez,1998-06-28
286077,Mark Asigba,1990-07-07
286908,Tiago Sá,1995-01-11
287313,Andrej Modic,1996-03-07
287417,Muhammed Ali Dogan,1995-08-10
287662,Ilias Tselios,1997-10-06
287663,Luca Valzania,1996-03-05
287790,Iordanis Papargyriou,1992-05-15
287943,Ibrahim Sürgülü,1993-04-04
288125,Steven Pereira,1994-04-13
288948,Aston Oxborough,1998-05-09
289165,Patryk Dziczek,1998-03-25
289590,Mikhail Lysov,1998-01-29
290261,Núrio Fortuna,1995-03-24
290271,Raphael Rossi,1990-07-25
290593,Sada Thioub,1995-06-01
291171,Kyle Knoyle,1996-09-24
291352,Cammy Ballantyne,1997-04-13
291417,Ferland Mendy,1995-06-08
291701,Emre Uruc,1994-04-10
291947,Karlo Bartolec,1995-04-20
292124,Zaurbek Olisaev,1994-02-02
292246,Hee-chan Hwang,1996-01-26
292365,Paulo Henrique,1996-10-23
292772,Dimitrios Nikolaou,1998-08-13
292817,Matthias Verreth,1998-02-20
293271,Viktor Anker,1998-01-10
293569,Josh Brownhill,1995-12-19
293607,Bozhidar Kraev,1997-06-23
293731,Dan Higgins,1998-04-08
295766,Alessandro Livieri,1997-01-21
296422,Fodé Ballo-Touré,1997-01-03
296986,Tyler Roberts,1999-01-12
297270,Ben Reilly,1997-08-20
297785,Zubi,1993-05-21
297786,Randall Leal,1997-01-14
298313,Jonathan Morsay,1997-10-05
298613,Juan Pérez,1996-07-15
301883,Morten Rokkedal,1997-10-10
302371,Toni Martínez,1997-06-30
302486,Lapo Carradori,1998-06-06
302810,Baba Mensah,1994-08-20
303265,Rony Santos,1995-01-10
305415,Artem Besedin,1996-03-31
305947,Albert Gudmundsson,1997-06-15
306609,Michele Nardi,1986-07-09
307014,Kieran Monlouis,1996-04-15
308436,Denys Balanyuk,1997-01-16
308778,Dragan Lovric,1996-01-03
309144,Georgios Tsoflios,1995-08-11
309393,Lennart Czyborra,1999-05-03
310468,Rui Caniço,1995-10-18
310721,Konstantinos Kaberis,1996-07-10
312017,Ramadan Sobhi,1997-01-23
312773,Daniele Sommariva,1997-07-18
312848,Diego Medeiros,1993-03-28
313691,Brayan Riascos,1994-10-10
314369,Matteo Gasperi,1997-07-17
314969,Júnior Pius,1995-12-20
315145,Azor Matusiwa,1998-04-28
315156,Robin Schouten,1998-02-25
315253,Jeffrey de Lange,1998-04-01
315332,Aymen Barkok,1998-05-21
316245,Ezekiel Digbeu,1992-06-29
316551,Jake Clarke-Salter,1997-09-22
317739,David Kopacz,1999-05-29
318084,Brian Vassallo,1998-05-21
318354,Christos Karydopoulos,1995-07-14
319399,Manolis Roussakis,1996-02-15
319452,Beka Mikeltadze,1997-11-26
319859,Mathias Jensen,1996-01-01
320213,Rees Greenwood,1996-12-10
320259,Sito,1996-11-18
320265,Mikkel Duelund,1997-06-29
320440,Gustaf Nilsson,1997-05-23
321292,Vincent Onovo,1995-12-10
321706,Kerem Baykus,2000-02-05
322526,Dmitriy Kartashov,1994-05-20
322602,Ayberk Kardas,1998-08-20
322955,Yaroslav Khomenko,1991-05-22
323740,Aitor Cantalapiedra,1996-02-10
324338,Andreas Dermitzakis,1998-12-16
324521,Vadym Yavorskyi,1994-06-26
324796,Timothé Cognat,1998-01-25
324803,Nicolas Janvier,1998-08-11
326031,Matthijs de Ligt,1999-08-12
328962,Georgios Sofianis,1996-03-18
329221,Maxime Spano,1994-10-31
329722,André Horta,1996-11-07
330174,Scott Martin,1997-04-01
330905,Ogulcan Sahin,1996-02-12
331074,Adam Brown,1995-06-09
331501,Erick Ferigra,1999-02-07
331553,Thomas De Bie,1997-01-29
331656,Berkan Durdu,1998-11-26
333873,Ture Blaue,1999-08-16
335147,Junior Sambia,1996-09-07
335455,Kilian Senkbeil,1999-05-22
335563,Marco Priis Jörgensen,1991-06-02
335593,Ben Barclay,1996-10-07
335635,Jan Finger,
335900,Aleksandr Shcherbakov,1998-06-26
336087,Konstantinos Christou,1996-03-15
336563,Vladislav Shevchenko,1996-12-24
336566,Ruslan Dzhamalutdinov,1996-02-01
336776,Georgios Gardikiotis,1994-05-23
337092,Tim Siersleben,2000-03-09
337165,Patrick Corbelli,1997-11-05
337669,Ilias Alhaft,1997-02-23
337699,Mattia Cella,1996-01-02
338636,Jérôme Déom,1999-04-19
339089,Abdou Aziz Thiam,1997-01-15
340063,Gianluca Piccoli,1997-05-30
340166,Alessio Castro-Montes,1997-05-17
255431,Ilya Belous,1995-01-01
255755,Alex Telles,1992-12-15
257406,Dominic Oduro,1995-01-21
260053,Jiri Pavlenka,1992-04-14
268081,Halil Ibrahim Tuna,1993-04-09
271622,Óttar Magnús Karlsson,1997-02-21
276305,Jordy Huysmans,1996-06-04
279454,MJ Williams,1995-11-06
279975,Aleksandr Maksimenko,1996-03-22
283149,Quincy Boogers,1995-12-28
284717,Jake Flannigan,1996-02-02
285322,Federico Ricca,1994-12-01
294091,Sadik Bas,1994-05-11
296963,Ivan Miladinovic,1994-08-14
308432,Julien Remiti,1994-09-07
313741,Bradley de Nooijer,1997-11-07
315138,Mats Knoester,1998-11-19
321070,Hannes Wolf,1999-04-16
321569,Louay Wael,1992-06-01
326701,Bart Ramselaar,1996-06-29
332046,Tayyib Kanarya,1995-10-17
338227,Yusuf Celik,1996-06-27
340214,Joonas Vanhanen,1997-09-09
345068,Abdullah Karakoc,
345189,Luka Lochoshvili,1998-05-29
345401,Nicolas Careca,1997-05-18
350343,Jakob Hjorth,1994-09-19
354114,Urho Nissilä,1996-04-04
361070,Ole Romeny,2000-06-20
367426,Yannic Lenze,2001-02-18
371814,Nathaniel Phillips,1997-03-21
374087,Serkan Demirezen,1996-02-23
379354,Adílio Varela,1996-12-30
380445,Miguel Batista,1995-08-06
380521,Gonçalo Agrelos,1998-02-18
381962,Sibert Himpe,1999-02-24
384240,Jordy Lokando,1997-04-28
387218,Zeki Erkilinc,1998-01-22
388581,Thibang Phete,1994-04-04
393371,Abdullah Yigiter,2000-02-20
395509,Arnaud Luzayadio,1999-07-19
400533,Emil Damgaard,1998-08-20
402970,Dimitrios Stavropoulos,1997-05-01
415529,Martin Vantruba,1998-02-07
415551,Abdel Diarra,1994-12-28
417103,Matheus Batista,1995-06-16
434223,Adam Idah,2001-02-11
434675,Cody Gakpo,1999-05-07
447730,Luc Ihorst,2000-03-07
455917,Josh Eppiah,1998-10-11
455922,Jan Olschowsky,2001-11-18
467563,Armel Bella-Kotchap,2001-12-11
468735,Oleksandr Matkobozhyk,1998-01-03
472242,Mehmet Aydin,2002-02-09
483047,Seyi Adekoya,1995-12-05
483573,Martín Aguirregabiria,1996-05-10
485588,Calvin Raatsie,2002-02-09
486039,Anouar Ait El Hadj,2002-04-20
488785,Martin Frese,1998-01-04
496357,Mehdi Boudjemaa,1998-04-07
500497,Mustafa Inan,2000-01-24
507472,Alexandre Jankewitz,2001-12-25
523318,Tasos Douvikas,1999-08-02
532937,Johan Vásquez,1998-10-22
536480,Lucas Bernadou,2000-09-24
537859,Andriy Kravchuk,1999-02-26
538281,Víctor Méndez,1999-09-23
538963,Ruben Roosken,2000-03-02
553905,Kerim Calhanoglu,2002-08-26
569658,Lucas Örneborg,2002-07-25
581598,Harvey White,2001-09-19
585958,Junior Kadile,2002-12-16
594105,Pedro Augusto,1997-03-03
596148,Djevencio van der Kust,2001-04-30
608407,Derensili Sanches Fernandes,2001-05-28
610427,Andreas Bredahl,2003-03-13
617875,Enes Sancar Sahin,2000-09-28
626771,Luka Stankovski,2002-09-02
646958,Emre Korkmaz,2001-01-01
654543,Jakob Pálsson,2003-01-07
696324,Billy Koumetio,2002-11-14
696996,Samuele Oltremarini,2002-11-26
724785,Liam Gibbs,2002-12-16
728734,Alfie Devine,2004-08-01
743589,Kaiky,2004-01-12
771914,Yevgen Pavlyuk,2002-08-18
806524,Hilmir Rafn Mikaelsson,2004-02-02
817492,Henrique Pires,2002-04-08
826245,Dmytro Povoroznyuk,1987-09-14
832186,Mehmet Selim Arslan,2001-10-10
855050,Ghjuvanni Quilichini,2002-09-01
869955,Efe Akgül,2002-06-16
941938,Boloto,2004-04-27
950529,Christos Ioannidis,2004-07-28
984959,Faissal El Hajoui,2003-06-12
1031409,Zé Henrique,2004-10-23
8680,Ekrem Eksioglu,1978-01-16
10504,Mehmet Akgün,1986-08-06
15404,Maris Verpakovskis,1979-10-15
15591,Elvir Rahimic,1976-04-04
16315,Rafa López,1985-04-09
17212,Paraskevas Andralas,1978-12-02
19368,Mousa Dembélé,1987-07-16
20853,Jan Kristiansen,1981-08-04
21480,Wederson,1981-07-22
25721,Giannis Maniatis,1986-10-12
28007,Luca Anania,1980-06-21
28511,David Gigliotti,1985-05-30
29220,Dorge Kouemaha,1983-06-28
31131,Timothy Derijck,1987-05-25
33027,Tim Krul,1988-04-03
36727,Marcin Robak,1982-11-29
38339,Petr Janda,1987-01-05
38793,Enar Jääger,1984-11-18
39564,Randall Azofeifa,1984-12-30
42989,Torben Joneleit,1987-05-17
47544,Michel Morganella,1989-05-17
50055,Marcus Nilsson,1988-02-26
50765,Mahmut Temür,
51736,Marco Mancosu,1988-08-22
52480,Rúben Ribeiro,1987-08-01
55870,Mauro Formica,1988-04-04
56324,Vullnet Basha,1990-07-11
56435,Roger,1985-08-10
56872,Andy King,1988-10-29
59154,Alan,1987-12-09
70097,Georgiy Shchennikov,1991-04-27
71020,Luciano Becchio,1983-12-28
73547,Oliver Norwood,1991-04-12
74960,Martin Dúbravka,1989-01-15
75116,Lionn,1989-01-29
75327,Marco Calderoni,1989-02-18
80442,Joren Dom,1989-11-29
80708,Tommy Oar,1991-12-10
84970,Nathan Júnior,1989-03-10
85783,Oktay Delibalta,1985-10-27
90273,Román Golobart,1992-03-21
91366,Oleksandr Akymenko,1985-09-05
93841,Ben Zolinski,1992-05-03
95976,Alex McCarthy,1989-12-03
100101,Thomas Azevedo,1991-08-31
101088,Kennedy Nwanganga,1990-08-15
103327,Hallgrímur Jónasson,1986-05-04
103621,Dever Orgill,1990-03-08
111419,Sead Hajrovic,1993-06-04
111455,Granit Xhaka,1992-09-27
113134,Nicolas Sandberg,1991-12-24
115133,Ivan Pesic,1992-04-06
119169,Aron Jóhannsson,1990-11-10
120991,Gennadiy Ganev,1990-05-15
121385,Grant Hanley,1991-11-20
121481,Amedej Vetrih,1990-09-16
121990,Wellington Silva,1993-01-06
122945,Élton Calé,1988-07-12
123579,Torben Rehfeldt,1993-08-07
125546,Claudio Rivero,1985-04-14
126341,Maksim Barsov,1993-04-29
128063,Matt Jones,1986-05-11
130755,George Francomb,1991-09-08
135747,Luca Lezzerini,1995-03-24
136550,Caner Cavlan,1992-02-05
148262,Jeff Hendrick,1992-01-31
151567,Erdin Demir,1990-03-27
156899,Ricky Holmes,1987-06-19
158360,Nico Neidhart,1994-09-27
160376,Manuel Torres,1991-01-05
163676,Marco Moscati,1992-11-01
164534,Francesco Forte,1993-05-01
168178,Steven Verheyen,1995-08-02
170485,Yanick Aguemon,1992-02-11
172181,Diogo Figueiras,1991-07-01
177231,Giulio Sanseverino,1994-02-10
177818,Andriy Bliznichenko,1994-07-24
178117,Pedro Arce,1991-11-25
178329,Jean Thome,1995-10-10
181339,Giannis Mystakidis,1994-12-07
182409,Yan Kazaev,1991-11-26
182580,Darren Rosheuvel,1994-05-15
184262,Dimitrios Voutsiotis,1994-03-07
186064,Lasse Petry,1992-09-19
186644,Mohamed Elyounoussi,1994-08-04
186923,Jack Rose,1995-01-31
187185,Nassir El Aissati,1994-08-12
187507,Mark Diemers,1993-10-11
187673,José Ángel Jurado,1992-06-21
190633,Ninos Gouriye,1991-01-14
192616,Ulisses Garcia,1996-01-11
195781,Mirnes Pepic,1995-12-19
196522,Dwight Gayle,1989-10-17
196813,Michael Zetterer,1995-07-12
198394,Marvin Baudry,1990-01-26
200188,Mattia Aramu,1995-05-14
200615,Mauro Bollino,1994-12-31
203410,Lucas Walbrecq,1996-07-12
204404,Mahmut Özen,1988-09-01
206563,Dimitrios Manos,1994-09-16
208596,Yusuf Balcioglu,1993-01-01
210916,Konstantinos Stavrothanasopoulos,1992-02-06
212829,Jack O'Connell,1994-03-29
213975,Taras Kacharaba,1995-01-07
216668,Sören Henriksen,1992-02-04
217879,Patrik Hrosovsky,1992-04-22
218087,Ben Osborn,1994-08-05
225151,Rafael Barbosa,1996-03-29
228424,Christian Köhler,1996-04-10
232598,Mulumba Mukendi,1985-05-27
236986,Thore Jacobsen,1997-04-19
238537,Wladimiro Falcone,1995-04-12
241475,Davide Monteleone,1995-09-25
243760,Álex Muñoz,1994-07-30
250543,Nordin Jackers,1997-09-05
251827,Gökhan Yilmaz,1991-01-19
255739,Gor Agbaljan,1997-04-25
256121,Pavel Kotov,1995-06-21
258618,Thuram,1991-02-01
258916,Kieran Dowell,1997-10-10
264851,Joost Meendering,1997-06-26
265176,Phil Neumann,1997-07-08
266511,Jasper Sols,1995-06-30
267420,Walter Montoya,1993-07-21
271107,Travis Brent,1992-02-17
271498,Deni Júnior,1995-07-18
271670,Menno Heerkes,1993-07-22
273570,Desevio Payne,1995-11-30
281704,Alassane N'Diaye,1991-06-14
282039,Mathias Johannsen,1992-04-27
282823,Alfie Whiteman,1998-10-02
283239,Daniel Stückler,1997-04-13
285998,Ayrton Mboko,1997-10-23
288436,Kristian Dirks Riis,1997-02-17
289835,Jens Stage,1996-11-08
293903,Burak Bekaroglu,1997-04-16
297031,Evgeniy Degtyarev,1993-02-07
310131,Mathieu Maertens,1995-03-27
315291,Haji Wright,1998-03-27
321568,Ayyoub Allach,1998-01-28
323589,Dálcio,1996-05-22
328834,Washington Brandão,1990-08-18
329648,Tena,1993-06-28
330145,Kudbettin Ograk,1994-04-13
340178,Niels Verburgh,1998-01-31
340337,Lorenzo Matarrese,1997-02-01
340427,Zan Celar,1999-03-14
340531,Ronaldo Tavares,1997-07-22
340968,Kerem Caliskan,1997-10-13
341266,Darío Ramos,1999-10-19
341424,Neven Djurasek,1998-08-15
341485,Oleg Kudryk,1996-10-17
341646,Kerim Alici,1997-06-24
341713,Diego Conde,1998-10-28
342048,Grady Diangana,1998-04-19
342165,David Philipp,2000-04-10
342204,Pierre-Daniel Nguinda,1996-06-18
342254,Sotiris Pispas,1998-01-08
342824,Agim Zeka,1998-09-06
343332,Stefano Russo,2000-06-29
343337,Fiete Arp,2000-01-06
343622,Petro Stasyuk,1995-02-24
344525,Danny Johnson,1993-02-28
344575,Antonin Bobichon,1995-09-14
344584,Connor McLennan,1999-10-05
344605,Boubakary Soumaré,1999-02-27
344916,Rory Watson,1996-02-05
345749,Marcus Mölvadgaard,1999-08-03
345759,Zak Rudden,2000-02-06
345960,Alex Pike,1997-02-08
346315,Dujon Sterling,1999-10-24
346562,Marco Olivieri,1999-06-30
347594,Florian Miguel,1996-09-01
348538,Athanasios Dimitroulas,1999-03-02
349499,Melvin Adrien,1993-08-30
349536,Nico Mantl,2000-02-06
349947,Luís Pimenta,1996-11-01
350894,Markus Fjörtoft,1994-01-12
351487,Georgios Xydas,1997-04-14
351557,Itsuki Urata,1997-01-29
352464,Dorian Bertrand,1993-05-21
352918,Henrique Gomes,1995-11-30
352934,Emanuel Novo,1992-08-26
353214,Aílton,1996-01-05
353252,Orest Kuzyk,1995-05-17
353396,Dylan Mboumbouni,1996-02-20
353631,Theocharis Psaltis,1996-04-27
354717,Yevgen Murashov,1995-05-09
354814,M'Bala Nzola,1996-08-18
354898,Axel Bakayoko,1998-01-06
355490,Lefteris Astras,1997-02-14
355748,Nikolaos Koliofoukas,1996-09-11
355751,Savvas Topalidis,1997-10-18
356044,Jorge Sánchez,1997-12-10
357073,Léon Valentin,1998-07-30
357958,Josh Robson,1998-02-03
358177,André Pereira,1995-05-05
358650,Georgios Touglis,1996-02-04
358651,Kevi Hysi,1995-06-18
358753,Patrick Asmah,1996-01-25
359210,Alfa Semedo,1997-08-30
360711,Mo Dauda,1998-02-20
361104,Sergiño Dest,2000-11-03
361238,Rubén García,1998-10-23
361256,Berke Özer,2000-05-25
361264,Kerem Atakan Kesgin,2000-11-05
361266,Atalay Babacan,2000-06-28
362571,Nikita Dorofeev,1998-02-15
362844,Pedro Rocha,1994-10-01
363064,Yegor Chegurko,1995-01-27
364567,Khadim Rassoul,1995-12-31
365383,Lewis Morrison,1999-03-12
365450,Ilias Moutha-Sebtaoui,1999-04-01
365451,Daouda Peeters,1999-01-26
366147,Abdussamed Karnucu,2000-02-04
368618,Emil Sögaard,1996-11-30
370525,Ethan Poulain,1997-08-11
370683,Andreas Hanche-Olsen,1997-01-17
373187,Maracás,1994-04-27
373939,Nicolas Lemaître,1997-01-12
374418,Mateusz Praszelik,2000-09-26
375383,Romário Baró,2000-01-25
375391,Joel Asoro,1999-04-27
375820,Henrique Gelain,1995-01-05
376082,Danylo Ignatenko,1997-03-13
376581,Ivan Machado,1997-02-20
376588,Njegos Petrovic,1999-07-18
377042,Michael Folorunsho,1998-02-07
377219,Selim Amallah,1996-11-15
379249,Matheus Reis,1995-02-18
379464,Andrey Zorin,1997-05-04
380350,Igor,1998-02-07
380416,Eric Ocansey,1997-08-22
381815,Oleksandr Snizhko,1996-08-20
381967,Albert Sambi Lokonga,1999-10-22
381974,Arno Van Keilegom,1999-05-27
382096,Bruce Anderson,1998-09-23
382500,Danila Ermakov,1998-12-29
382529,Mustafa Toprak,1996-10-05
382686,Conor McCarthy,1998-04-11
386201,Archie Davies,1998-10-07
386755,Gianluca Frabotta,1999-06-24
387017,Giovanni Volpicelli,1999-09-24
387129,Rober Pier,1995-02-16
387241,Ramón ten Hove,1998-03-03
387579,Scott Tiffoney,1998-08-26
390048,Furkan Kacar,1995-02-21
390638,Arthur Cabral,1998-04-25
391048,Emanuele Fenderico,1999-03-04
391332,Crespi,1996-09-30
391472,Giannis Kontogiannis,1996-06-01
392049,Mauro Zitelli,2000-04-12
392210,Artem Sobol,1996-07-04
393239,Mitchell van Bergen,1999-08-27
393581,Bruno Almeida,1996-09-09
393975,Ilya Zubkov,1998-04-21
394326,Mahamadou Dembélé,1999-04-10
395069,Volodymyr Odaryuk,1994-02-13
395523,Wilfried Kanga,1998-02-21
395586,Georgios Neofytidis,2000-07-28
395739,Kevin Piscopo,1998-02-06
395870,Francesco Verde,1999-08-16
395976,Ivan Melnikov,1997-01-09
396284,Zak Dearnley,1998-09-28
396340,Óscar Clemente,1999-03-26
396857,Dan Kemp,1999-01-11
396898,Caner Özden,1996-05-04
398159,Jaime Sierra,1998-03-18
398833,Daniil Ostapenko,1995-06-08
398886,Merveil Ndockyt,1998-07-20
398945,Miloš Bočić,2000-01-26
400001,Strahinja Tanasijevic,1997-06-12
400538,Anton Skipper,2000-03-31
400546,Nikolas Nartey,2000-02-22
400719,Temur Chogadze,1998-05-05
401729,Jorge Morel,1998-01-22
403569,Lewis Mayo,2000-03-19
406635,Phil Foden,2000-05-28
406675,Marlon,1997-05-20
409515,Adnan Ugur,2001-06-28
410859,Morad El Haddouti,1998-05-09
411495,Max Sanders,1999-01-04
411928,Zaka,1997-06-01
412042,Adri López,1999-01-09
412741,Ross Sinclair,2001-05-07
412952,Nigel Thomas,2001-02-01
412958,Mohammed Tahiri,2001-01-22
413268,Kevin Yakob,2000-10-10
415550,Joaquín Ardaiz,1999-01-11
415642,João Queirós,1998-04-22
415801,Nicola Borghetto,1999-11-25
416704,Soltmurad Bakaev,1999-08-05
417575,Uroš Račić,1998-03-17
418751,Simen Nordli,1999-12-25
418881,Riccardo Doratiotto,1999-06-07
418887,Viktor Babichyn,2000-08-22
419117,Petro Kharzhevskyi,2000-01-03
419119,Igor Snurnitsyn,2000-03-07
420213,Quinten Timber,2001-06-17
422098,Liam Brown,1999-04-06
422211,Alexander Lungwitz,2000-08-04
422828,Ilya Gilyazutdinov,1998-01-08
422851,Stanley Amuzie,1996-02-28
422941,Emil Frederiksen,2000-09-05
423929,Adil Mukhametzyanov,1998-03-15
424042,Nahuel Molina,1998-04-06
426790,Ngonda Muzinga,1994-12-31
427691,Thanawat Suengchitthawon,2000-01-08
428444,Peter Therkildsen,1998-06-13
429014,Morgan Gibbs-White,2000-01-27
429861,Mark Gallagher,2001-02-12
429987,Tiago Dantas,2000-12-24
431182,Fanil Sungatulin,2001-12-24
431724,Kirill Klimov,2001-01-30
432116,Noah Lewis,2000-08-23
435088,Delano Ladan,2000-02-09
435272,Nikolay Kiritsa,1996-12-04
435731,Andrei Chindris,1999-01-12
435808,Lazare Amani,1998-03-07
437634,Massimo Di Vita,1999-03-10
439343,João Figueiredo,1996-05-27
439782,Marcelinho,1996-07-17
443338,Alisson Safira,1995-03-17
446248,Shaquille Pinas,1998-03-19
448264,Afonso Freitas,2000-04-07
448537,Maksym Salamakha,1996-07-16
448705,Diant Ramaj,2001-09-19
451113,Sean Slaven,2001-05-10
451254,Ismail Can Cavusluk,1996-03-29
451880,Ömer Uzun,2000-02-23
453916,Onur Ural,1997-02-22
454238,Tomás Alarcón,1999-01-19
455209,Francesco Pezziardi,2000-09-14
455234,Sami Can Özkan,1999-01-28
455327,Mozino,1997-03-30
458387,Nikita Kakkoev,1999-08-22
459095,Alessandro Cerbara,2001-03-03
459535,Davide De Marino,2000-03-17
459842,Sebastian Breza,1998-03-15
459906,Federico Pelle,2000-01-08
461663,Mykyta Peterman,1999-06-12
461790,Louis Mafouta,1994-07-02
461943,Daniel Bragança,1999-05-27
461948,Oguzhan Akgün,2001-07-13
462771,Can Sikilmaz,1998-11-01
463527,Kjell Scherpen,2000-01-23
463613,Yann Gboho,2001-01-14
463775,Gergely Hutvágner,2000-07-01
464303,Luca Seri,1999-12-09
464307,Tomás Reymão,1998-07-14
464699,Mark Pabai,2000-09-30
466810,Ansu Fati,2002-10-31
467623,Lyle Foster,2000-09-03
467940,Vitinho,2000-01-04
468002,Ben Johnson,2000-01-24
469136,Yan Sasse,1997-06-24
469986,Ahmed Mostafa,1997-10-21
470422,Triantafyllos Pasalidis,1996-07-19
470794,Ivan Ilić,2001-03-17
470816,Florian Schock,2001-05-22
470910,Marwin Reuvers,1999-03-04
471145,Michael Baidoo,1999-05-14
473201,Frank Boya,1996-07-01
474662,Hugo Magnetti,1998-05-30
474665,Quentin Depehi,1997-06-06
475407,Dani Figueira,1998-07-20
476367,Bernardo Rosa,2000-09-20
476915,Melayro Bogarde,2002-05-28
477556,Emanuele Zuelli,2001-11-22
477758,Aaron Wan-Bissaka,1997-11-26
478638,Thomas Vanhecke,1997-03-13
479641,Jair Tavares,2001-02-13
480453,Jay Gorter,2000-05-30
481171,Nathan Rodes,1997-12-11
481173,Mady Camara,1997-02-28
481178,Christ Kouadio,2000-12-23
481680,Konstantinos Thymianis,2001-02-28
481834,Andrea Carboni,2001-02-04
481903,Rooney Eva,1996-12-25
482102,Andreas Pyndt,2001-03-04
483461,Erik Expósito,1996-06-23
484989,Nathan Fuakala,2001-03-13
484991,Louis Carnot,2001-02-25
485592,Max de Waal,2002-01-10
485961,Amir Aduev,1999-05-11
486814,Filip Krastev,2001-10-15
486926,Andrés Vombergar,1994-11-20
487633,Patrick Enrici,2001-05-02
487839,Simone Trimboli,2002-04-19
490325,Kurt Abrahams,1996-12-30
490421,Momo Mbaye,1998-06-28
490581,Mathias Olesen,2001-03-21
490842,Lukas Klitten,2000-05-01
491705,Facundo Colidio,2000-01-04
491763,Mark Karymov,1998-06-22
493899,Luca Bazzoli,2000-11-01
495489,Gaëtan Robail,1994-01-09
496745,Emil Holm,2000-05-13
497221,Andriy Remenyuk,1999-02-03
497252,Leonel Miguel,2001-03-24
497692,Timothy Martin,2001-03-27
498927,Sander De Prycker,1998-02-16
500164,Laurens Serpe,2001-02-07
501417,Kyrylo Dryshlyuk,1999-09-16
501614,Roman Ilnytskyi,1998-01-30
502065,Aji Alese,2001-01-17
502074,Sylvester Jasper,2001-09-13
502821,Riccardo Calafiori,2002-05-19
503162,Christopher Scott,2002-06-07
503866,Albert Grönbaek,2001-05-23
503977,Taylor Harwood-Bellis,2002-01-30
503998,Dmitriy Landakov,1999-05-21
507310,Adrian Pereira,1999-08-31
508637,Solomon Bonnah,2003-08-19
509709,George Stanger,2000-08-15
510971,Víctor López,1997-05-12
511120,Fahrettin Topac,1998-01-21
511128,Kellian van der Kaap,1998-11-08
513235,Giovanni Zwikstra,2001-03-06
516716,Bremer,1997-03-18
520074,Nikita Bakalyuk,2001-04-03
521611,Denis Kaykov,1997-08-12
521956,Erdem Canpolat,2001-04-13
522030,Ilya Samoshnikov,1997-11-14
522121,Yaroslav Ivakin,1998-07-22
524403,Fernando Costanza,1998-11-29
526365,Guttiner,1994-10-06
526845,Noah Atubolu,2002-05-25
529730,Kiki,1998-02-14
530222,Michael Tait,2001-01-29
531350,Mario Curic,1998-09-28
531679,Ethan Laird,2001-08-05
532536,Jack Newman,2002-02-12
532776,Amine Adli,2000-05-10
532826,Mason Greenwood,2001-10-01
533318,Nazariy Muravskyi,2000-02-03
534024,Gabriel Barbosa,1999-03-17
534082,Fabio Ponsi,2001-02-12
535959,Duk,2000-02-16
537127,Théo Sainte-Luce,1998-10-20
537474,Georgios Zacharakis,2001-01-02
537856,Maksym Ivakhno,2000-02-17
538566,Valon Ethemi,1997-10-03
539135,Léo Andrade,1998-04-18
539203,André Luis,1994-03-09
539250,Mathias Böje,1999-07-28
540302,Mateo Klimowicz,2000-07-06
540654,Marc-Olivier Doué,2000-10-11
541749,Luqman Hakim,2002-03-05
542432,Victor Smedsrud,1999-11-26
542684,Jacob Trenskow,2000-11-26
543822,Malthe Höjholt,2001-04-16
546712,Anis Slimane,2001-03-16
548716,Yoël Armougom,1998-06-05
549013,Hélder Sá,2002-11-10
550550,Gonçalo Ramos,2001-06-20
552751,Luigi Aquino,2002-02-01
553217,Jacky Donkor,1998-11-12
554396,Giannis Rizos,2002-03-19
554717,Sébastien Fuakuingi,1999-07-22
555143,Arsen Zakharyan,2003-05-26
555164,Damir Shaykhtdinov,2003-11-20
559335,Fedde de Jong,2003-06-13
560956,Safaa Hadi,1998-10-14
561027,Yousef Aymen,1999-03-21
561614,Javier Almerge,2001-02-28
562175,Ronny Labonne,1997-09-14
564247,Gürkan Hervenik,1998-07-14
564530,Jonathan Aegidius,2002-04-22
564785,Kristian Thorstvedt,1999-03-13
564795,Cosimo Marco Da Graca,2002-05-01
565017,Louis Broché,2001-05-04
566221,Bilal Hadraoui,1999-05-28
566667,Jaime Garijo,1999-06-06
566911,Yassin Oukili,2001-01-03
569288,Elias Bördner,2002-02-18
569639,Oliver Jensen,2002-04-30
569805,Marquinhos Cipriano,1999-02-09
569944,Giannis Sourdis,2001-09-29
570064,Vasilios Skiadas,2002-06-25
571140,Luis Hartwig,2002-11-23
572326,Christopher Wooh,2001-09-18
572399,Kyrylo Prokopchuk,1998-02-14
576024,Julián Álvarez,2000-01-31
576997,Burak Evren,2000-09-01
577486,Gastón Álvarez,2000-03-24
578392,Maximilian Beier,2002-10-17
578685,Edu Mancha,1995-11-24
579294,Aimar Sher,2002-12-20
579746,Giuseppe Agostino,2002-12-21
580193,Bright Arrey-Mbi,2003-03-26
580195,Jamal Musiala,2003-02-26
581121,Tiago Esgaio,1995-08-01
582353,Mattia Zanotti,2003-01-11
583508,David Alba,1999-05-05
583510,Miguel Rubio,1998-03-11
583756,Nelson Balongo,1999-04-15
584447,Alexandros Kardaris,2001-01-14
584562,Orestis Grigoropoulos,2000-07-04
585102,Jovan Manev,2001-01-25
589128,Ayase Ueda,1998-08-28
590835,Victor Lind,2003-07-12
594546,Uilton,1992-07-25
595650,Nikola Stulic,2001-09-08
596481,Kenson Pierre Bauer,2003-07-31
596528,Hüseyin Ekici,2000-05-24
597512,Nuno Macedo,1999-05-29
599879,Marrony,1999-02-05
602124,Alessandro Bianco,2002-10-01
604579,Alessandro Mercati,2002-05-12
605184,Jean-Clair Todibo,1999-12-30
605534,Kirill Bozhenov,2000-12-07
606308,Julian Frommann,2003-04-11
606530,Ally Taylor,2001-09-12
607093,Sávio,1995-05-26
607224,Hannibal,2003-01-21
607586,Enzo Adeagbo,2002-01-11
608531,Mario Hernández,1999-01-25
609646,Vasilios Kostika,1999-09-04
610417,Andrew,2001-07-01
610432,Lucas Ziegler,2003-09-28
611202,Pablo Picón,2000-02-01
611845,Ciaron Brown,1998-01-14
611906,Nnamdi Ofoborh,1999-11-07
612024,Quiermo Dumay,2001-02-10
612569,Ilke Nelik,1999-08-23
613533,Ivan Saio,2002-03-16
613725,Ismail Yüksek,1999-01-26
615316,Andrey Evdokimov,1999-03-09
615930,Matei Ilie,2002-12-11
616162,Alessandro Fontanarosa,2003-02-07
616460,Emre Bekir,1998-08-17
620560,Ivan Basic,2002-04-30
622625,Henrique Araujo,1998-08-07
623023,Carles Marco,2000-04-05
623315,Nikita Belousov,2002-02-26
623321,Kyrylo Romanyuk,2001-03-21
623349,Gleb Zakharov,2001-07-31
623561,Triantafyllos Tsapras,2001-10-22
623772,Victor Bak Jensen,2003-10-03
624266,Ross McCausland,2003-05-12
625088,Marzio Pica,2002-02-04
625658,Ander Martín,2000-11-16
627097,Pipe Gómez,1999-10-11
627224,Gabriel Silva,2002-03-22
627290,John Donald,2000-09-25
627756,Athanasios Michopoulos,2002-01-20
628769,Luke Singh,2000-09-12
628834,Danley Jean Jacques,2000-05-20
630015,Khozhimat Erkinov,2001-05-29
631821,Vladyslav Vanat,2002-01-04
633430,Dilan Ortíz,2000-03-15
633753,Alex Lowry,2003-06-23
634460,Álex Balboa,2001-03-06
635803,Oluwatobiloba Alagbe,2000-04-24
635904,Kevin Villodres,2001-02-26
637802,Sapara,1995-01-27
639712,Étienne Youté Kinkoué,2002-01-14
640686,Odysseas Lymperakis,1998-06-05
646734,Tomás Mendes,2004-11-21
646896,Vladislav Yakovlev,2002-02-14
648699,Brennan Camp,2000-10-12
648909,Fabio Blanco,2004-02-18
649020,Boubacar Traoré,2001-08-20
649033,Dion Lopy,2002-02-02
649996,Kagan Moradaoglu,2003-01-10
650519,Lucas Barros,1999-08-21
651735,Magnus Knudsen,2001-06-15
652674,Arron Lyall,2003-09-27
655880,Mipo Odubeko,2002-10-21
659520,Bilal Nadir,2003-11-28
659542,Elye Wahi,2003-01-02
661776,Bogdan Porokh,2000-08-05
665404,Bogachan Kazmaz,2001-01-20
665971,Jonas Nickisch,2004-05-21
667525,Alperen Arslan,2001-09-09
668013,Kerem Hayta,2001-08-03
668041,Omar Faraj,2002-03-09
668996,Joaquín Blázquez,2001-01-28
670688,Chermiti,2004-05-24
673067,Elias Olsson,2003-04-23
673429,Milan Majstorovic,2005-02-21
674411,Danylo Litovchenko,2000-07-21
677186,Alihan Kalkan,1999-05-21
678006,Elia Boseggia,2004-02-06
678194,Matthew Hoppe,2001-03-13
682562,Björn Hardley,2002-12-19
685887,Matchoi Djaló,2003-04-10
690429,Robert Wagner,2003-07-14
693312,Elias Damergy,2002-10-17
696589,Tim Iroegbunam,2003-06-30
696876,Efe Tatli,2002-07-29
698097,Hayden Lindley,2002-09-02
698637,Arjan Raikhy,2002-10-20
700366,Ömer Memis,2001-03-29
701055,Anton Gaaei,2002-11-19
701937,Yaroslav Mikhailov,2003-04-28
702561,Roman Didyk,2002-12-02
703227,Davide Mastrantonio,2004-01-16
703820,Trustin van 't Loo,2004-05-25
704553,Eugenio Pizzuto,2002-05-13
704692,Nicolò Cocetta,2003-12-19
707107,Patricio Goglino,2001-02-06
708242,Andriy Buleza,2004-01-25
708721,Mustafa Eser,2001-08-29
709187,Nico Williams,2002-07-12
709830,Francis Ezeh,1997-09-12
718303,Ernest Poku,2004-01-28
720612,Koray Yagci,2003-02-19
720868,Lamine Tall,2001-12-05
721512,Mykyta Kononov,2003-01-22
723487,Mathias Delorge,2004-07-31
729266,Lucas Fasson,2001-05-30
729781,Vladyslav Veleten,2002-10-01
730893,Tyrick Mitchell,1999-09-01
734171,Valentin Decarpentrie,2002-01-06
735423,Giannis Christofilopoulos,2003-07-17
736034,Isaías Delpupo,2003-03-31
737533,Mathéo Parmentier,2002-10-31
738516,Mike Kleijn,2005-02-09
739477,Jajá,2001-04-15
742861,Jefferson Vinicius,2000-05-03
743987,Bica,2003-06-16
745284,Vadim Rakov,2005-01-09
747001,Harry Broun,2003-08-16
749260,Valeriy Blazhko,2001-03-22
752047,Oleksandr Kobelyash,2000-08-30
771912,Ilya Gulko,2002-11-17
771917,Maksym Komarets,2002-05-23
773750,Stanislav Ursolov,2003-01-30
773795,Gor Manvelyan,2002-04-09
775605,Pablo Barrios,2003-06-15
777005,Mert Kömür,2005-07-17
783429,Unai Dufur,1999-01-21
784719,Raúl Parra,1999-11-26
787027,Emre Yildirim,2002-01-01
787776,Valeriy Dubko,2001-03-22
795280,Tymur Korablin,2002-01-02
796212,Philipp Schulz,2005-05-25
796213,Nelson Weiper,2005-03-17
798927,N'Dri Koffi,2002-03-09
807128,Saïdou Sow,2002-07-04
807691,Ismaël Dramé,2001-05-27
808973,Denys Rezepov,2002-02-11
809639,Koffi,2001-11-20
809716,Lucas Freitas,2001-01-20
810411,Pablo Pagis,2002-12-29
813106,Lukas Wagner,2004-11-19
813730,Mohammed Tolba,2004-07-19
818247,Fran Pereira,2002-02-06
820146,Cheick Keita,2003-04-02
821905,Alex Ferguson,2003-09-10
824104,Onur Efe,2002-03-13
825139,Yani Van Den Bossche,2001-06-01
830028,Senne Carleer,2003-05-20
830083,Ivan Mamrosenko,2000-03-27
840674,Ibrahima Bamba,2002-04-22
842764,Moudja Sié Ouattara,2002-05-20
844637,Marc Pubill,2003-06-20
857154,Alexis Lefebvre,2003-05-21
857939,Chinchu,2002-03-05
859173,Erdem Özcan,2002-10-30
862628,Marvin Elimbi,2003-02-20
864121,Issahaku Fatawu,2004-03-08
874131,Ömer Ersoy,2003-03-16
874737,Güvenc Usta,2004-04-01
875447,Ítalo,2002-02-18
876400,Simone Pafundi,2006-03-14
876532,Mehmet Ali Ulaman,2003-04-03
876631,Habib Diarra,2004-01-03
880323,Kivanc Koral,2004-01-16
881250,Aylan Benyahia-Tani,2005-07-19
889613,Arif Kocaman,2003-09-14
904802,Jorrel Hato,2006-03-07
910782,Egor Pigaev,2002-06-08
912111,Aske Sampers,2001-05-20
917120,Tanguy Zoukrou,2003-05-07
926694,Arthur Vermeeren,2005-02-07
936008,Oleksandr Saputin,2003-11-13
936819,Daniil Savin,2005-06-29
950091,Stefanos Tzimas,2006-01-06
951690,Yuriy Potimkov,2002-08-01
956096,Baris Gün,2004-04-26
969447,Dermane Karim,2003-12-26
982855,Reda Belahyane,2004-06-01
988862,Moustapha Cissé,2003-09-14
993136,Mikkel Kristensen,2006-07-05
1044893,Yaya Fofana,2004-06-12
1134218,Artem Gusol,2006-01-05
65,Dimitar Berbatov,1981-01-30
162,Marc Ziegler,1976-06-13
277,Sergio da Silva Pinto,1980-10-16
598,Timo Hildebrand,1979-04-05
1568,Stefan Reisinger,1981-09-14
1784,René Adler,1985-01-15
2623,Piotr Trochowski,1984-03-22
2874,Mladen Petric,1981-01-01
3115,David Bellion,1982-11-27
3146,Shay Given,1976-04-20
3292,Joey Barton,1982-09-02
3297,Craig Bellamy,1979-07-13
3507,Christian Abbiati,1977-07-08
3531,Robert Vittek,1982-04-01
3540,John O'Shea,1981-04-30
3580,Aaron Hughes,1979-11-08
3583,Steve Simonsen,1979-04-03
3682,Wayne Bridge,1980-08-05
3783,Sam Parkin,1981-03-14
3788,Matthew Etherington,1981-08-14
3824,Gordon Greer,1980-12-14
3978,Svetoslav Todorov,1978-08-30
4015,Louis Saha,1978-08-08
4018,Daniel Baier,1984-05-18
4248,Diego,1985-02-28
4337,Kasper Bögelund,1980-10-08
4408,Santi Kolk,1981-10-02
4573,Marcel Meeuwis,1980-10-31
4592,Ji-sung Park,1981-02-25
5293,Sébastien Squillaci,1980-08-11
5300,Jérôme Rothen,1978-03-31
5431,Pantxi Sirieix,1980-10-07
5495,John Utaka,1982-01-08
5516,Wilfried Dalmat,1982-07-17
5817,Andrea Pirlo,1979-05-19
5892,Martin Jörgensen,1975-10-06
5970,Dario Dainelli,1979-06-09
6160,Mauricio Pinilla,1984-02-04
6860,Orhan Ak,1979-09-29
7589,Víctor Valdés,1982-01-14
7594,Carles Puyol,1978-04-13
7631,Carlos Gurpegui,1980-08-19
7803,Mario Abrante,1982-02-02
7818,Óscar González,1982-11-12
7858,Yossi Benayoun,1980-05-05
7867,Rodolfo Bodipo,1977-10-25
7970,Gill Swerts,1982-09-23
7983,Cani,1981-08-03
8284,Selcuk Sahin,1983-03-26
8498,Florent Chaigneau,1984-03-21
8806,Cesc Fàbregas,1987-05-04
9413,Ricardo Vaz Tê,1986-10-01
9508,Shaun Maloney,1983-01-24
9586,Anatoliy Gerk,1984-11-20
9643,Karel Geraerts,1982-01-05
9647,Birger Maertens,1980-06-28
9841,Georgios Seitaridis,1981-06-04
9871,Nikolaos Georgeas,1976-12-27
9915,Reto Ziegler,1986-01-16
10255,Alexander Farnerud,1984-05-01
11680,Rob Green,1980-01-18
12387,Jacques Faty,1984-02-25
12575,David McCracken,1981-10-16
12746,Colin Nish,1981-03-07
12772,Ryan Esson,1980-03-19
13021,Logan Bailly,1985-12-27
13099,Bram Verbist,1983-03-05
13166,Ricardo Silva,1975-09-26
13217,João Pereira,1984-02-25
13557,Tim Clancy,1984-06-08
13749,Gaby Mudingayi,1981-10-01
13862,Custódio,1983-05-24
14195,Gonçalo Brandão,1986-10-09
14521,Anestis Anastasiadis,1983-01-21
14523,Konstantinos Barbas,1983-04-22
14678,Ryan Stevenson,1984-08-24
14882,Cédric Makiadi,1984-02-23
15128,Kasper Risgaard,1983-01-04
15243,Tommy Bechmann,1981-12-22
15338,Fernando,1981-05-03
15452,Raúl Albiol,1985-09-04
15676,Zydrunas Karcemarskas,1983-05-24
15764,Moisés Hurtado,1981-02-20
15881,Sergey Kornilenko,1983-06-14
16095,Aleksandre Amisulashvili,1982-08-20
16137,Franco Brienza,1979-03-19
16520,Marco Russ,1985-08-04
16756,Oleg Ivanov,1986-08-04
16870,Cesare Natali,1979-04-05
16902,Alessandro Rosina,1984-01-31
17130,Michele Pazienza,1982-08-05
17206,Aleksandar Trisovic,1983-11-25
18290,Matthias Henn,1985-04-28
18445,Betão,1983-11-11
18644,Álvaro Negredo,1985-08-20
19081,Lukasz Szukala,1984-05-26
19138,Marco Zoro,1983-12-27
19435,Gianpaolo Bellini,1980-03-27
19437,Igor Budan,1980-04-22
19447,Giampaolo Pazzini,1984-08-02
20081,Gelson Fernandes,1986-09-02
20296,Steve Colpaert,1986-09-13
20855,Jerry Lucena,1980-08-11
20975,Leroy Lita,1984-12-28
21382,Rory Loy,1988-03-19
21517,Ionut Pop,1997-08-01
21769,Salvatore Masiello,1982-01-31
21942,Davide Moscardelli,1980-02-03
22348,Tim Matthys,1983-12-23
22440,João Pedro,1980-08-15
22827,Thomas Kortegaard,1984-07-02
23265,Luís Manuel,1981-06-25
23463,Christian Holst,1981-12-25
23492,Thomas Kristensen,1983-04-17
24008,Rubén Gomez,1984-01-26
24113,Espen Ruud,1984-02-26
24973,Paschalis Melissas,1982-03-09
25002,Ognjen Koroman,1978-09-19
25013,Aleksandr Makarov,1978-08-23
25368,Njazi Kuqi,1983-03-25
25411,Javier Arizmendi,1984-03-03
25412,Pedro López,1983-11-01
25557,Sergio Ramos,1986-03-30
25820,Vyacheslav Shevchuk,1979-05-13
26065,Miguel Ángel Moyá,1984-04-02
26139,Carlos Manuel,1985-11-24
26229,Diego,1979-05-11
26582,Panagiotis Glykos,1986-10-10
26878,Tobias Werner,1985-07-19
26936,Tomas Sivok,1983-09-15
27236,Nemanja Rnic,1984-09-30
27306,Mathieu Debuchy,1985-07-28
27486,Kiko Casilla,1986-10-02
27920,Velimir Radman,1983-05-28
28456,Boris Pandza,1986-12-15
28845,Andrea Raggi,1984-06-24
28922,Taye Taiwo,1985-04-16
28936,Riccardo Meggiorini,1985-09-04
28997,Antonis Georgallidis,1982-01-30
29023,Steven Smith,1985-08-30
29104,Manolo Martínez,1980-06-15
29124,Aritz Aduriz,1981-02-11
29152,Danny Graham,1985-08-12
29316,Cyril Théréau,1983-04-24
29366,Edinho,1982-07-07
29411,Ergün Teber,1985-09-01
29678,Ugur Kavuk,1979-09-11
30097,Xabier Castillo,1986-03-29
30308,Ivo Ilicevic,1986-11-14
30473,Fred Benson,1984-04-10
30553,Daan Van Gijseghem,1988-03-02
30593,Michael Bradley,1987-07-31
30670,Vurnon Anita,1989-04-04
30757,Renato Civelli,1983-10-14
31109,Vítor Vinha,1986-11-11
31453,Ruben Schaken,1982-04-03
31599,Norman Theuerkauf,1987-01-24
33065,Dean Hammond,1983-03-07
33249,Owen Garvan,1988-01-29
33571,Lorenzo De Silvestri,1988-05-23
33831,Modou Sougou,1984-12-18
34237,Christian Grindheim,1983-07-17
34322,Sokratis Papastathopoulos,1988-06-09
34344,Cristián Zapata,1986-09-30
34527,Frantisek Rajtoral,1986-03-12
34534,Marcel Gecov,1988-01-01
34672,Joey O'Brien,1986-02-17
35805,Rinaldo Cruzado,1984-09-21
35813,Víctor Vázquez,1987-01-20
35853,Daniele Paponi,1988-04-16
36025,Mikael Lustig,1986-12-13
36602,Christophe Berra,1985-01-31
36661,Tevfik Köse,1988-07-12
36720,Jim McAlister,1985-11-02
37152,Tommy Elphick,1987-09-07
37549,Anton Shunin,1987-01-27
37678,David Gray,1988-05-04
38414,Ryan Donk,1986-03-30
38642,Alessandro Sgrigna,1980-04-24
38782,Dmitriy Kombarov,1987-01-22
39073,Émerson,1986-02-23
39089,José Furtado,1983-03-14
39247,Tunay Torun,1990-04-21
39690,Danilo Soddimo,1987-09-27
39829,Alessandro Bastrini,1987-04-03
39906,Romain Danzé,1986-07-03
40022,Thomas Dalgaard,1984-04-13
40074,Stefan Ilsanker,1989-05-18
40412,Tom Muyters,1984-12-05
40500,Gustavo Colman,1985-04-19
41100,Steven De Petter,1985-11-22
41458,Robert Tesche,1987-05-27
41665,Jonathan Parr,1988-10-21
41749,Modibo Diakité,1987-03-02
41912,Simone Aresti,1986-03-15
41982,Radja Nainggolan,1988-05-04
41989,Francesco Valiani,1980-10-29
42636,Lasha Jakobia,1980-08-20
42732,Ritchie Kitoko,1988-06-11
42942,Georgios Tzavellas,1987-11-26
43237,Massimo Zappino,1981-06-12
43246,Daniel Kolar,1985-10-27
43276,Junior,1978-09-20
43886,Moustapha Sall,1985-11-30
44022,Nukri Revishvili,1987-03-02
44058,Wojciech Szczesny,1990-04-18
44172,Vinicius,1986-05-16
44247,Ante Rukavina,1986-06-18
44466,Sebastian Rode,1990-10-11
44689,Gary Coulibaly,1986-03-30
44727,Grégory Bettiol,1986-03-30
44760,Itay Shechter,1987-02-22
44794,Henri Lansbury,1990-10-12
44993,Anil Tasdemir,1988-01-01
45005,Serkan Kurtulus,1990-01-01
45007,Yavuz Özkan,1985-05-19
45139,Mickaël Tavares,1982-10-25
45513,Mostapha El Kabir,1988-10-05
45674,Mohamed Amsif,1989-02-07
46060,Federico Melchiorri,1987-01-06
46472,Charlie Davies,1986-06-25
46504,Eric Bicfalvi,1988-02-05
46635,Igor Smolnikov,1988-08-08
46809,Juan Pablo Pino,1987-03-30
47048,Milan Bojovic,1987-04-13
47152,Gigel Bucur,1980-04-08
47165,Silviu Izvoranu,1982-12-03
47389,Andrija Vukovic,1983-08-03
47571,Florin Costea,1985-05-16
47592,Fagner,1989-06-11
47604,Sercan Yildirim,1990-04-05
47648,Dani Estrada,1987-01-03
48164,Slobodan Medojevic,1990-10-20
48704,Gustavo Souza,1984-07-18
48864,Jesper Lauridsen,1991-03-27
49030,Denys Vasin,1989-03-04
49031,Ádám Vass,1988-09-09
49501,Elias Kachunga,1992-04-22
49841,Hamdi Harbaoui,1985-01-05
50193,Jasmin Trtovac,1986-12-27
51168,Jens Hegeler,1988-01-22
51285,Simon Zenke,1988-12-24
51504,Jaime Jiménez,1980-12-10
51529,Michael Almebäck,1988-04-04
51556,Chema,1980-04-25
52006,Onur Ayik,1990-01-28
52097,Aleksandr Stavpets,1989-07-04
52112,Georges Mandjeck,1988-12-09
52390,Michalis Boukouvalas,1988-01-14
52828,Kadu,1986-07-20
53155,Sebastián Rusculleda,1985-04-28
54044,Bruno Mezenga,1988-08-08
54231,Isma López,1990-01-29
54787,Ivan Temnikov,1989-01-28
54793,Vasilios Koutsianikoulis,1988-08-09
54820,Roberto Battión,1982-03-01
55115,David Targamadze,1989-08-22
55210,Adam Nemec,1985-09-02
55282,Ciprian Tatarusanu,1986-02-09
55420,Mikhail Smirnov,1990-06-03
55959,Sebastián Nayar,1988-05-10
55997,José María Basanta,1984-04-03
56370,Guyon Fernandez,1986-04-18
56379,Erik Quekel,1987-04-16
56438,Ruud van der Rijt,1988-11-17
56513,Oliver Kragl,1990-05-12
56698,Aleksandre Kobakhidze,1987-02-11
56806,Vincent Nogueira,1988-01-16
56809,Alexandre Oukidja,1988-07-19
56831,Juan Neira,1989-02-21
57134,Matthieu Dreyer,1989-03-20
57255,Abdülkadir Kayali,1991-01-30
57342,Paul Alo'o Efoulou,1983-11-12
57349,Jonathan Ayité,1985-07-22
57383,Brahim Ferradj,1987-09-04
57514,Teddy Chevalier,1987-06-28
57522,Andrés Fernández,1986-12-16
57727,Andreas Nordvik,1987-03-18
57800,Roberto Fernández,1979-01-25
57834,Maximiliano Pereira,1984-06-08
57869,Denys Dedechko,1987-07-02
57987,Yevgen Cheberyachko,1983-06-19
58018,Nano,1984-10-27
58358,Thomas Müller,1989-09-13
58417,Stanislav Mykytsey,1989-09-07
58427,Kyrylo Petrov,1990-06-22
58494,Stavros Tsoukalas,1988-05-28
58497,Alberto García,1985-02-09
58568,Ruslan Kambolov,1990-01-01
58761,Mehmet Öztürk,1989-03-26
58874,Ignacio Camacho,1990-05-04
58946,Artur Karnoza,1990-08-02
58947,Vitaliy Kaverin,1990-09-04
59187,Oleg Shatov,1990-07-29
59425,Vladyslav Leonidov,1990-02-11
59483,Antonio Mrsic,1987-06-05
59826,Oleg Gerasymyuk,1986-09-25
59866,Victor Moses,1990-12-12
59877,Ruslan Chernenko,1992-09-29
60273,Dalibor Volas,1987-02-27
60540,Valère Germain,1990-04-17
60591,Yannick Sagbo,1988-04-12
60790,Toni Sunjic,1988-12-15
60797,Bob McHugh,1991-07-16
60912,Ryan Conroy,1987-04-28
61505,Aleksandar Prijovic,1990-04-21
61591,Zoltán Stieber,1988-10-16
61763,Michael Lüftner,1994-03-14
61786,Guido Marilungo,1989-08-09
61936,Baldur Sigurdsson,1985-04-24
62501,Giannis Zaradoukas,1985-12-12
62565,Sean Welsh,1990-03-15
62913,Lillo Castellano,1989-03-27
62920,Víctor Ruiz,1989-01-25
63170,Pavel Yakovlev,1991-04-07
63384,Adrian Nikci,1989-11-10
63459,Alexander Juel Andersen,1991-01-29
63463,Daniel Wass,1989-05-31
64208,Gianluca Nijholt,1990-02-14
64215,Cristian Oros,1984-08-15
64385,José Manuel Catalá,1985-01-01
64399,Vicente Guaita,1987-01-10
64506,Ben Rienstra,1990-06-05
66005,Amir Abrashi,1990-03-27
66112,Keko Gontán,1991-12-27
66934,Cheikhou Kouyaté,1989-12-21
67071,Alexios Michail,1986-08-18
67303,Russell Martin,1986-01-04
67341,Greg Tansey,1988-11-21
67431,Michal Zyro,1992-09-20
67886,Paulo Victor,1987-01-12
69611,Javi Jiménez,1987-06-08
69633,Christian Eriksen,1992-02-14
70245,Ignasi Miquel,1992-09-28
70364,Murad Tagilov,1990-01-27
70645,Peter Sladek,1989-07-07
70767,Roman Zozulya,1989-11-17
70869,Gregor Balazic,1988-02-12
71570,Iago Herrerín,1988-01-25
71601,Txema Añibarro,1979-07-26
71981,Raúl Llorente,1986-04-02
72319,Marc Pedraza,1987-02-06
72484,Manu Barreiro,1986-07-08
73092,Rene Krhin,1990-05-21
73096,Kim,1987-09-10
73180,Martín Mantovani,1984-07-07
73566,Cameron Stewart,1991-04-08
74302,Marko Obradovic,1991-06-30
74709,Emmanuel Imorou,1988-09-16
74918,Marko Milinkovic,1988-04-16
75411,Carlo Pinsoglio,1990-03-16
75446,Pablo de Blasis,1988-02-04
76092,Willians,1986-01-29
76285,Toño,1986-11-23
77383,Eiji Kawashima,1983-03-20
77544,George Friend,1987-10-19
77640,Akaki Khubutia,1986-03-17
77663,Khaleem Hyland,1989-06-05
77708,Geoffroy Serey Dié,1984-11-07
77729,Pape Coulibaly,1988-03-02
77757,Thomas Kaminski,1992-10-23
77809,Julian Korb,1992-03-21
77910,Alessandro Bruno,1983-07-04
77947,Soufian Benyamina,1990-03-02
78147,Fabian Klos,1987-12-02
79089,Theo Weeks,1990-01-19
79232,Ruslan Abyshov,1987-10-10
79286,Georgios Manousos,1987-12-03
79933,Palmeira,1989-09-24
80061,Sebastián Grazzini,1981-01-25
80312,Mykyta Shevchenko,1993-01-26
80671,Jop van der Linden,1990-07-17
81190,Loïc Damour,1991-01-08
81192,Jean-Alain Fanchone,1988-09-02
81346,Kevin Brands,1988-03-28
81396,Denis Alibec,1991-01-05
82939,Sjoerd Overgoor,1988-09-06
84363,Milton Raphael,1991-05-11
84481,Éder,1987-12-22
84491,Rúben Micael,1986-08-19
84751,Luca Martinelli,1988-12-20
84921,Lorenzo Ariaudo,1989-06-11
85213,Harun Tekin,1989-06-17
85314,Oscar,1991-09-09
85339,Özkan Karabulut,1991-01-16
85345,Maël Lepicier,1986-01-14
85372,Enric Saborit,1992-04-27
85822,Florian Hübner,1991-03-01
85842,Sami,1988-12-18
85863,Gueïda Fofana,1991-05-16
86612,Jerry Akaminko,1988-05-02
86775,Marjan Altiparmakovski,1991-07-18
86848,Matthias Zimmermann,1992-06-16
87210,Davide Astori,1987-01-07
87444,Arvydas Novikovas,1990-12-18
88002,Roman Grigoryan,1982-09-14
88016,Björn Sigurdarson,1991-02-26
88239,Enoch Kofi Adu,1990-09-14
88615,Arseniy Logashov,1991-08-20
88680,Luca Caldirola,1991-02-01
88705,Michele Rigione,1991-03-07
88983,Nathan Eccleston,1990-12-30
89027,Fabián Rinaudo,1987-05-08
89541,Simon Piesinger,1992-05-13
89592,Marvin Plattenhardt,1992-01-26
91233,Tonia Tisdell,1992-03-20
91380,Dmytro Korkishko,1990-05-04
91533,Vitaliy Nedilko,1982-08-21
91885,Jesús Fernández,1988-06-11
91915,Luc Castaignos,1992-09-27
91931,Denys Boyko,1988-01-29
92141,Víctor Ibarbo,1990-05-19
92904,Reynaldo,1989-08-24
93118,David Smith,1993-03-01
93184,Nabil Bahoui,1991-02-05
93534,Sebastian Gärtner,1993-02-03
93837,Tom Weilandt,1992-04-27
93936,Kike García,1989-11-25
94137,Kevin Möhwald,1993-07-03
94174,Christopher Avevor,1992-02-11
94288,Niels Bisp Rasmussen,1993-09-09
94414,Héctor Yuste,1988-01-12
94674,Ilir Azemi,1992-02-21
95639,Henri Anier,1990-12-17
95698,Rollan Pogoreltsev,1990-07-16
95730,Borja Sánchez,1987-02-14
95949,Nick Ross,1991-11-11
95990,Gilli Sörensen,1992-08-11
96254,Pietro Terracciano,1990-03-08
96455,Yevgen Makarenko,1991-05-21
96661,Leonidas Argyropoulos,1990-05-29
96790,Sebastian Mladen,1991-12-11
96806,Jacopo Sala,1991-12-05
96923,Vangelis Pitkas,1983-07-30
97727,Igor Tyshchenko,1989-05-11
99327,Isaac Cofie,1991-09-20
99490,Murtaz Daushvili,1989-05-01
99863,Pylyp Budkivskyi,1992-03-10
99977,Marko Scepovic,1991-05-23
101067,László Lencse,1988-07-02
101201,Igor Vetokele,1992-03-23
101682,Scott Malone,1991-03-25
101912,Samuel Fabris,1991-01-30
101954,Antons Kurakins,1990-01-01
102271,Matthias Maak,1992-05-12
102284,Marko Simic,1987-06-16
102427,Sebastián Coates,1990-10-07
102452,Mauricio Pereyra,1990-03-15
103680,Jordão Diogo,1985-11-12
104200,Evgeniy Bashkirov,1991-07-06
104219,Enes Sipovic,1990-09-11
104503,Egor Generalov,1993-01-24
104865,Yuri Medvedev,1990-01-03
105695,Jason Holt,1993-02-19
107397,Hamdan Al Kamali,1989-05-02
109110,Nicolò Brighenti,1989-08-01
110475,Dario Del Fabro,1995-03-24
110822,Hannes Van Der Bruggen,1993-04-01
111043,Pierrick Cros,1991-06-23
111059,Darnel Situ,1992-03-18
111063,Atila Turan,1992-04-10
111072,Vladyslav Ogirya,1990-04-03
111073,Ryan Allsop,1992-06-17
111082,Javier Aquino,1990-02-11
111621,Dani Ojeda,1994-12-03
111830,Jack Hamilton,1994-03-22
112302,Roberto Pereyra,1991-01-07
112578,John Chibuike,1988-10-10
112737,Dor Malul,1989-04-30
113198,Julian Dudda,1993-04-08
113872,Mitch Apau,1990-04-27
113919,Viktor Kuzmichev,1992-03-19
113996,Calvin Mac-Intosch,1989-08-09
117989,Dmitriy Shomko,1990-03-19
118538,Andile Jali,1990-04-10
118847,Dominik Kohr,1994-01-31
119115,Diego Falcinelli,1991-06-26
119434,Rodrigo Moledo,1987-10-27
119717,Sergiy Basov,1987-01-19
120501,Hakeem Araba,1990-02-12
120518,Ilya Aleksievich,1991-02-10
121253,Adam Cummins,1993-03-03
121411,Joan Román,1993-05-18
121483,Jan Oblak,1993-01-07
121570,Konstantinos Laifis,1993-05-19
121850,Alfredo Mejía,1990-04-03
122011,Markus Henriksen,1992-07-25
122946,Jardel,1986-03-29
123279,Artem Shchedryi,1992-11-09
123487,Jesús Hernández,1993-01-06
123503,Kelle Roos,1992-05-31
124182,Sergiy Sydorchuk,1991-05-02
124419,Odysseas Vlachodimos,1994-04-26
124441,Sinan Tekerci,1993-09-22
124560,Samuele Longo,1992-01-12
125250,Celso Ortiz,1989-01-26
125348,Jacopo Coletta,1992-04-19
125858,Kerem Demirbay,1993-07-03
126480,Flávio Boaventura,1987-07-12
126662,David Alcibiade,1991-09-26
127074,Petrus Boumal,1993-04-20
127202,Matz Sels,1992-02-26
127828,Diego Rodríguez,1989-09-04
128911,Tom Thorpe,1993-01-13
129593,Junior Malanda,1994-08-28
129670,Luíz Carlos,1985-07-05
129753,Víctor Rodríguez,1989-07-23
130382,Jerry Mbakogu,1992-10-01
130535,Wanderson Miranda,1990-02-08
130819,Dale Hilson,1992-12-23
130963,Rudy,1989-01-05
131163,Pedro Santos,1988-04-22
131505,Rodrigo,1991-03-06
131753,Diego Galo,1984-01-14
132414,Dolly Menga,1993-05-02
133838,Karim Ansarifard,1990-04-03
134416,Matthias Fanimo,1994-01-28
134538,Robert Thomson,1993-05-28
134983,Andrea La Mantia,1991-05-06
135071,Matthias Strohmaier,1994-03-11
135217,Patrick Olsen,1994-04-23
136212,Eren Tozlu,1990-12-27
136746,Steve Beleck,1993-02-10
138055,Haris Belkebla,1994-01-28
138091,Mustafa Amini,1993-04-20
138141,Diego Maurício,1991-06-25
138512,Uros Vitas,1992-07-06
138649,Semedo,1988-02-23
139067,Antonio Rojano,1991-04-27
139352,Gus Ledes,1992-09-28
139668,Amessan,1990-09-27
140206,Ladislav Krejci,1992-07-05
140682,Rômulo,1990-09-19
140776,Yannick Carrasco,1993-09-04
140967,Nikita Malyarov,1989-10-23
141350,Kemar Roofe,1993-01-06
141871,Stefan Scougall,1992-12-07
142419,Raúl Navas,1988-05-11
142990,Stefano Scognamillo,1994-05-04
143798,Pavel Kaderabek,1992-04-25
144695,Nemanja Mijuskovic,1992-03-04
144702,Ivan Solovjev,1993-03-29
144796,Pedro Sass,1990-09-15
145416,Junior Tallo,1992-12-21
145866,Munas Dabbur,1992-05-14
145922,Jon Flanagan,1993-01-01
146488,Samir Carruthers,1993-04-04
146752,Gianluca Caprari,1993-07-30
147049,Salim Khelifi,1994-01-26
147128,Cristian Lema,1990-03-24
148344,Lucas Andersen,1994-09-13
148550,Koray Altinay,1991-10-11
150144,Tenglong Lei,1991-01-17
152517,Ricardo Ippel,1990-08-31
153365,Furkan Alakmak,1991-09-28
153454,Noël Soumah,1994-12-21
153508,Emil La Cour,1991-07-19
156384,William Dutoit,1988-09-18
156617,Marcelo Brozovic,1992-11-16
156713,Umut Sönmez,1993-06-20
156764,Gavin Reilly,1993-05-10
157368,Tom Ince,1992-01-30
157396,Rob Schoofs,1994-03-23
158263,Matt Parsons,1991-12-25
158718,Max Ehmer,1992-02-03
158810,Oscar Hiljemark,1992-06-28
158837,Ruslan Abazov,1993-05-25
158938,Cammy Smith,1995-08-24
159045,Emre Pehlivan,1993-01-19
159098,Brecht Dejaegere,1991-05-29
159553,Sofiane Moussa,1988-02-06
159718,Darko Jevtic,1993-02-08
159907,Jonathan Iglesias,1988-12-17
159977,Plamen Krachunov,1989-01-11
160354,Philip Roberts,1994-04-07
160361,Sonny Stevens,1992-06-22
160839,Konstantinos Triantafyllou,1991-04-02
161093,Diego Lima,1988-09-30
162952,Gaetano Monachello,1994-03-03
163088,Simone Sbardella,1993-04-17
163597,Filippo Scaglia,1992-01-31
163683,Manuel Pucciarelli,1991-06-17
163690,Franco Signorelli,1991-01-01
163809,Oleg Bilyi,1993-05-29
164186,Nathan Ralph,1993-02-14
164277,Gen Shoji,1992-12-11
164473,Ziya Alkurt,1990-09-26
164771,Jordan Veretout,1993-03-01
165467,Stole Dimitrievski,1993-12-25
165711,Erkan Kas,1991-09-10
165900,Federico Viviani,1992-03-24
166677,Brian Oliván,1994-04-01
167189,Andreas Hirzel,1993-03-25
167265,Cameron McGeehan,1995-04-06
167556,Vladyslav Kulach,1993-05-07
168157,Leander Dendoncker,1995-04-15
168174,Jan Mertens,1995-01-12
168856,Álvaro Rey,1989-07-11
169029,Arne Naudts,1993-11-27
169681,Frederico Venâncio,1993-02-04
169687,Nikolaos Papadopoulos,1990-04-11
170238,Galip Güzel,1987-01-10
170359,Reiner Ferreira,1985-11-17
170521,Erdal Öztürk,1996-02-07
170620,Vyacheslav Karavaev,1995-05-20
170736,Josh Todd,1994-06-11
170838,Salih Ucan,1994-01-06
170929,Massadio Haidara,1992-12-02
170952,Jordan Astier,1992-04-28
171159,Leo Stulac,1994-09-26
171206,Alireza Haghighi,1988-05-02
171336,Souleymane Doukara,1991-09-29
171399,Nicola Murru,1994-12-16
172142,Hernâni,1991-08-20
173900,Hélder Costa,1994-01-12
173991,Michalis Kyrgias,1989-10-14
174094,Morgan Sanson,1994-08-18
175639,Jonathan Clauss,1992-09-25
175738,Henoc Mukendi,1993-11-20
175972,Dragos Balauru,1989-11-11
176298,Marc Fernández,1990-04-29
176341,Beykan Simsek,1995-01-01
176612,Isma Gil,1989-01-23
176860,Georgios Bountopoulos,1990-07-27
177267,Ilya Kovalenko,1990-03-20
177321,Abdul Razak,1992-11-11
177875,Marco Sellan,1994-01-02
177892,Graham Burke,1993-09-21
179350,Nii Plange,1989-06-26
179658,Luca Savelloni,1995-07-16
180181,Tracy Mpati Bibuangu,1992-03-21
180271,Nenê Bonilha,1992-02-17
181168,Danny Whitehead,1993-10-23
182891,Thomas Didillon,1995-11-28
184310,Inters Gui,1992-08-08
184921,Franck Ohandza,1991-09-28
184930,Mohammed Aliyu,1993-02-12
185031,Vasiliy Lukichev,1991-12-31
185237,Saleh Gomaa,1993-08-01
186399,Thiago Galhardo,1989-07-20
186763,Robert Mühren,1989-05-18
186926,Fankaty Dabo,1995-10-11
187203,Eric Verstappen,1994-05-19
187324,Boubacar Diallo,1995-01-01
187602,Jens Jurn Streutker,1993-02-23
187955,Domine Luyckx,1993-07-27
188650,Dmitriy Tikhiy,1992-10-29
188888,Sheraldo Becker,1995-02-09
189236,Andy Polo,1994-09-29
189410,Rodrigo Aguirre,1994-10-01
189458,Emiliano Velázquez,1994-04-30
189485,Cristian Ramírez,1994-08-12
189989,Simon Kroon,1993-06-16
190804,Uros Djurdjevic,1994-03-02
190909,Huanderson,1983-08-03
191189,Scott Brown,1994-11-25
191192,Amar Zildzovic,1990-06-29
191866,Charlie I'Anson,1993-07-01
192043,Fabian Serrarens,1991-02-09
193093,Scott Mathieson,1992-02-29
193098,Álex Moreno,1993-06-08
193515,Nabil Ghilas,1990-04-20
193584,Abdoulaye Sané,1992-10-15
193881,Jordan McGhee,1996-07-24
195051,Gianluca Gaudino,1996-11-11
195782,Felix Platte,1996-02-11
196095,Luca Waldschmidt,1996-05-19
196869,Christie Elliott,1991-05-26
197521,Vukan Savicevic,1994-01-29
197545,Ander Capa,1992-02-08
197578,Javi Montoya,1991-04-16
197693,John Swift,1995-06-23
197746,Filippo Penna,1995-03-24
197981,Pedrinho,1992-12-20
198973,Davide Cinaglia,1994-04-10
199263,David Speziale,1994-06-22
200127,Timothée Dieng,1992-04-09
202594,Alihan Idikut,1995-09-02
202659,Andrejs Ciganiks,1997-04-12
203405,Ross Stewart,1995-04-16
203470,Zana Allée,1994-03-01
203503,Romain Habran,1994-06-14
203856,Ivan Lobay,1996-05-21
203938,Branco van den Boomen,1995-07-21
204103,Adama Traoré,1996-01-25
204152,Aybars Garhan,1991-05-17
204294,Saman Ghoddos,1993-09-06
205022,Rafinha,1992-04-30
205655,Elías Már Ómarsson,1995-01-18
206740,Elton Acolatse,1995-07-25
207573,Aristotelis Karasalidis,1991-05-03
207842,Emre Can Coskun,1994-06-07
208715,Fredy Hinestroza,1990-04-05
209581,Angus Beith,1996-02-22
210825,Lasha Shergelashvili,1992-01-17
212232,Ambrosiy Chachua,1994-04-02
212415,Evans Kangwa,1992-10-09
212713,Kiko,1993-01-20
212804,Florian Tardieu,1992-04-22
213068,Baris Aysu,1992-05-10
213544,Andy Rose,1990-02-13
214219,Diacko Fofana,1994-07-29
214238,Nikita Chernov,1996-01-14
214467,Dennis Díaz,1992-08-08
214699,Guilherme Lazaroni,1992-11-18
214771,Tià Sastre,1994-06-21
215551,Hidde Jurjus,1994-02-09
216214,Sinan Kurumus,1994-08-02
216452,Joris Voest,1995-01-08
216600,Semih Ergül,1995-06-06
217285,Filip Kusic,1996-06-03
217652,Nikita Chagrov,1995-04-24
217684,Jung-bin Park,1994-02-22
221119,Cédric Gogoua,1994-07-10
222608,Hasan Ayaroglu,1995-03-22
222740,Kieran Sadlier,1994-09-14
223030,Ziga Skoflek,1994-07-22
223849,Pawel Cibicki,1994-01-09
224677,Johnny Vidales,1992-04-22
225161,Rúben Neves,1997-03-13
225335,Wallace,1994-10-14
225852,Erdi Sehit,1996-03-30
226058,Luka Bogdan,1996-03-26
226138,Mattheus,1994-07-07
227089,Matthias Köbbing,1997-05-28
228434,Jordan N'Kololo,1992-11-09
228847,Mykola Zhovtyuk,1992-05-21
228917,Jorge Miramón,1989-06-02
229604,Gerónimo Rulli,1992-05-20
230058,Ricardo Centurión,1993-01-19
230929,Azer Aliyev,1994-05-12
231165,Fotis Doumanis,1993-10-28
231221,Saad Trabelsi,1991-12-20
231712,Kenan Piric,1994-07-07
231976,Ilias El Yazidi,1994-01-17
233085,Phakamani Mngadi,1994-10-10
233782,Aïssa Laïdouni,1996-12-13
235412,Jawad El Yamiq,1992-02-29
235742,Jordy Kamba Kalonga,1993-03-18
235745,Michalis Manias,1990-02-20
235769,Jay Cheyne,1995-01-08
235779,Morgyn Neill,1996-03-10
235840,Pedro Pinto,1994-11-08
235948,Mertcan Aktas,1994-10-15
236045,Denis Bouanga,1994-11-11
236468,Artem Shabanov,1992-03-07
236541,Salim Cissé,1992-12-24
236734,Axel Werner,1996-02-28
236783,Albert Rafetraniaina,1996-09-09
237125,Famara Diédhiou,1992-12-15
237164,Ihlas Bebou,1994-04-23
237316,Armando Freitas,1992-07-24
238185,Rhys Healey,1994-12-06
238288,Danny Mullen,1995-03-01
238474,Ljuban Crepulja,1993-09-02
239234,Ilias Makryonitis,1989-04-10
240039,Dani Pinillos,1992-10-22
240640,Egemen Zengin,1996-01-01
240726,Gabriel do Carmo,1990-04-12
240822,Vincenzo Tommasone,1995-06-30
241069,Alessandro Favaro,1995-07-18
241324,Bilal Ould-Chikh,1997-07-28
241326,Moro Alhassan,1994-01-15
241365,Vangelis Tsiamis,1991-07-14
242040,Florian Loshaj,1996-08-13
242257,Davide Zuccolini,1995-02-09
242279,Oleksiy Dytyatyev,1988-11-07
242771,Martin Thomsen,1994-10-26
243302,Kosmas Tsilianidis,1994-05-09
243541,Deyverson,1991-05-08
243602,Alexandros Chintaseli,1994-02-16
243702,Ricardo Clarke,1992-09-27
243737,Roli Pereira de Sa,1996-12-10
243827,Olavale Fabunmi,1992-01-18
244266,Dylan Pooler,1997-04-23
244904,Artur Avagimyan,1997-01-16
244915,Oleksiy Zinkevych,1997-05-12
245228,Tarik Tissoudali,1993-04-02
247248,Vadim Afonin,1987-09-29
247366,Marcos Mauro,1991-01-09
247400,Will Boyle,1995-09-01
247459,Chadrac Akolo,1995-04-01
247652,Shon Weissman,1996-02-14
248219,Ogulcan Caglayan,1996-03-22
248395,Pawel Bochniewicz,1996-01-30
249068,Gabriele Rolando,1995-04-02
249102,Anton Salétros,1996-04-12
249356,Jack Stacey,1996-04-06
249570,Dries Wouters,1997-01-28
250009,Nathan Dekoke,1996-01-06
251303,Johannes Eggestein,1998-05-08
252641,Pione Sisto,1995-02-04
253765,Wesley Hoedt,1994-03-06
255450,Aleksey Miranchuk,1995-10-17
255469,Joel Andersson,1996-11-11
255473,Samuel Gustafson,1995-01-11
255532,Ibrahim Demir,1995-09-02
256013,Jean Felipe,1994-03-18
256323,Isaia Bertolacci,1996-05-17
256652,Adnan Maric,1997-02-17
257293,Jonny Maddison,1994-09-04
257376,Domingos Duarte,1995-03-10
257558,Alhaji Gero,1993-10-10
257579,Panagiotis Simitsis,1993-12-13
257676,Imanol Iriberri,1987-03-04
257791,Cantug Temel,1994-06-10
258039,Aurélio Buta,1997-02-10
258199,Ethan Robson,1996-10-25
258353,Abdelhak Nouri,1997-04-02
258624,Euller,1995-01-04
258745,Rui Correia,1990-08-23
258923,Marcus Rashford,1997-10-31
259930,Gabriel Fernández,1994-05-13
260063,Panagiotis Sampanidis,1993-08-09
260160,Ári Mohr Jónsson,1994-07-22
260662,Óscar Whalley,1994-03-29
262391,Lluís López,1997-03-05
262554,Clifford Aboagye,1995-02-11
263183,Roger Assalé,1993-11-13
263217,Ruslan Kisil,1991-10-23
263236,Kevin Danso,1998-09-19
263856,Víctor Camarasa,1994-05-28
264206,Jake Mulraney,1996-04-05
264220,Reece Burke,1996-09-02
264567,Baptiste Guillaume,1995-06-16
265033,Nikolas Ioannou,1995-11-10
266340,Nuru Suley,1992-06-11
266414,Lars Nieuwpoort,1994-10-29
268642,Renzo Saravia,1993-06-16
269365,Oleksiy Zozulya,1992-04-15
269674,Erdem Kökcam,1990-09-02
269766,Jonah Osabutey,1998-10-08
269927,Jucie Lupeta,1993-03-24
270191,Lucão,1996-03-23
270905,Filip Dagerstal,1997-02-01
270930,Mateo Muzek,1995-04-29
270959,Henrique Dourado,1989-09-15
271432,Sergiy Kurta,1993-06-30
271490,Ivan Maksimov,1995-06-11
271514,Dmytro Ulyanov,1993-12-01
272539,David Bates,1996-10-05
272624,David Faupala,1997-02-11
272776,Maksym Banasevych,1995-01-31
273031,Koen Muller,1996-01-12
273131,Francesco Giorno,1993-10-11
273597,Ángel Galván,1993-04-16
273773,Jonathan Benteke,1995-04-28
274989,Constantin Frommann,1998-05-27
275683,Melih Kabasakal,1996-02-18
275935,Dorukhan Toköz,1996-05-21
277137,Renato Tapia,1995-07-28
277167,Gian Marco Ferrari,1992-05-15
277607,Martin Fraisl,1993-05-10
278938,Norbert Alblas,1994-12-12
278940,Murat Can Bölükbasi,1993-08-20
279343,Ilya Sukhoruchenko,1998-02-23
279570,Daler Kuzyaev,1993-01-15
281252,Mads Thychosen,1997-06-27
282694,Augusto Solari,1992-01-03
282783,Fred Friday,1995-05-22
282810,Carles Pérez,1998-02-16
284604,Mattia Finotto,1992-12-28
284870,Peu,1993-04-24
285548,Fabián Balbuena,1991-08-23
285951,Nathan de Medina,1997-10-08
285957,Alex Felip,1992-04-03
286168,Mehdi Akgül,1996-02-06
286943,Pierluigi Ferrari,1996-02-12
287367,Luca Vignali,1996-01-11
287737,Tiziano Tulissi,1997-07-22
287925,Onur Atasayar,1995-01-01
289060,Oleg Mozil,1996-04-07
289225,Samad Mouhammadou,1995-01-13
289651,Jamal Amofa,1998-11-25
289845,Matty Willock,1996-08-20
290088,Fabian Ehmann,1998-08-28
290256,Xeka,1994-11-10
290716,Nicolò Gigli,1996-01-11
291039,Quique Fornos,1997-01-01
291324,Jimmy,1994-07-15
291402,Pité,1994-08-22
292402,Cristiano Gomes,1994-08-05
292719,Lamine Bá,1994-04-04
292835,Dmitriy Kamenshchikov,1998-08-27
293316,Agon Mucolli,1998-09-26
293513,Zeki Sinanoglu,1993-09-16
293750,Lewis Moore,1998-06-04
293829,Maksim Osipenko,1994-05-16
294525,Otabek Shukurov,1996-06-22
295169,Hugo Seco,1988-06-17
295313,Taiwo Awoniyi,1997-08-12
295393,Manolis Fazos,1995-08-12
296366,Oleksiy Gutsulyak,1997-12-25
296622,Marco Asensio,1996-01-21
297007,Dmytro Klochko,1994-01-01
297646,Alessandro Mattioli,1998-02-13
297752,Nikolay Zolotov,1994-11-11
298983,Javi Ontiveros,1997-09-09
300159,Dmitriy Novak,1996-02-25
303116,Gaetano Castrovilli,1997-02-17
303259,Dodi Lukébakio,1997-09-24
303406,Joris Correa,1993-12-25
303415,Yannick Togande,1994-05-09
305425,Guima,1995-11-14
307497,Matt Clarke,1996-09-22
308439,Patrick Berg,1997-11-24
308622,Hamza Sanhaji,1994-04-22
309110,Brais Méndez,1997-01-07
310565,Angelos Giazitzoglou,1995-10-06
311440,Gorka Zabarte,1999-01-09
312895,Aleks Matsukatov,1999-01-11
313719,George Oakley,1995-11-18
313944,Aslak Witry,1996-03-10
313968,Rivaldinho,1995-04-29
314381,Adam Phillips,1998-01-15
314863,Muammer Atalay,1995-03-12
315095,Abou Kanté,1994-08-11
315110,Karl Toko Ekambi,1992-09-14
315130,Rashaan Fernandes,1998-07-29
315557,Timur Zhamaletdinov,1997-05-21
315965,Sam Dryden,1996-09-12
316422,Dion Cools,1996-06-04
317086,Enes Fidayeo,1997-03-01
317467,Lovro Cvek,1995-07-06
318204,David Raum,1998-04-22
318435,Ivan Lapshov,1999-05-01
318482,Mikhail Yakovlev,1999-03-04
319724,Utku Türk,1997-01-20
320220,Noor Husin,1997-03-03
320871,Rok Vodisek,1998-12-05
321099,Chinedu Ekene,1999-07-09
322873,Irfan Can Egribayat,1998-06-30
323713,Alexis De Sart,1996-11-12
324358,Ollie Watkins,1995-12-30
324727,Rayan Souici,1998-02-28
325223,Mama Baldé,1995-11-06
325514,Vasiliy Aleynikov,1995-05-15
326300,Jeff Reine-Adélaïde,1998-01-17
326564,Yahya Boumediene,1990-05-23
326585,Jamie Robson,1997-12-19
326997,Jafar Arias,1995-06-16
328455,Juriën Gaari,1993-12-23
328791,Miguel Blanco-Lopez,
329493,Jesse van Bezooijen,1994-04-28
329723,Gil Dias,1996-09-28
330172,Lewis Allan,1996-10-25
330806,Ismail Cokcalis,2000-06-21
331672,Fiorin Durmishaj,1996-11-14
331779,Kristian Pedersen,1994-08-04
332220,Iago Santos,1992-05-22
332377,Henri Weigelt,1998-01-17
333516,Sebastian Vasiliadis,1997-10-04
333647,Jonathan Burkardt,2000-07-11
334728,Danilo Mariotto,1996-01-15
334964,Jorge Grant,1994-12-19
335547,Scott Lochhead,1997-01-23
336125,Mërgim Vojvoda,1995-02-01
336207,Shaquile Woudstra,1997-02-26
336701,Valkenedy,1993-06-13
336756,Miguel Silva,1995-04-07
337390,Tommaso Tentoni,1997-06-10
337673,Julian Lelieveld,1997-11-24
337922,Esteban Burgos,1992-01-09
338200,Denizhan Deniz,1998-07-27
338286,Hodei Oleaga,1996-12-29
338422,Feyzi Yildirim,1996-01-23
338817,Indy Boonen,1999-01-04
339238,Harvey St Clair,1998-11-13
339707,Cristo González,1997-10-24
339727,Jakov Filipovic,1992-10-17
340660,Lorenzo Vasco,1997-06-19
340870,Jacobo González,1997-03-25
340961,Dogan Can Davas,1997-08-22
340970,Omar El Baad,1996-02-01
341054,Simone Franchini,1998-03-30
341438,Mark Sifneos,1996-11-24
342168,Stathis Lamprou,1998-09-20
342531,Rohan Ferguson,1997-12-06
342719,Bart Meijers,1997-01-10
342877,Enzo Ebosse,1999-03-11
343504,Guido Vadalá,1997-02-08
344107,Jamie McGrath,1996-09-30
344541,Zé Pedro,1997-01-12
344806,Lubomir Tupta,1998-03-27
344869,Simon Banza,1996-08-13
344905,Kyle Gourlay,1998-09-24
345195,Vato Arveladze,1998-03-04
345575,Casper Hauervig,1999-04-03
347382,Gustavo Dulanto,1995-05-09
347439,Jack McKay,1996-11-19
347481,Adam Lewis,1999-11-08
347610,Aleksandr Leykin,1987-04-15
347656,Antonio Di Nardo,1998-09-30
348082,Michiel Jaeken,1995-10-03
348088,Alen Saric-Hodzic,1997-12-02
348532,Georgios Xenitidis,1999-09-04
348756,Leonardo Lopes,1998-11-30
350398,Abdulrahman Taiwo,1998-08-05
351602,Cameron Blues,1998-04-13
351792,David Tijanic,1997-07-16
351808,Rúben Dionísio,1995-07-07
353399,Romain Del Castillo,1996-03-29
353609,Titas Krapikas,1999-01-03
353839,Óscar Barros,1997-06-16
353932,Julien Benhaim,1996-10-25
353935,Edgar Alexandre,1996-11-24
354340,Rick van Drongelen,1998-12-20
354463,Giannis Thymianidis,1995-03-13
354464,Nugzar Muzashvili,1996-07-07
355130,Mykhaylo Ryashko,1996-05-11
355651,Marijan Cabraja,1997-02-25
356118,Suleiman Abdullahi,1996-12-10
356120,Dapo Kayode,1992-09-30
356537,Levi Opdam,1996-05-03
357117,Alban Lafont,1999-01-23
357158,Rúben Vinagre,1999-04-09
357788,Rogério Santos,1999-03-29
358001,Eric Lirussi,2001-05-01
358767,Ferhat Canli,1997-05-11
359678,Ernest Antwi,1995-09-09
360754,Nikita Vorona,1995-07-08
361262,Ercan Sirin,2000-02-08
362291,William Togui,1996-08-07
362667,Mateo Cassierra,1997-04-13
363063,Oleksiy Kovtun,1995-02-05
363541,Samuel Pérez,1997-04-26
364234,Pape Abou Cissé,1995-09-14
364246,Nicky Souren,1999-12-18
364828,Elliot Embleton,1999-04-02
365394,In-beom Hwang,1996-09-20
366450,Iury Castilho,1995-09-06
366751,Kirill Kolesnichenko,2000-01-31
368891,Arthur Theate,2000-05-25
369653,Daleho Irandust,1998-06-04
371158,Nikolaos Mallis,1996-03-01
371869,Sebastian Sommer,1996-04-08
372134,Pietro Cavagnaro,1998-04-20
372246,Carlos Soler,1997-01-02
372450,Bernardo Morgado,1998-03-24
372711,Amine Harit,1997-06-18
372730,Jimmy Marín,1997-10-08
373300,Cryzan,1996-07-07
375382,André Almeida,2000-05-30
375656,Dmytro Bulyga,1995-01-16
376856,Charlie Goode,1995-08-03
378630,Mathias Serin,1991-08-01
379377,Kalindi,1993-08-29
380019,Vladimir Sugrobov,1996-09-10
380301,Mathaus,1990-11-28
380433,Miguel Cobos Copado,1996-07-31
381206,Adrián Riera,1996-04-19
381273,Andriy Dombrovskyi,1995-08-12
381362,Wesley Moraes,1996-11-24
381724,Victor Sá,1994-03-27
383229,Mykola Musolitin,1999-01-21
384667,Kévin Zinga,1997-05-01
385918,Aiden O'Neill,1998-07-04
386567,Leonardo Loria,1999-03-28
387106,Lovro Majer,1998-01-17
388026,Niclas Stierlin,2000-01-22
388121,Karlo Butic,1998-08-21
388542,Arnau Comas,2000-04-11
390130,Dimitrios Kasotakis,1996-09-21
390725,Andrea Masetti,1998-03-20
391278,Muammer Sarikaya,1998-02-09
391346,Julio Gracia,1998-02-10
391406,Andrea Romagnoli,1998-07-29
391421,Cassio Cardoselli,1998-07-26
391720,Igor Silva,1996-08-21
391921,Namakoro Diallo,1996-03-29
391933,Giorgio Spizzichino,1999-08-10
392550,Piermarco D'Angelo,1999-10-25
392577,Matteo Rover,1999-02-20
392770,Angel Gomes,2000-08-31
392774,Kane Wilson,2000-03-11
393304,Maurice Opfermann Arcones,2000-06-16
393493,Ali Samake,2000-01-30
393607,Filippo Oliana,1999-06-30
393753,Egli Kaja,1997-07-26
394300,Davide Frattesi,1999-09-22
394304,Manolo Portanova,2000-06-02
394352,Massimo Bertagnoli,1999-02-26
394688,Hakon Evjen,2000-02-14
395075,Davide Borsellini,1999-01-04
395086,Emanuele Monari,1998-05-05
395163,Butta Magomedov,1997-12-25
395626,Giannis Angelopoulos,1998-04-03
396106,Thomas Kok,1998-05-15
396115,Eliseo Falcón,1997-02-11
396561,Max Anderson,2001-05-17
396583,Mário Évora,1999-01-28
396638,Manor Solomon,1999-07-24
396682,Luca Gagliano,2000-07-14
396859,Jamie Cumming,1999-09-04
396861,Richard Nartey,1998-09-06
397030,Stanislav Krapukhin,1998-03-28
397225,Alessandro Zanoli,2000-10-03
398847,Sergey Zabrodin,1998-02-25
399158,Jordan Holmes,1997-05-08
399780,Darío Poveda,1997-03-13
400541,Nikolaj Leth,2000-04-21
401323,Aidan Keena,1999-04-25
401529,Dodô,1998-11-17
401987,Siaka Bagayoko,1998-07-04
402193,Kwang-song Han,1998-09-11
403800,Job Schuurman,1999-06-12
404838,Vladyslav Kucheruk,1999-02-14
405674,Antonis Aidonis,2001-05-22
405686,Reda Khadra,2001-07-04
406091,Boyd Lucassen,1998-07-01
406694,Jamie Brandon,1998-02-05
406727,Lewis Muir,2000-01-07
406736,Andy Dallas,1999-07-22
407907,Gelson Dala,1996-07-13
408839,Emmanuel Sowah Adjei,1998-01-16
409533,Nick Shinton,2001-05-10
410226,Momo Mbaye,1997-10-13
410436,Bailey Peacock-Farrell,1996-10-29
410781,Maksim Edapin,2000-04-03
411661,Fernando Medeiros,1996-02-10
412951,Lorenzo van Kleef,2001-01-26
413247,Anton Googe,1998-07-23
413262,Dani Raba,1995-10-29
413459,Eris Abedini,1998-08-29
415454,Keba Coly,1998-02-20
415918,Stathis Vasiloudis,1996-02-23
416472,Giannis Nikopolidis,2000-12-08
416622,Jordan Green,1995-02-22
418560,Erling Haaland,2000-07-21
418659,Amine Gouiri,2000-02-16
418660,Lenny Pintor,2000-08-05
419458,Diga,1998-03-30
419930,Jack Simpson,1996-12-18
420002,Jean-Philippe Mateta,1997-06-28
421045,Ivan Lomaev,1999-01-21
421764,Matteo Cardinali,2001-06-28
421873,Elia Caprile,2001-08-25
421935,Maycon,1997-07-15
423197,Allan Sousa,1997-01-27
424008,Ben Williamson,2001-08-07
424143,Tijs te Duits,1999-02-27
425462,Felipe Vizeu,1997-03-12
425516,Ruslan Navletov,1993-12-10
425571,Carlos González,1997-05-20
425865,Callum Lang,1998-09-08
428119,Rezo Gavtadze,1995-07-11
428189,Tomás Ostrák,2000-02-05
428783,Vitão,2000-02-02
429243,Stefan Sapic,1997-02-26
429309,Jordan Holsgrove,1999-09-10
429787,Armin Djerlek,2000-07-15
430034,Nicholas Mickelson,1999-07-24
430146,Kerr Waddell,1998-06-14
430311,Chris Hamilton,2001-07-13
430484,Vladimir Khubulov,2001-03-02
430489,Dmitriy Markitesov,2001-03-22
432254,Brendon Lucas,1995-05-20
432783,Edu Ferreira,1997-04-23
433184,Rayhaan Tulloch,2001-01-20
433600,Jacob Vetter,1998-08-05
436916,Giannis Kotsiras,1992-12-16
439497,Liam Scales,1998-08-08
440878,Matteo Rossetti,1998-07-23
440953,Antoine Colassin,2001-02-26
441264,Julián Illanes,1997-03-10
441385,Gonzalo Maroni,1999-03-18
443322,Erik Nissen,1997-02-05
443764,Matheus Storck,1999-02-08
443899,Clément Cabaton,1996-06-06
444064,Henk van Schaik,1998-01-20
447217,Valentin Vanbaleghem,1996-10-09
447507,Rodrigo Alírio,1998-05-21
449345,David Davidyan,1997-12-14
450956,Jamie Semple,2001-05-17
452211,Gökay Güney,1999-05-19
454286,Emiliano Bullari,2001-04-06
454851,Emre Saglik,1997-09-14
454972,Mahmut Nigiz,1998-04-02
455348,Víctor San Bartolomé,1999-10-26
455691,Nikolaos Manias,1999-08-11
456650,Vincenzo Pinto,2000-10-31
456877,Rekeem Harper,2000-03-08
457068,Dion van Horne,1999-02-02
457090,Stan van Dijck,2000-10-07
457129,Ben Hinchliffe,1997-09-25
459890,Maj Roric,2000-02-07
461595,Théo Ndicka Matam,2000-04-20
461631,Juan Carlos Arana,2000-02-08
461882,Khanya Leshabela,1999-09-18
462348,Mostafa Mohamed,1997-11-28
462784,Jourdain Assen,1997-11-16
462809,Christian Rutjens,1998-01-05
462857,Alexandros Doris,1998-07-10
463610,Loïc Mbe Soh,2001-06-13
463665,Oumar Solet,2000-02-07
464983,Jonas Dakir,1997-04-18
465279,Marco Ballarini,2001-03-28
465408,Nuraly Alip,1999-12-22
465967,Ander Guevara,1997-07-07
466805,Nico González,2002-01-03
467545,Matthew Nogueira,1998-03-18
468272,Gustavo Cascardo,1997-03-24
468929,Lemouya Goudiaby,1997-01-09
469050,Nathan Collins,2001-04-30
469781,Marcos Senesi,1997-05-10
469858,Ulysses Llanez,2001-04-02
470796,Boris Popovic,2000-02-26
471368,Alfie McCalmont,2000-03-25
471890,Max Geschwill,2001-07-07
473891,Delio Palmieri,2000-08-26
474701,Crysencio Summerville,2001-10-30
478426,Genís Montolio,1996-07-23
479431,Jethro Mashart,2000-05-08
479638,Tiago Gouveia,2001-06-18
479640,Edu,2001-01-14
482072,Kévin Denkey,2000-11-30
482141,Mike Eerdhuijzen,2000-07-13
483348,Djed Spence,2000-08-09
340174,Yarno De Nayer,1999-06-04
342820,Rubin Hebaj,1998-07-30
345842,Tim Brinkman,1997-03-22
346853,Romano Schmid,2000-01-27
347204,Nuno Tomás,1995-09-15
347623,Luca Polizzi,1996-05-28
355689,Sory Kaba,1995-07-28
375770,Gabriel Souza,1997-01-01
378710,Richarlison,1997-05-10
379961,Jan-Luca Rumpf,1999-07-08
383109,Przemyslaw Placheta,1998-03-23
387944,Mohamed Réda Halaïmia,1996-08-28
387966,Ahmet Taner Cukadar,1998-08-04
392775,Ryan Sessegnon,2000-05-18
394236,Filip Ugrinic,1999-01-05
395295,Edgaras Dubickas,1998-07-09
396077,Maarten Paes,1998-05-14
398675,Mykola Kvasnyi,1995-01-04
399136,Giray Aydin,1997-08-29
399360,Anastasios Karagiozis,1997-06-20
406607,Elias Oubella,2001-05-24
420187,Nick Venema,1999-04-09
433049,Youssef En-Nesyri,1997-06-01
433358,Tomás Ribeiro,1999-04-30
441422,Maximiliano Lovera,1999-03-09
452619,Kyan van Dorp,2000-05-17
455069,Joachim Rothmann,2000-06-29
461959,Douglas Aurélio,1999-03-27
462839,Oliver Rimmen,2001-05-07
465717,Jayden Bogle,2000-07-27
470815,Niklas Tauer,2001-02-17
477182,Sergiy Ichanskyi,1995-09-01
484390,Tom Allan,1999-09-23
497663,Mujaid Sadick,2000-03-14
504051,Jamie Bowden,2001-07-09
513963,Taylor Booth,2001-05-31
517724,Alexander Jensen,2000-04-08
531338,Scotty Sadzoute,1998-04-29
536030,Arnau Puigmal,2001-01-10
538927,Aron Timmerman,2000-05-22
540687,Zak Swanson,2000-09-28
552655,Troy Parrott,2002-02-04
555146,Vladislav Torop,2003-11-07
559263,Fábio Carvalho,2002-08-30
564453,Emeka Nnamani,2001-11-04
565899,Nicolás Castro,2000-11-01
567576,Elliot Anderson,2002-11-06
608739,Sofiane Sidi Ali,1995-07-14
621993,Andrew Omobamidele,2002-06-23
633659,Matthew Craig,2003-04-16
646948,Cengiz Demir,2001-04-18
654982,Bilal El Khannouss,2004-05-10
655987,James Balagizi,2003-09-20
656130,Adam Vendelbo,2003-02-20
670096,Tanner Tessmann,2001-09-24
683571,Tolu Arokodare,2000-11-23
685679,Gustav Mortensen,2004-03-19
685735,Vadim Milyutin,2002-04-08
696764,Abu Kamara,2003-07-21
701508,Gökdeniz Kursunoglu,2002-02-08
711575,Pavlos Logaras,2002-06-18
712086,Toon Raemaekers,2000-09-09
741015,Gabriel Canela,2000-01-22
741238,Omari Hutchinson,2003-10-29
791528,Telmo Arcanjo,2001-06-21
810570,Timofey Shipunov,2003-07-20
817676,Geovani,2001-05-15
834397,Mike Penders,2005-07-31
857694,Berkay Erkul,2003-02-14
865414,Kirill Glebov,2005-11-10
874711,Osman Güleryüz,2003-01-02
916954,Rafael Alcobia,2003-06-22
1277,Clemens Fritz,1980-12-07
3890,Eduardo,1980-08-05
4377,Thomas Buffel,1981-02-19
5687,Rudy Riou,1980-01-22
5879,Adrian Mutu,1979-01-08
6917,Ibrahima Yattara,1980-06-03
7194,Murat Erdogan,1976-08-01
8245,Lance Davids,1985-04-11
10139,Güven Varol,1981-06-02
13052,Kris De Wree,1981-05-21
15570,Igor Akinfeev,1986-04-08
15885,Kostadin Hazurov,1985-08-05
16743,Daniel Brückner,1981-02-14
17029,Michael Gspurning,1981-05-02
20586,Urby Emanuelson,1986-06-16
21750,Mark González,1984-07-10
25732,Dmytro Chygrynskyi,1986-11-07
26633,Ali Al-Habsi,1981-12-30
32618,Assani Lukimya,1986-01-25
33484,Leon Barnett,1985-11-30
33706,Nani,1986-11-17
35748,Dennis Oliech,1985-02-02
36207,Fin Bartels,1987-02-07
36859,Leon Clarke,1985-02-10
36911,Fabrice Begeorgi,1987-04-20
37481,Ahmed Abou-Mosalem,1981-07-26
38399,Flavien Le Postollec,1984-02-19
41164,Thomas Villadsen,1984-09-04
41369,Erik Jendrisek,1986-10-26
44432,Adrian Ropotan,1986-05-08
45371,Celestino,1987-01-02
48081,Christian Strohdiek,1988-01-22
51224,Daylon Claasen,1990-01-28
51536,Albert Crusat,1982-05-13
52903,Nicolás Bertolo,1986-01-02
53543,Mesut Caytemel,1984-04-24
54818,Egidio Arévalo Ríos,1982-01-01
56216,Max Wegner,1989-03-24
59083,Oleg Barannik,1992-03-20
60132,Nemanja Obradovic,1989-05-29
60444,Thiago,1991-04-11
66319,Ammar Jemal,1987-04-20
66410,Anthony Scribe,1988-01-01
67067,Konstantinos Kaznaferis,1987-06-22
74088,Declan Rudd,1991-01-16
82377,Dodo Elgabas,1988-01-01
82471,Iker Guarrotxena,1992-12-06
85896,Insa Sylla,1993-09-25
86502,Ivan Kryvosheenko,1984-05-11
89473,Nacho Cases,1987-12-22
93763,Alexander Schwolow,1992-06-02
97925,Munir,1989-05-10
99116,Daniel Segev Jörgensen,1991-02-04
104946,Ouka,1984-03-13
105456,Fernando,1992-03-03
110082,Darren Keet,1989-08-05
116088,Marius Bülter,1993-03-29
116302,Edgar Malakyan,1990-09-22
119081,Joris Sainati,1988-09-25
122383,Kawin Thamsatchanan,1990-01-26
122704,Zak Ansah,1994-05-04
124668,Pica,1986-04-08
125103,Marvin Ducksch,1994-03-07
128909,Jack Robinson,1993-09-01
129248,Stefan Popescu,1993-05-05
139535,Ignacio Lores Varela,1991-04-26
140579,Josip Drmic,1992-08-08
147359,Jeremy Dudziak,1995-08-28
148354,Nicolai Johannesen,1994-05-22
151471,David Wijns,1987-01-09
152752,Nicolas Delporte,1993-01-01
161060,Streli Mamba,1994-06-17
162061,Nando Quesada,1994-01-05
172066,João Reis,1992-06-24
184381,Shani Tarashaj,1995-02-07
187295,Cas Peters,1993-05-13
187908,Hugo Sousa,1992-06-04
188338,Luka Djordjevic,1994-07-09
190222,Sander van de Streek,1993-03-24
192765,Ben Davies,1993-04-24
197491,Alex Ferrari,1994-07-01
199921,Davide Petermann,1994-12-25
201637,Henk Bos,1992-11-12
203986,Erten Ersu,1994-04-21
204354,Adam Campbell,1995-01-01
213048,Tin Karamatic,1993-03-01
214493,Joey Belterman,1993-08-18
224672,Sergio Peña,1995-09-28
225693,Fabinho,1993-10-23
226049,Freddie Woodman,1997-03-04
226974,Andy Robinson,1992-10-16
230985,Simen Jukleröd,1994-05-18
232964,Emiliano Marcondes,1995-03-09
240262,Tomislav Strkalj,1996-08-02
252688,Carlos Selfa,1992-04-25
252755,Richairo Zivkovic,1996-09-05
257369,Guilherme Oliveira,1995-04-12
257671,Fábio Santos,1994-05-04
258018,Pêpê,1997-05-20
258885,Max Lowe,1997-05-11
261357,Cameron Brannagan,1996-05-09
262608,Adama Traoré,1995-06-28
265396,Pepe,1988-03-04
265551,Jeppe Svenningsen,1994-10-14
267016,Okan Cincil,1993-04-03
271505,Aleksandr Semyachkin,1992-07-25
272816,Yuriy Glushchuk,1995-01-16
273437,Stephen Warmolts,1994-04-10
276287,Noël Goossens,1994-06-17
283193,Rezan Corlu,1997-08-07
287015,Olivier Thill,1996-12-17
288924,Gökhan Karadeniz,1990-05-02
292733,Ícaro,1989-04-16
303939,Ahmed El Messaoudi,1995-08-03
308267,Mouad Tauil,1995-01-23
315140,Joey Konings,1998-04-21
316406,Olivier Myny,1994-11-10
325454,Franco Romero,1995-02-11
330030,Nailson,1994-02-24
330269,Marcel Benger,1998-07-02
334429,Astemir Gordyushenko,1997-03-30
334495,Jan Van den Bergh,1994-10-02
336960,Giuseppe Pezzella,1997-11-29
338101,Mouhamadou Sarr,1997-01-05
340065,Yoan Severin,1997-01-24
340707,Leonardo Sernicola,1997-07-30
341043,Harry Lewis,1997-12-20
346018,Jamal Lewis,1998-01-25
351955,Federico Baschirotto,1996-09-20
354772,Michaell Chirinos,1995-06-17
356024,Rubilio Castillo,1991-11-26
357119,Ibrahima Konaté,1999-05-25
357148,Diogo Queirós,1999-01-05
357397,Kazaiah Sterling,1998-11-09
362842,Arthur Melo,1996-08-12
363065,Maksym Averyanov,1997-07-22
371856,Vanja Drkusic,1999-10-30
375004,Issahaku Yakubu,1994-06-17
382903,Sergiy Kernozhytskyi,1997-06-23
392514,Gennaro Ruggiero,2000-02-04
392516,Antonino Gallo,2000-01-05
393804,Sofian Kiyine,1997-10-02
395421,Peter Vindahl Jensen,1998-02-16
401736,Yaya Sithole,1999-03-03
405692,Erkan Eyibil,2001-06-15
406766,Bruno Rodrigues,1997-03-07
413688,Akmal Bakhtiyarov,1998-06-02
420179,Gianluca Saro,2000-06-25
422939,Frederik Christensen,2000-01-19
424784,Luis Suárez,1997-12-02
428016,Brandon Austin,1999-01-08
428603,Bogdan Kushnirenko,1995-11-02
432680,Pieter De Smet,1998-02-12
461496,Morten Hjulmand,1999-06-25
462738,Naoufel Khacef,1997-10-27
462838,Oliver Villadsen,2001-11-16
472246,Mika Schroers,2002-02-04
484466,Aleksandr Bukachev,1996-03-07
485964,Isaac Matondo,1999-03-24
487828,Manuel Gasparini,2002-05-19
487924,Jan Zamburek,2001-02-13
490415,Souleymane Aw,1999-04-05
490426,Krépin Diatta,1999-02-25
490495,Eduardo Fereira,2000-09-29
490514,Mathias Francotte,1998-05-28
491589,Roberto Fernández,2000-06-07
492627,Marco Frigerio,2001-07-16
494283,Enrico Dueñas,2001-02-23
494667,Anil Basaran,2000-03-27
495752,Taichi Hara,1999-05-05
495845,Idris Umaev,1999-01-15
496036,Artem Kozlov,1997-02-10
497222,Oleg Veremiyenko,1999-02-13
498237,David Carmo,1999-07-19
498529,Miguel Crespo,1996-09-11
500191,Pepe Sánchez,2000-03-02
500689,Evann Guessand,2001-07-01
501249,Ilya Levchenkov,2002-02-13
501775,Stepan Surikov,2002-01-30
502268,Andi Koshi,2001-02-17
503680,Neco Williams,2001-04-13
503858,Antef Tsoungui,2002-12-30
503997,Georgi Kyurdzhiev,1999-01-12
504085,Tomás Esteves,2002-04-03
504542,Henry Wise,2000-01-01
504581,Ryan Giles,2000-01-26
504966,Mason Barrett,1999-09-24
506213,Joy Mukena,1999-07-03
506941,David Flakus Bosilj,2002-02-01
508941,Dylan Chambost,1997-08-19
509248,Dean Ritchie,2001-01-05
511115,Suat Kaya,1999-04-15
511422,William Möller,1998-03-10
511669,Stanislav Bilenkyi,1998-08-22
512344,Jandrei,1993-03-01
513031,Antonio Sánchez,1997-04-22
514290,Toshio Lake,2001-03-26
514889,Frederik Christensen,2002-06-07
515016,Mikkel Lassen,2001-06-19
515506,Aleksandr Dolgov,1998-09-24
517705,Manuel Namora,1998-02-12
517861,Vangelis Plevrakis,1998-04-04
519651,Zakaria Eddahchouri,2000-05-11
520456,Wesley Dias,1995-06-22
520785,David Wilson,2001-03-05
521234,Maximiliano Villa,1997-03-03
522077,Georg Strauch,2001-03-30
523529,Bruno Morais,1998-04-08
524136,Ilya Tymoshenko,1999-03-07
524687,Saïd Bakari,1994-09-22
524923,Mohammad Reza Azadi,1999-12-07
524941,Imran Alsultanov,1999-01-23
525990,Tobias Klysner,2001-07-03
526422,Makan Macalou,1996-02-07
527896,Oliver Antman,2001-08-15
528235,Dmitriy Molchanov,2000-10-01
529646,Patrick,1998-11-23
530801,Furkan Yildirim,1998-01-11
531305,Pablo Muñoz,1999-12-19
531712,Youri Schoonderwaldt,2000-03-13
531916,Pedro Henrique,1996-11-08
532444,Fotis Ioannidis,2000-01-10
532775,Melvin Bard,2000-11-06
533806,Vincenzo Mustacciolo,2000-07-19
535741,Robin Mantel,2000-11-15
536152,Gonzalo Pereira,1997-02-14
536520,Ruben Providence,2001-07-07
537171,Semuel Pizzignacco,2001-09-01
537956,Panagiotis Tsagalidis,2001-03-05
539065,Alexis Beka Beka,2001-03-29
539151,Elikia Mbinga,2001-03-08
539425,Valentyn Morgun,2001-08-10
540677,Steven Ako,1999-03-14
541646,Diego Barri,1995-09-19
547924,Apostolos Stamatelopoulos,1999-04-09
548128,Giacomo D'Asaro,2003-04-12
548185,Arian Kastrati,2001-07-15
549069,Diego Altube,2000-02-22
549354,Ryan Strain,1997-04-02
550323,Nazar Yedynak,1998-04-03
550492,Giorgi Gagua,2001-10-10
551695,Lassina Traoré,2001-01-12
553512,Riccardo Boscolo Chio,2002-07-06
554250,Morgan Boyes,2001-04-22
555076,Romain Faivre,1998-07-14
559328,Emanuel Emegha,2003-02-03
560903,Patrick William,1997-06-03
562387,Chris Mueller,1996-08-29
563140,Vincenzo Cozzella,2001-12-21
564620,Samir Lagsir,2003-05-20
565093,Bart Verbruggen,2002-08-18
565232,André Silva,1997-06-03
565435,Arne Engels,2003-09-08
566349,Matty Daly,2001-03-10
567118,Jamie Hamilton,2002-03-01
567664,Nuh Naci Kirlankicoglu,1997-01-01
569033,Armindo Sieb,2003-02-17
569056,Jean-Morel Poé,1996-12-15
569365,Soudeysse Kari,2002-02-07
569385,Adil Aouchiche,2002-07-15
570538,Inal Chertkoev,1999-10-08
574455,Petro Dolgov,2000-06-29
577869,Raúl García,2000-01-27
578539,Chris Richards,2000-03-28
579284,Joe Mendes,2002-12-31
579950,Owen van der Vlag,2003-10-02
580715,Maxime Sivis,1998-04-01
581780,Adrián Sahibeddine,1994-08-09
583920,Siebe Wylin,2003-05-27
584087,Roni Arabaci,2001-02-14
584231,Egor Teslenko,2001-01-31
585323,Filip Jörgensen,2002-04-16
586232,Dimitrios Pinakas,2001-09-01
586541,Spyros Georgousis,1999-07-24
588649,Robin Öström,2002-08-09
588853,Mark Rasmussen,2001-02-16
591197,Bastian Badu,2000-02-02
591600,Kostyantyn Gramatik,2000-05-21
591949,Aaron Hickey,2002-06-10
593319,Herman Moussaki,1999-02-10
594561,Dudu,1999-08-10
596097,Alexandros Chalatsis,2000-06-16
596182,Sam Tel,2002-01-02
597000,Eric Martel,2002-04-29
597106,Luiz Gustavo,1999-09-02
598377,Diogo Rodrigues,1999-08-23
598629,Bruno Duarte,1996-03-24
600003,Dmytro Kasimov,1999-08-14
600464,David Kobesov,2000-01-06
600936,Luca Moro,2001-01-25
601856,Bogdan Reichmen,2002-05-26
603676,Leonardo Pezzola,2002-03-17
605225,Christalino Atemona,2002-04-26
606526,Nikolay Titkov,2000-08-18
606849,Makhtar Gueye,1997-12-04
607201,Koray Kilinc,2000-03-04
607720,Jonas Urbig,2003-08-08
607779,Sergio Moreno,1999-01-01
609692,Bilal Benkhedim,2001-04-20
610439,Philip Banda,2003-05-16
610440,Valdemar Lund,2003-05-28
610649,Ryan Alebiosu,2001-12-17
611651,Giovanni McGregor,1999-01-09
612814,Olaf Kok,2002-01-16
612857,Michalis Spiridakis,2001-04-23
613129,Christian Aucelli,2002-06-14
614157,Kelvin Boateng,2000-03-24
614603,Chem Campbell,2002-12-30
616890,Emirhan Aydin,1999-06-18
616891,Ahmet Demirli,2000-08-07
616894,Eren Elmali,2000-07-07
617018,Marko Stamenic,2002-02-19
618341,Mario Gila,2000-08-29
618350,Dion Beljo,2002-03-01
619736,Rick Zuijderwijk,2001-04-13
621152,Valentin Prilepin,1999-11-23
621554,Michele Bragantini,2001-05-14
622067,Enes Karakus,2001-01-03
622801,Flavio Paoletti,2003-01-16
622988,Fran Pérez,2002-09-09
623305,Dmitriy Makovskiy,2000-03-18
623322,Mykhaylo Rudavskyi,2001-05-26
626907,Billal Chibani,1998-10-15
627227,Peglow,2002-01-07
628332,Athanasios Stojnovic,2003-02-17
628569,Roman Tolochko,1998-10-25
629020,Manu Navarro,2000-10-09
629637,Kévin Mouanga,2000-07-24
632085,Ersan Yasa,2000-10-14
634122,Diego Moreno,2001-06-21
634427,Miguel Rodríguez,2003-04-29
641441,Ali Koiki,1999-08-22
642380,Tijn Becker,2001-12-02
645423,Júlio Romão,1998-03-29
646707,Wouter Goes,2004-06-10
646746,Roger Martínez,2004-04-05
646747,Rafel Obrador,2004-02-24
647098,André Paulo,1996-12-18
649030,Samba Diallo,2003-01-05
650809,Shaquil Delos,1999-06-16
650966,Samuele Vignato,2004-02-24
651204,Casagrande,1999-05-12
651263,Fatih Kurnaz,2001-07-11
653845,Ivan Lyubukhin,2002-03-25
654049,Ertugrul Cetin,2003-04-21
654177,Mamadou Sylla,2003-01-26
654420,Amjhad Nazih,2002-01-18
655461,Nikita Yanovich,2003-03-28
655487,Pavlos Grosdanis,2002-04-03
655835,Christian Saydee,2002-05-10
655894,Yigit Emre Celtik,2003-04-07
656206,Atalay Gökce,2003-06-20
657385,Guilherme,2001-02-08
657446,Berna,2002-08-16
657635,Bryan Teixeira,2000-09-01
659518,Félix Lemaréchal,2003-08-07
661171,Willian Pacho,2001-10-16
661805,Steven Bradley,2002-03-17
662208,Philippe Keny,1999-05-18
662261,Rafa Marín,2002-05-19
667120,André Ferreira,2003-04-08
667563,Efe Binici,2001-02-04
667914,Paul Mukairu,2000-01-18
667966,Mohamed Amine Essahel,2003-02-17
669310,Danylo Goncharuk,2002-07-13
669477,Athanasios Papadoudis,2003-09-06
669915,Filippo Distefano,2003-08-28
670144,José Gallegos,2001-09-22
671656,Vitor Luiz,1996-01-11
673114,Yaroslav Gladyshev,2003-05-05
673344,Wesley Spieringhs,2002-01-16
678277,Mathias Sauer,2004-04-02
683840,Pedri,2002-11-25
683895,Emmanuel Agbadou,1997-06-17
684348,João Mendes,2000-04-13
685756,Aleksandr Gapechkin,2002-06-16
685760,Tamaz Topuriya,2002-01-29
685848,Vladimir Abramov,2002-04-05
685938,Dmitri Sesyavin,2001-06-02
690797,Stéphane Zobo,2000-08-02
692286,Maarten Schut,2003-10-13
694186,Kristian Hlynsson,2004-01-23
694239,Keir Russell,2002-01-12
696506,Gui Guedes,2002-04-17
697714,Fabinho,2001-03-29
697853,Artem Ismagilov,2004-06-29
704270,Sambou Soumano,2001-01-13
704708,Riccardo Castagnaviz,2003-01-29
707364,Stijn Hogervorst,2002-10-01
708169,Egor Mosin,2003-08-31
708184,Lenar Fattakhov,2003-05-12
708680,Ugo Bertelli,2003-07-15
711382,Jon Karrikaburu,2002-09-19
714460,Ryan Duncan,2004-01-18
717198,Danylo Udod,2004-03-09
726114,Mario Mitaj,2003-08-06
726117,Dejvid Janaqi,2003-07-21
727102,Cem Özgener,2004-03-22
730126,Mykola Kukharevych,2001-07-01
732870,Ahmet Cevat Varol,2001-02-11
733494,Kamil Conteh,2002-12-26
743519,Hugo Vogel,2004-01-04
745200,Maghnes Akliouche,2002-02-25
746891,Cristian Volpato,2003-11-15
748505,Arnaud Dony,2004-05-08
748939,Oleksiy Sych,2001-04-01
748940,Vasyl Runich,2000-01-31
787299,Roman Romanov,2003-03-28
788861,Matheus Babi,1997-07-18
790669,Kayne van Oevelen,2003-08-07
795762,Elias Bakatukanda,2004-04-13
800925,Oscar Schwartau,2006-05-17
804652,Nicholas Beetson,2005-06-01
804817,Adrien Louveau,2000-02-01
805056,Oliver Ross,2004-10-10
805714,Renato Veiga,2003-07-29
806306,Adil Ben Achour,2002-02-01
806930,Kasper Kiilerich,2005-11-22
807389,Oscar Meedom,2005-08-16
808113,Maksym Bagachanskyi,2002-06-05
808475,MT,2001-03-01
812658,Abdulkadir Tasdan,2003-06-18
814454,Samuel,1999-06-06
814522,Taylor-Jay Hart,2003-12-18
815651,Kalani Almeida,2002-02-04
818892,Nicola Bagnolini,2004-03-14
821650,Ali Kizilkuyu,2001-05-15
823768,Josué Doké,2004-04-20
827950,Ousmane Camara,2001-11-03
842718,Paulinho,1999-09-21
845834,Kagan Özkan,2004-05-03
848355,Jack Brydon,2003-09-16
851804,Mateo Tanlongo,2003-08-12
863811,Lamin Jawara,2002-02-12
867500,Ivan Popovych,2002-09-07
874877,Yunus Emre Sentürk,2003-05-05
876831,Ferhat Erdogan,2001-06-18
882224,Ilya Ukhan,2003-06-01
887137,Finlay Pollock,2004-06-27
891075,Alejandro Asensio,2000-09-14
894914,Antonio Nusa,2005-04-17
899710,Floris Smand,2003-01-20
913085,Bi Néné Junior Gbamblé,2002-05-09
921545,Euan Thomson,2004-12-02
923759,Valentin Atangana Edoa,2005-08-25
923936,Christos Chatziioannou,2004-01-10
924800,Axel Camblan,2003-06-18
925584,Axel Guessand,2004-11-06
935047,Kyrylo Sigeev,2004-05-16
936821,Oleg Stepanenko,2004-07-22
939445,Álex Primo,2004-07-10
945496,Simo Keddari,2005-02-03
954211,Alper Adiyaman,2003-09-28
955382,Furkan Onur Akyüz,2005-09-21
962090,Artem Smolyakov,2003-05-29
970493,Iván Sanz,2003-01-08
973085,Carlos Baleba,2004-01-03
973826,Arnaud Mollers,2002-04-24
974327,Jack Grieves,2004-12-05
976756,Ivan Stankovych,2002-02-07
982864,Mathis Hamdi,2003-10-18
989448,Ebbe De Vlaeminck,2005-11-04
993333,Bas Langenbick,2003-02-13
1003546,Mark Ugboh,2004-01-03
1050249,Denys Shevchenko,2003-04-03
1056907,Mauro Couto,2005-11-15
1059104,Oleksandr Nikolyshyn,2004-07-20
1083,Julian de Guzmán,1981-03-25
1335,Steven Cherundolo,1979-02-19
1397,Michael Owen,1979-12-14
1565,Alexander Meier,1983-01-17
1772,Du-ri Cha,1980-07-25
1986,Markus Feulner,1982-02-12
2926,György Garics,1984-03-08
3251,Stephen Hughes,1982-11-14
3411,Pablo Aimar,1979-11-03
3634,Ian Harte,1977-08-31
3785,Scott Parker,1980-10-13
3838,Boaz Myhill,1982-11-09
4519,Rob Wielaert,1978-12-29
4605,Vladan Kujovic,1978-08-23
5451,Alaeddine Yahia,1981-09-26
5652,Marc-Antoine Fortuné,1981-07-02
5712,Bertrand Robert,1983-11-16
5856,Daniele Bonera,1981-05-31
5868,Matteo Brighi,1981-02-14
5966,Marius Stankevicius,1981-07-15
6031,Antonio Di Natale,1977-10-13
6131,Tobias Rathgeb,1982-05-03
6267,Fabrice Pancrate,1980-05-02
7519,Rubén González,1982-01-29
7633,Pablo Orbaiz,1979-02-06
7669,Leo Franco,1977-05-20
7795,Juanito,1980-02-17
7844,Jorge López,1978-09-19
8073,Marc Janko,1983-06-25
8246,Philipp Pentke,1985-05-01
9502,Paul Lawson,1984-05-15
9646,Dmitriy Loskov,1974-02-12
9711,Nery Castillo,1984-06-13
10254,Daniel Fernandes,1983-09-25
12149,Lorik Cana,1983-07-27
12589,Craig Gordon,1982-12-31
12665,Keith Lasley,1979-09-21
12752,Craig Samson,1984-08-24
13036,Boldizsár Bodor,1982-04-27
13049,Wim De Decker,1982-04-06
13286,Thomas Chatelle,1981-03-31
13582,Karl Henry,1982-11-26
14047,Jobi McAnuff,1981-11-09
14081,Ben Watson,1985-07-09
14086,Ashley Young,1985-07-09
14403,Júnior,1976-09-24
14608,Darren Hill,1981-12-03
14736,Martin Canning,1981-12-03
14754,Sean Higgins,1984-10-29
14944,Anatoliy Tymoshchuk,1979-03-30
14960,Martin Albrechtsen,1980-03-31
15071,Aleksandr Pavlenko,1985-01-20
15216,Fredrik Stenman,1983-06-02
15595,Deividas Semberas,1978-08-02
15798,César Arzo,1986-01-21
15804,Andoni Iraola,1982-06-22
15888,Dániel Tőzsér,1985-05-12
15951,Dani Alves,1983-05-06
15981,Álex Geijo,1982-03-11
16101,Atiba Hutchinson,1983-02-08
16135,Ryan Babel,1986-12-19
16152,Jon Daly,1983-01-08
16397,Anastasios Dentsas,1982-03-19
16433,Manolis Kallergis,1990-12-05
16474,Alexander Baumjohann,1987-01-23
16535,Georgios Fotakis,1981-10-29
16649,Jefferson Farfán,1984-10-26
16831,Ken Reichel,1986-12-19
16843,Wolfgang Hesl,1986-01-13
18277,Marco Sailer,1985-11-16
18542,François Modesto,1978-08-19
18702,Julien Ielsch,1983-03-05
18929,Stelios Iliadis,1986-06-03
18999,Georgios Georgiou,1979-09-24
19041,Gökhan Inler,1984-06-27
19136,Marco Storari,1977-01-07
19249,Mark Looms,1981-03-24
19946,Pablo Barrientos,1985-01-17
19953,Franco Cángele,1984-07-16
20463,Corentin Jean,1995-07-15
20623,Pape Sow,1985-12-02
21151,Christian Maggio,1982-02-11
21620,Marnix Kolder,1981-01-31
21779,Antonio Bocchetti,1980-06-11
22149,Jean-François Gillet,1979-05-31
22412,Júlio César,1979-09-03
22501,Femi,1985-01-18
22837,Leon Andreasen,1983-04-23
22877,Mads Junker,1981-04-21
23345,Barreto,1985-07-12
24038,Eghishe Melikyan,1979-04-13
24843,André Cunha,1978-02-16
25690,Christos Kalantzis,1982-12-01
26579,Georgios Chatzizisis,1978-06-04
26669,Ragnar Klavan,1985-10-30
26815,Georgios Paraskevaidis,1982-10-09
27138,Amit Quluzade,1992-11-20
27245,Jajá,1986-02-28
27453,Diego Colotto,1981-03-10
27583,Markos Vellidis,1987-04-04
27611,Stephan Schröck,1986-08-21
27614,James Morrison,1986-05-25
28003,Lionel Messi,1987-06-24
28022,Alessandro Lucarelli,1977-07-22
28307,Jonathan Brison,1983-02-07
28810,Nedum Onuoha,1986-11-12
29006,Ross McCormack,1986-08-18
29065,Abel Gómez,1982-02-20
29260,Giorgio Chiellini,1984-08-14
29494,Hakan Balta,1983-03-23
29642,Sertan Vardar,1982-08-19
29896,Fotis Kipouros,1975-08-09
29936,Marc Höcher,1984-09-09
29962,Daniele Dessena,1987-05-10
30070,Niko Bungert,1986-10-24
30546,Benjamin Delacourt,1985-03-10
30698,Jonathan Martins Pereira,1986-01-30
30732,Levan Kenia,1990-10-18
30873,Germán Denis,1981-09-10
31245,Jonathan Wilmet,1986-01-07
31773,Olivier Veigneau,1985-07-16
31821,Ayoub Sörensen,1988-04-12
32522,Antonio Barragán,1987-06-12
33507,Lukas Jutkiewicz,1989-03-28
33707,Siebe Blondelle,1986-04-20
33822,Jimmy Kébé,1984-01-19
33907,Xavier Pentecôte,1986-08-13
33925,Jessy Moulin,1986-01-13
33927,Benjamin Nivet,1977-01-02
33935,Alejandro Alonso,1982-03-03
33952,Papiss Cissé,1985-06-03
34186,Vasilios Pliatsikas,1988-04-14
34232,Jan Hochscheidt,1987-10-04
34289,Konstantinos Giannoulis,1987-12-09
34325,Giannis Siderakis,1987-11-16
34421,Jan Durica,1981-12-10
34564,Xisco,1986-06-26
34706,Dani,1982-01-30
34771,Oleksandr Kosyrin,1977-06-18
34892,Dmitri Kruglov,1984-05-24
34909,Simone Bentivoglio,1985-05-29
34944,Konstantinos Mitroglou,1988-03-12
35026,Selcuk Inan,1985-02-10
35405,Marc Pfitzner,1984-08-28
35462,Jordi Codina,1982-04-27
35529,Jeffrey Sarpong,1988-08-03
35562,Ángel Lafita,1984-08-07
35743,Fabio Ceravolo,1987-03-05
35747,Simone Missiroli,1986-05-23
35855,Cameron Jerome,1986-08-14
36075,Sasa Stevic,1981-05-31
36235,Petar Zanev,1985-10-18
36255,Mirko Boland,1987-04-23
36294,Julien Quercia,1986-08-17
36364,Mikhail Sivakov,1988-01-16
36524,Paul Dixon,1986-11-22
36608,Graham Dorrans,1987-05-05
36827,Branislav Ivanovic,1984-02-22
36939,Marc Pugh,1987-04-02
37389,Daniel Osvaldo,1986-01-12
37460,Onyekachi Apam,1986-12-30
37526,Winston Reid,1988-07-03
37574,Luís Dias,1987-01-03
37634,Sören Jensen,1984-03-01
37773,Adam Rooney,1988-04-21
37837,Mehmet Güven,1987-07-30
37906,David Cobeño,1982-04-06
37918,Matías Fernández,1986-05-15
37977,Ümit Korkmaz,1985-09-17
37981,Sebastian Prödl,1987-06-21
38091,Adam Hammill,1988-01-25
38178,Amr Zaki,1983-04-01
38206,Ante Rozic,1986-03-08
38536,Razak Boukari,1987-04-25
38824,Davide Brivio,1988-03-17
39114,Lucas Mareque,1983-01-12
39475,Sacha Kljestan,1985-09-09
39524,Kees Luijckx,1986-02-11
39532,Victor Anichebe,1988-04-23
39825,Tiko,1980-12-12
40567,Gareth McAuley,1979-12-05
41131,Trevor Carson,1988-03-05
41323,Andreas Luthe,1987-03-10
41654,Pape Paté Diouf,1986-04-04
42506,Ibrahima Diallo,1985-09-26
43265,Nicky Law,1988-03-29
43404,Oleksiy Chychykov,1987-09-30
43745,Morgaro Gomis,1985-07-14
43753,Darren McGregor,1985-08-07
43934,Ionut Mazilu,1982-02-09
44084,Robert Arzumanyan,1985-07-24
44138,Oleksiy Godin,1983-02-02
44162,Miralem Pjanic,1990-04-02
44358,Leonardo,1986-03-09
44424,Abdul-Yakuni Iddi,1986-05-25
44688,Gilles Cioni,1984-06-14
44716,Claudio Marchisio,1986-01-19
44722,Emil Ousager,1987-07-19
44792,Kieran Gibbs,1989-09-26
44996,Serdar Aziz,1990-10-23
45124,Medhi Benatia,1987-04-17
45228,Ryan Flynn,1988-09-04
45320,Ángel Di María,1988-02-14
45341,George Florescu,1984-05-21
45601,Martin Hansen,1990-06-15
45624,Aurélien Chedjou,1985-06-20
45631,Aaron McLean,1983-05-25
45662,Alexander Esswein,1990-03-25
45832,Ivan Santini,1989-05-21
46046,Georgios Ioannidis,1988-05-04
46179,Mathias Fetsch,1988-09-30
46552,Kamil Glik,1988-02-03
46894,Jagos Vukovic,1988-06-10
47722,Casto,1982-06-18
48015,Lukas Hradecky,1989-11-24
48020,Riku Riski,1989-08-16
48067,Artem Dzyuba,1988-08-22
48803,Jakob Ahlmann,1991-01-18
48895,Jens Rinke,1990-04-16
48931,Henrique Sereno,1985-05-18
48987,Andrey Eshchenko,1984-02-09
49035,Mihail Aleksandrov,1989-06-11
49147,Erik Berg,1988-12-30
49270,Dawda Bah,1983-11-12
49319,Mark Bunn,1984-11-16
49755,Dale Stephens,1989-06-12
50617,Stefan Strandberg,1990-07-25
50774,Ömer Sismanoglu,1989-08-01
50818,Sébastien Bruzzese,1989-03-01
51035,Johny Placide,1988-01-29
51100,Peter Pekarik,1986-10-30
51474,Mikel Rico,1984-11-04
51660,Tevfik Altindag,1988-10-26
51667,Kiko Olivas,1988-08-21
51726,Alberto Domínguez,1988-02-11
51733,Andrew Shinnie,1989-07-17
51819,Ugur Akdemir,1988-09-22
51936,David Tsoraev,1983-05-07
52027,Thierry Doubai,1988-07-01
52209,Steeven Langil,1988-03-04
52337,Michal Miskiewicz,1989-01-20
52524,Antonijo Jezina,1989-06-05
52893,Carlão,1986-01-19
52953,Felipe Garcia,1988-01-10
53399,Adamo Coulibaly,1981-08-14
54137,Caiuby,1988-07-14
54170,Ramires,1987-03-24
54177,Mahmut Tekdemir,1988-01-20
54775,Magnus Wolff Eikrem,1990-08-08
54845,Gabriel Hauche,1986-11-27
55114,Oliver Sorg,1990-05-29
55369,Guilherme,1985-12-12
55510,Marco Höger,1989-09-16
55538,Pavel Ignatovich,1989-05-24
55932,Carlos Matheu,1985-05-13
56810,Adrien Silva,1989-03-15
56818,Morgan Schneiderlin,1989-11-08
56841,Michelangelo Albertazzi,1991-01-07
57015,Aleksandr Kharitonov,1983-04-04
57229,Paulinho,1988-07-25
57333,Jergé Hoefdraad,1986-07-17
57816,Alberto Lora,1987-03-25
57922,Cristian Bustos,1983-05-29
57950,David Rodríguez,1986-02-14
58042,Igor Khudobyak,1985-02-20
58103,Ruslan Platon,1982-01-12
58268,Rui Pedro,1988-07-02
58413,Volodymyr Lysenko,1988-04-20
58890,Gary Kagelmacher,1988-04-21
58977,Sergiy Vovkodav,1988-07-02
59000,Mário Felgueiras,1986-12-12
59060,Oleksandr Ivashchenko,1985-02-19
59248,Miguel Lopes,1986-12-19
59383,Gavin Morrison,1990-01-03
59440,Anton Postupalenko,1988-08-28
59551,Ángel Montoro,1988-06-25
59913,Artem Stargorodskyi,1982-01-17
59951,David Manga,1989-02-03
59982,Volodymyr Arzhanov,1985-11-29
60026,Ronny Philp,1989-01-28
60570,Yohan Mollo,1989-07-18
60767,Josh Law,1989-07-20
60781,Alan Power,1988-01-23
61511,Camillo Ciano,1990-02-22
61561,Barry Bannan,1989-12-01
61586,Daniel Redmond,1991-03-02
61812,Yuri Berchiche,1990-02-10
62144,Antoñito,1987-12-24
62351,Abdoulaye Bamba,1990-04-25
62374,Baris Memis,1990-01-05
62642,Nathan Delfouneso,1991-02-02
62643,Harry Forrester,1991-01-02
62680,Lasse Vibe,1987-02-22
63200,Ashley Barnes,1989-10-30
63494,Étienne Capoue,1988-07-11
63496,Vladimirs Kamess,1988-10-28
64313,Tamás Kádár,1990-03-14
64419,Joan Tomás,1985-05-17
64439,Jordy Deckers,1989-06-20
64997,Mehmet Akyüz,1986-01-02
65682,Valeriy Sorokin,1985-01-06
66100,Oriol Romeu,1991-09-24
67638,Halil Colak,1988-01-29
67715,Rostyn Griffiths,1988-03-10
67797,Milan Borjan,1987-10-23
67836,Stelios Vasiliou,1991-04-29
67967,Leandro Salino,1985-04-22
68978,Milan Rodic,1991-04-02
68980,Daniel Stenderup,1989-05-31
69014,Ousmane Viera,1986-12-21
69015,Andriy Yarmolenko,1989-10-23
69101,Saber Khalifa,1986-10-14
69212,Vincenzo Camilleri,1992-03-06
69401,Besart Abdurahimi,1990-07-31
69436,Mateo Pavlovic,1990-06-09
69660,Jonás Ramalho,1993-06-10
69801,Mauricio Carrasco,1987-09-24
69905,Emil Lyng,1989-08-03
70333,Sergio Garabato,1989-05-16
71019,Bartosz Salamon,1991-05-01
72218,Guille Pérez,1987-01-11
72274,Vasco Regini,1990-09-09
72482,Andrey Pazin,1986-01-20
72767,Saná Camará,1991-12-29
72772,Josué,1990-09-17
72799,Samuel Scheimann,1987-11-03
72834,Leandro Pimenta,1990-07-09
72860,Zezinho,1992-03-14
73009,Ernesto Galán,1986-06-17
73482,James Chester,1989-01-23
73798,John Ike Ibeh,1986-04-16
73858,Adrià Carmona,1992-02-08
73920,Antonio Cinelli,1989-12-08
73934,Ettore Mendicino,1990-02-11
74821,Franco Mussis,1992-04-19
74945,Milos Lacny,1988-03-08
75631,Milos Jokic,1987-06-07
76047,Johan Martensson,1989-02-16
76406,Abdelkader Ghezzal,1984-12-05
76799,Miguel Britos,1985-07-17
77262,Michel Macedo,1990-02-15
77490,Igor Khudobyak,1987-04-05
77826,Ryad Boudebouz,1990-02-19
78490,Rodolfo Zelaya,1988-07-03
78590,Kamil Wilczek,1988-01-14
78959,Martin Kelly,1990-04-27
79285,Zacharias Kavousakis,1989-01-11
79470,Mike Havenaar,1987-05-20
79607,Marco Meilinger,1991-08-03
79654,Fanendo Adi,1990-10-10
81455,Juan Iturbe,1993-06-04
81714,Philipp Prosenik,1993-03-03
82048,Nicola Sansone,1991-09-10
82350,Stefan Bell,1991-08-24
82550,Juan Sánchez Sotelo,1987-10-02
83458,Mirco Antenucci,1984-09-08
83948,Marco Ospitalieri,1992-04-06
84695,Maicon,1988-09-14
84903,Mirko Valdifiori,1986-04-21
84938,Timo Horn,1993-05-12
85127,Hakan Arslan,1988-07-18
85528,Marco Silvestri,1991-03-02
85554,Jorge Monteiro,1988-08-15
86506,Alessandro Riedle,1991-08-14
86784,Ricardo Rodríguez,1992-08-25
87381,Javier Umbides,1982-02-09
88542,Rubén Botta,1990-01-31
88683,Mattia Destro,1991-03-20
88701,Filippo Perucchini,1991-10-06
89480,Dimitrios Ferfelis,1993-04-05
89591,Felix Klaus,1992-09-13
89622,Jens Podevijn,1989-07-18
89812,Maksim Votinov,1988-08-29
90471,Viktor Svezhov,1991-05-17
90478,Lukas Van Eenoo,1991-02-06
90552,Jérémy Dumesnil,1986-06-22
91251,Cuco Martina,1989-09-25
91543,Vasyl Zhuk,1991-01-01
92164,Mats Rits,1993-07-18
92845,Andriy Sakhnevych,1989-04-17
93128,Kalidou Koulibaly,1991-06-20
93405,Rodney Sneijder,1991-03-03
93594,Ugur Dündar,1992-11-01
93689,Kévin Diogo,1991-07-08
94298,Mamoutou N'Diaye,1990-03-15
94318,Jovan Krneta,1992-05-04
94450,Carlos Olascuaga,1992-07-22
94686,Ryan Scully,1992-10-29
94923,Igor Chaykovskyi,1991-10-07
95438,Marko Livaja,1993-08-26
95707,Volodymyr Tanchyk,1991-10-17
95735,Jannik Skov Hansen,1993-01-05
96089,Pedro Conde,1988-07-26
96452,Georgios Koutroubis,1991-02-10
96454,Maxime Lestienne,1992-06-17
96734,Gencer Cansev,1989-01-04
98101,Marko Vesovic,1991-08-28
98428,Balázs Megyeri,1990-03-31
98512,Serdar Gürler,1991-09-14
98556,Evgeniy Pesegov,1989-02-21
99186,Alper Potuk,1991-04-08
99495,Esquerdinha,1984-04-09
100485,Arkadiusz Piech,1985-06-07
101254,Vandinho,1986-06-09
101615,Nikolaos Babaniotis,1989-06-28
102470,Antonino Ragusa,1990-03-27
103427,Chris Smalling,1989-11-22
103434,Troels Klöve,1990-10-23
103558,Mos,1988-08-01
103934,Michael Smith,1988-09-04
104290,Alessandro Iacobucci,1991-06-03
105500,Antonio German,1991-12-26
105521,Ciro Immobile,1990-02-20
106039,Azer Busuladzic,1991-11-12
107701,Gabriel,1989-10-15
108544,Lee Ashcroft,1972-09-07
108739,Charalabos Pavlidis,1991-05-06
109060,Alain Mendy,1989-11-17
109197,Márton Eppel,1991-10-26
109720,Joffrey Cuffaut,1988-03-15
110268,Maka Mary,1989-03-27
110292,Geoffry Hairemans,1991-10-21
110798,Marnick Vermijl,1992-01-13
110863,James Hurst,1992-01-31
111026,Mathieu Peybernes,1990-10-21
111036,Mehdi Abeid,1992-08-06
111057,Idriss Saadi,1992-02-08
111074,Artur Zapadnya,1990-06-04
112317,Ján Gregus,1991-01-29
113130,Leandro González Pírez,1992-02-26
113747,Erkut Sentürk,1994-05-06
113890,David Mitchell,1990-04-04
114062,Dani López,1985-10-25
114116,Richie Towell,1991-07-17
114739,Oguzhan Azgar,1993-07-14
115028,Richard Roy,1987-10-10
115333,Juanpe,1991-04-30
116655,Alex Smith,1991-10-31
118048,Savvas Siatravanis,1992-11-24
118287,Rachid Ghezzal,1992-05-09
118940,Ishmael Yartey,1990-01-11
119261,Selim Ben Djemia,1989-01-29
119269,Shane Duffy,1992-01-01
119366,Leonardo Blanchard,1988-05-06
119476,Sergey Belousov,1990-05-04
119544,Jordon Brown,1992-11-28
119574,Joe Shaughnessy,1992-07-06
120034,Vytautas Andriuskevicius,1990-10-08
120443,Santiago Arias,1992-01-13
120975,Marc McCallum,1993-03-27
120976,Dylan McGeouch,1993-01-15
121188,Anton Kramar,1988-02-05
121223,Kwesi Appiah,1990-08-12
121236,Rob Hall,1993-10-20
121271,Erdal Akdari,1993-06-05
121477,Craig Dawson,1990-05-06
121577,Mushaga Bakenga,1992-08-08
121988,Wellington Nem,1992-02-06
123214,Volodymyr Koval,1992-03-06
123397,Collin Quaner,1991-06-18
124785,Patrick Schorr,1994-10-13
125119,Chris Stokes,1991-03-08
125123,Élio Martins,1985-03-26
125693,Rémy Amieux,1986-09-05
126145,Vadim Steklov,1985-03-24
126352,Pavel Solomatin,1993-04-04
126709,Blanstel Koussalouka,1991-10-25
126746,Germán Parreño,1993-02-16
127032,Serge Aurier,1992-12-24
127066,Quentin Pereira,1992-04-21
127118,Florent André,1991-06-06
127128,Mathieu Deplagne,1991-10-01
127156,Téji Savanier,1991-12-22
127177,Gaëtan Bussmann,1991-02-02
127220,Giuseppe Capua,1992-01-11
127610,Mexer,1988-09-08
127769,Nwankwo Obiora,1991-07-12
127772,King Osanga,1990-10-06
128285,Mark Connolly,1991-12-16
128502,Esteban Alvarado,1989-04-28
129067,Ethan Ebanks-Landell,1992-12-16
129588,Dennis Praet,1994-05-14
129971,Dale Carrick,1994-01-07
130110,David Oberhauser,1990-11-29
130152,Dimitrios Roussis,1988-05-06
130518,Yoiver González,1989-11-22
131172,Ross Caldwell,1993-10-26
132210,Thomas Reilly,1994-09-15
132671,Thomas Nazlidis,1987-10-23
133734,David Pavelka,1991-05-18
133829,Tomislav Glumac,1991-05-14
134425,Raheem Sterling,1994-12-08
134580,Filipe Melo,1989-11-03
134695,Bedi Mbenza,1984-09-11
135172,Igor Ozarkiv,1992-01-21
135173,Michael Uchebo,1990-09-27
135917,Nikolaj Hagelskjaer,1990-05-06
136181,Havard Nielsen,1993-07-15
136184,Jonas Svensson,1993-03-06
136589,Samba Diakité,1989-01-24
136610,Papy Djilobodji,1988-12-01
138387,Michael Hoyos,1991-08-02
139859,Diego Benito,1988-08-25
139895,Tomás Pina,1987-10-14
139943,Ivica Zunic,1988-09-11
141568,Rohan Ince,1992-11-08
142532,Guy Melamed,1992-12-21
142920,Aleksandar Trajkovski,1992-09-05
142929,Jens Cools,1990-10-16
143863,Martí Riverola,1991-01-26
144451,Ali Öztürk,1987-04-12
145692,Rafael Crivellaro,1989-02-18
145838,Andy Nájar,1993-03-16
145988,Wilfried Zaha,1992-11-10
146155,Hany Mukhtar,1995-03-21
146164,Max Meyer,1995-09-18
146509,Conor Townsend,1993-03-04
146660,Ronaldo,1990-04-08
146680,Andrea Barberis,1993-12-11
146844,Kerim Frei,1993-11-19
148345,Jeppe Andersen,1992-12-06
148364,Frederik Möller,1993-07-08
148367,Christian Nörgaard,1994-03-10
148607,Facundo Píriz,1990-03-27
148754,Somália,1988-09-28
149239,Thomas Vincensini,1993-09-12
149716,Ivan Cavaleiro,1993-10-18
149829,Miha Zajc,1994-07-01
150711,Michiel Jonckheere,1990-01-03
152916,Luis Pedro,1992-01-06
153084,Leon Goretzka,1995-02-06
153236,Vicente Gómez,1988-08-31
154051,Nicolai Brock-Madsen,1993-01-09
154059,Charles,1984-04-04
155617,Emil Scheel,1990-03-18
156116,Lasha Parunashvili,1993-02-14
156942,Adam Thomas,1994-02-04
157227,Vladimir Zubarev,1993-01-05
157490,Michael Hector,1992-07-19
157588,Ahmet Ilhan Özek,1988-01-01
157635,Yussuf Poulsen,1994-06-15
157668,Aaron Verwilligen,1993-12-26
157907,Doneil Henry,1993-04-20
158149,Armin Mujakic,1995-03-07
158397,André Micael,1989-02-04
158402,Bobô,1982-03-20
158868,Jonathan Nanizayamo,1992-02-21
159142,Aderllan Santos,1989-04-09
159522,Patrick Pflücke,1996-11-30
160348,Mesca,1993-05-06
160482,Ivica Ivusic,1995-02-01
160963,Robin Zentner,1994-10-28
160973,Vasilios Metaxoulis,1995-06-19
161517,Gareth Rodger,1994-02-22
161757,Yasin Kocatepe,1991-09-08
162038,Raúl de Tomás,1994-10-17
162043,Iker Hernández,1994-04-08
163553,Carlo Cremaschi,1992-01-27
164020,Marco Pinato,1995-01-09
164105,Luca Lulli,1991-12-22
164230,Nicolas Benezet,1991-02-24
164247,Stepan Girskyi,1991-01-08
164470,Stelios Marangos,1989-05-04
164561,Oleksandr Musienko,1987-04-07
165400,Lloyd Palun,1988-11-28
168199,Giuseppe Messina,1993-02-12
168471,Renaud Emond,1991-12-05
168887,Gianni Van Landschoot,1992-08-21
168942,Dejan Meleg,1994-10-01
168944,Nikola Ninkovic,1994-12-19
169555,Callum Paterson,1994-10-13
169757,Jordan Faucher,1991-11-06
169801,Cauley Woodrow,1994-12-02
170509,Baptiste Valette,1992-09-01
170627,Aleksey Turik,1995-04-25
170672,Gergely Nagy,1994-05-27
170720,Mawouna Amevor,1991-12-16
170962,Nicolas Saint-Ruf,1992-10-24
170994,Yrondu Musavu-King,1992-01-08
171043,Brayan Beckeles,1985-11-28
171170,Dani Sotres,1993-05-21
171209,Branimir Hrgota,1993-01-12
171260,Jay Fulton,1994-04-04
171374,Robbie Crawford,1994-06-22
171820,Tomi Juric,1991-07-22
172630,Benjamín Ubierna,1991-11-22
173079,Oleksandr Vasyliev,1994-04-27
173491,Joel Pohjanpalo,1994-09-13
173579,Christopher Dilo,1994-01-05
174001,Davit Skhirtladze,1993-03-16
174733,Omar Colley,1992-10-24
175739,Michael Ngoo,1992-10-23
175912,Lars Veldwijk,1991-08-21
176265,Berk Ünsal,1994-08-06
176514,Rafal Wolski,1992-11-10
176555,Mario Bilate,1991-07-16
176997,Anderson Carvalho,1990-05-20
177843,Domenico Berardi,1994-08-01
179184,Michy Batshuayi,1993-10-02
179838,Vajebah Sakor,1996-04-24
182686,Anastasios Kantoutsis,1994-05-23
182695,Dimitrios Vosnakidis,1994-02-14
182906,Mike Maignan,1995-07-03
182956,Yaya Sané,1989-08-04
183284,Ryan Inniss,1995-06-05
185167,Christian Schultz,1994-05-13
185191,Omri Altman,1994-03-23
185245,Jhon Córdoba,1993-05-11
187115,Vakhtang Chanturishvili,1993-08-05
187293,Joey Pelupessy,1993-05-15
187587,Ante Rebic,1993-09-21
188613,Artur Anisimov,1992-12-31
188862,Guillermo Varela,1993-03-24
188942,Tugay Kacar,1994-01-01
189432,Gaspar Iñíguez,1994-03-26
189715,Khoren Bayramyan,1992-01-07
189735,Christian Bravo,1993-10-01
190168,Arghus,1988-01-19
190314,Lucas,1992-07-22
190900,Kenan Karisik,1987-04-23
191754,Carlos Expósito,1991-11-17
191834,Johnatan Opoku,1990-04-18
191854,Alexandros Kouros,1993-08-21
192366,Gozie Ugwu,1993-04-22
192750,Farid El Alagui,1985-02-10
193104,Scott Smith,1995-07-21
193259,Levan Gulordava,1988-05-16
193306,Joe McGovern,1994-03-02
193323,Maksym Degtyarov,1993-05-30
193782,Lucas Alario,1992-10-08
193898,Calum Waters,1996-03-10
193938,Diego Rolán,1993-03-24
194140,Simon IJzerman,1993-02-13
194533,Armand Gnanduillet,1992-02-13
195072,Princewill Okachi,1991-06-20
195246,Pascal Stenzel,1996-03-20
195622,Oscar Arzamendia,1994-05-26
196382,Marius Gersbeck,1995-06-20
196435,Saidy Janko,1995-10-22
196717,Oliver Davies,1994-12-31
196860,Jordan Botaka,1993-06-24
197470,Mattia Caldara,1994-05-05
198045,Gary Fraser,1994-07-02
198086,Federico Ricci,1994-05-27
198516,Harry Toffolo,1995-08-19
198582,Alex Baird,1994-01-14
198709,Cédric Hountondji,1994-01-19
199222,Nemanja Mladenovic,1993-03-03
199757,Simone Brugaletta,1994-01-19
199953,Caleb Ekuban,1994-03-23
201248,Mickaël Tirpan,1993-10-23
201737,Christopher Jullien,1993-03-22
203374,Alessio Alessandro,1996-04-29
203761,Vital Nsimba,1993-07-08
203939,Robin van der Meer,1995-02-21
203970,Charalampos Kyriakou,1995-02-09
204040,Alexandru Vlad,1989-12-06
204102,Xavi Quintillà,1996-08-23
204178,Ibrahim Serdar Aydin,1996-07-19
204347,Larry Azouni,1994-03-23
205569,Mickaël Malsa,1995-10-12
205809,Marcus Rohdén,1991-05-11
205849,Gjoko Zajkov,1995-02-10
206844,Tomas Svedkauskas,1994-06-22
207074,Oleksandr Andriyevskyi,1994-06-25
207194,Antonis Kokkalas,1992-02-16
207518,Miroslav Lobantsev,1995-05-27
207922,Luismi Sánchez,1992-05-05
208167,Dawid Kownacki,1997-03-14
208172,Mateusz Wieteska,1997-02-11
209766,Dylan Ragolle,1994-05-11
209993,Mohamed Abarhoun,1989-05-03
210009,Marwane Saadane,1992-01-17
210088,Gabriel Moura,1988-06-18
210143,Álex Gallar,1992-03-19
211025,Azamat Zaseev,1988-04-29
211325,Badou Ndiaye,1990-10-27
211722,Abel Khaled,1992-11-09
212229,Halil Akbunar,1993-11-09
212730,Kyle De Silva,1993-11-29
213670,Lucas Torró,1994-07-19
213841,Matheus Dória,1994-11-08
213911,Antonio Loi,1996-08-25
213973,Dmytro Bezruk,1996-03-30
214007,Magique,1993-01-21
214246,Igor Gorbunov,1994-09-20
215089,Djavan Anderson,1995-04-21
215118,Calum Chambers,1995-01-20
215580,Rakish Bingham,1993-10-25
215784,Yannick Zummack,1996-03-26
216443,Riechedly Bazoer,1996-10-12
216463,Imoh Ezekiel,1993-10-24
216827,Jaílton Paraíba,1990-10-11
217477,Alex Kitchen,1995-07-10
217718,Timo Königsmann,1997-04-05
217886,Óscar Romero,1992-07-04
217900,Sardor Rashidov,1991-06-14
218086,Jack Barmby,1994-11-14
220491,Matt Macey,1994-09-09
220851,Razvan Popa,1997-01-04
220969,Radoslaw Murawski,1994-04-22
221025,André Gomes,1993-07-30
221133,Ali Yasar,1995-03-08
221316,Lucas Vázquez,1991-07-01
221561,Marcus Maddison,1993-09-26
222119,Kizito,1993-12-20
222330,Roman Chanturia,1996-02-09
223735,Iu Ranera,1995-01-08
223790,Luke Simpson,1994-09-23
224001,Teije ten Den,1993-04-29
225043,Carl Johansson,1994-05-23
225078,Eero Markkanen,1991-07-03
226060,Fran Brodic,1997-01-08
226141,Henrique,1993-08-23
227239,Michael Ngadeu,1990-11-23
227240,Jules Iloki,1992-01-14
227685,Leandro Borges,1992-04-29
228846,Yuriy Solomka,1990-01-04
229032,Sebastian John,1996-03-26
229176,Fabian Schleusener,1991-10-24
229219,Suently Alberto,1996-06-09
229228,Elson Hooi,1991-10-01
229708,Erivelto,1988-10-01
229768,Djarno Hofland,1993-03-17
229815,Alejandro Sanz,1993-06-05
230140,Stian Gregersen,1995-05-17
230219,Jorge Pesca,1992-04-24
230968,Alexandros Nikolias,1994-07-23
231172,Nikolaos Korovesis,1991-08-10
231354,Dusan Jovancic,1990-10-19
231610,Gaëtan Varenne,1990-06-24
231906,Rafail Gioukaris,1995-02-27
232086,Rafail Baboulakis,1994-10-17
233750,Hicham Belkaroui,1990-08-24
234044,Romário,1992-01-15
234137,Dimitrios Sounas,1994-08-12
234314,Gökhan Siverek,1991-10-16
234888,Georgios Athanasiadis,1993-04-07
235234,Jinty Caenepeel,1996-07-18
235349,Artem Simonyan,1995-02-20
235371,Fynn Arkenberg,1996-03-04
235538,Konstantinos Nikolopoulos,1993-11-30
236017,Giannis Vitoros,1992-11-12
237162,Matthias Bader,1997-06-17
238058,Renato Gojkovic,1995-09-10
238407,Alexander Sørloth,1995-12-05
238716,Théo Pellenard,1994-03-04
238905,Georgios Tzintzis,1993-07-16
240190,Niccolò Belloni,1994-07-10
240196,Francesco Di Marco,1995-07-28
240352,Tommaso Mazzei,1995-01-02
240397,Marco Bertoia,1995-05-24
240897,Arturo Calabresi,1996-03-17
240955,Mattia Lombardo,1995-02-14
240958,José Mauri,1996-05-16
240961,Rubén Palomeque,1994-09-12
242359,Juan Musso,1994-05-06
242532,Rober Ibáñez,1993-03-22
242637,Konstantinos Kotsaris,1996-07-25
242758,Giannis Kargas,1994-12-09
243276,Kyvon Leidsman,1998-09-03
243610,Jonathan Henly,1994-03-15
243856,Cedric Itten,1996-12-27
244277,Esquerdinha,1990-11-16
245960,Jack Breslin,1997-04-06
246580,Fanos Katelaris,1996-08-26
247189,Mohammed Fatau,1992-12-24
247415,Mark Williams,1995-05-15
248861,Daniele De Angelis,1995-03-29
249884,Aaron Kuhl,1996-01-30
250010,Bruno Nazário,1995-02-09
250038,Mamadou Sissako,1996-04-20
250450,Wessel Dammers,1995-03-01
250590,Senne Van Dooren,1997-05-16
251289,Jordan Lyden,1996-01-30
252058,Muhammed Gönülacar,1994-09-27
252779,Matthias Llambrich,1993-02-06
253738,Mathías Acuña,1992-11-28
253758,Paulo Francisco,1993-04-12
253878,Pedro Astray,1992-03-18
254037,Iza Carcelén,1993-04-23
255493,Imanol Corral,1994-03-19
255653,Santi Mina,1995-12-07
256358,Bruno Petkovic,1994-09-16
256558,Nikolaos Gaidatzis,1994-02-22
257261,Ihsan Yelis,1992-12-12
257536,Martin Smith,1995-10-02
257740,Carlos de Pena,1992-03-11
257817,Dmitri Matvienko,1992-05-25
257987,Bart Nieuwkoop,1996-03-07
258021,Pedro Delgado,1997-04-07
258267,Adam Jakubech,1997-01-02
258362,Yanick van Osch,1997-03-24
258773,Semen Pomogaev,1993-11-01
258970,William Eskelinen,1996-09-03
259025,Umut Bozok,1996-09-19
259748,Tal Kahila,1992-06-26
259943,Isaac Sackey,1994-04-04
260315,Artem Yarmolitskiy,1994-04-10
261502,Paulino de la Fuente,1997-06-27
262895,Soufyan Ahannach,1995-09-09
262939,Johan Mojica,1992-08-21
263627,Carlos Vigaray,1994-09-07
263641,Jefre Vargas,1995-01-12
263903,Dhurgham Ismail,1994-05-23
263951,Hamza Sakhi,1996-06-07
264595,Denis Fomin,1996-05-03
264857,Jari Schuurman,1997-02-22
265077,Luca Crosta,1998-02-23
265088,Manuel Locatelli,1998-01-08
265266,Gautam Kalpoe,1991-09-19
265568,Achraf Achaoui,1996-12-10
265648,Pablo Santos,1992-03-18
265978,Papito Merencia,1994-03-04
266359,Benjamin Bourigeaud,1994-01-14
267056,Mico Kuzmanovic,1996-03-18
267160,Adam Buksa,1996-07-12
267967,Hamad Al-Yami,1999-05-17
268670,Gerard Gumbau,1994-12-18
269116,Douglas Coutinho,1994-02-08
269298,Samy Frioui,1991-09-07
270414,Leandro Pereira,1991-07-13
271103,Etienne Amenyido,1998-03-01
271225,Ruben Lucas,1994-09-14
271435,Róbert Molnár,1991-06-24
272206,Tobias Lauritsen,1997-08-30
272259,Sebastián Ayala,1995-09-14
272278,Chris Führich,1998-01-09
272549,Tony Mauricio,1994-03-22
272638,Jérôme Onguéné,1997-12-22
272843,Donny van der Wal,1993-04-29
273132,Robin Gosens,1994-07-05
273432,Mohamed Rayhi,1994-07-01
274373,Rami Kaib,1997-05-08
274694,Ionut Nedelcearu,1996-04-25
275287,Rúben Oliveira,1994-12-14
275590,Kieffer Moore,1992-08-08
275938,Kai-David Bösing,1994-03-07
276255,Yacine Bammou,1991-09-11
277635,Rominigue Kouamé,1996-12-17
278651,Gerard Valentín,1993-07-28
279215,Vahid Amiri,1988-04-02
279529,Lukas Pokorny,1993-07-05
280700,Yohan Boli,1993-11-17
280730,Álvaro Odriozola,1995-12-14
281319,Alberth Elis,1996-02-12
281804,Sean McKirdy,1998-04-12
281989,Luis Milla,1994-10-07
281990,Nacho Monsalve,1994-04-27
282041,Presnel Kimpembe,1995-08-13
282073,Renan Zanelli,1992-05-18
282421,Javi Muñoz,1995-02-28
282660,Maximilian Mittelstädt,1997-03-18
283420,Nassim Badri,1993-12-08
283472,Abdiel Arroyo,1993-12-13
284177,Tim Handwerker,1998-05-19
284844,Sergey Ivanov,1997-01-07
284857,Marc Cucurella,1998-07-22
284872,Álvaro Bravo,1998-02-04
284990,Anastasios Karadais,1993-04-10
285279,Lorenzo Ranelli,1996-06-05
285583,Harry Burgoyne,1996-12-28
285754,Pietro Cianci,1996-02-02
286215,Luca Bezzo,1996-03-15
287648,Giuseppe Panico,1997-05-10
287690,Filippo Damian,1996-04-21
287871,Fabrizio Alastra,1997-10-01
287876,Antonino La Gumina,1996-03-06
287964,Ben Hall,1997-01-16
288230,Ousmane Dembélé,1997-05-15
288857,Dmitriy Nagiyev,1995-11-27
289255,Andoni Gorosabel,1996-08-04
290417,Niccolò Di Stefano,1995-05-04
290549,Ben Karamoko,1995-05-17
290569,Mamadou N'Diaye,1995-05-28
290733,Gian Filippo Felicioli,1997-09-30
290739,Ansoumana Sané,1996-05-25
291103,Clément Badin,1993-05-26
291129,Harry McKirdy,1997-03-29
291235,Aleksandr Sobolev,1995-03-30
291247,Dejan Drazic,1995-09-26
291399,Nanu,1994-05-17
291941,Carraça,1993-03-01
292356,Lazaros Lamprou,1997-12-19
292398,Fabio Abreu,1993-01-29
292734,George Dobson,1997-11-15
292780,Rena,1994-07-01
292808,Wout Faes,1998-04-03
293652,Firat Bilem,1996-05-01
294534,Janni Serra,1998-03-13
294568,Omer Atzili,1993-07-27
295414,Adrián Marín,1997-01-09
295619,Yevgeniy Nemtinov,1995-10-03
296674,Kenneth Fournier,1993-08-30
296781,Stanislav Kulish,1989-02-08
297016,Zoltán Szilvási,1993-06-20
297260,Sam Lidington,1997-03-04
297651,Mattia Trovato,1998-01-27
297990,Tobias Salquist,1995-05-18
298197,Antonio Sivera,1996-08-11
298602,Jhon Mondragón,1994-10-15
298659,Vasyl Grinka,1992-12-06
299121,Rick Dekker,1995-03-15
299232,Mustafa Cecenoglu,1994-01-12
300168,Mikel Vesga,1993-04-08
303248,Pedro López,1995-01-21
303410,Christopher Ibayi,1995-07-18
303947,Arne Van Den Eynde,1995-07-25
304225,Dimitrios Mavrias,1996-10-03
308541,Aleksandr Troshechkin,1996-04-23
308552,Jordan Larsson,1997-06-20
309175,Nikolaos Kokkalis,1995-01-28
312739,Thierry Graça,1995-01-27
312819,Silvère Ganvoula,1996-06-29
313334,Mert Kula,1995-01-01
314268,Jacob Maddox,1998-11-03
314940,Dimitri Liénard,1988-02-13
315208,Atakan Cankaya,1998-06-25
315850,Marco Tumminello,1998-11-06
315853,Alessandro Bastoni,1999-04-13
315930,Maxime Do Couto,1996-12-13
316111,Andrija Balic,1997-08-11
318403,Sergey Borodin,1999-01-30
318507,Paul Bernardoni,1997-04-18
318549,George Johnston,1998-09-01
319131,Miguel Muñoz,1995-01-26
319231,Claudiu Micovschi,1999-05-19
321551,Abdullah Celik,1997-07-19
322985,Gustavo Hamer,1997-06-24
325801,Oleksiy Tyshchenko,1994-07-21
325924,Ahmed Touba,1998-03-13
327251,Ridle Baku,1998-04-08
327542,Atakan Akkaynak,1999-01-05
328264,Smail Prevljak,1995-05-10
328609,Derek Cornelius,1997-11-25
329178,Luka Kikabidze,1995-01-21
330190,Kenan Eryüksel,1995-08-18
330352,Raúl Guti,1996-12-30
330699,Raphael Obermair,1996-04-01
331208,Petros Orfanidis,1996-03-23
331511,Riqui Puig,1999-08-13
331575,Birk Risa,1998-02-13
332615,Nélson Monte,1995-07-20
333820,Oleg Roganov,1995-04-26
334434,Anatoli Malashenko,1994-02-23
335598,Will Collar,1997-02-03
335820,Constantin Dima,1999-07-21
335997,Luca Plogmann,2000-03-10
336058,Tucka,1996-02-15
336085,Atakan Ekiz,1996-11-06
336160,Andrija Novakovich,1996-09-21
336303,Bart Straalman,1996-08-22
336382,Dejan Joveljic,1999-08-07
336667,Assim Madibo,1996-10-22
336726,Georgios Kakko,1997-05-18
336835,Fahad Al-Abdulrahman,1995-04-06
337090,Marius Liesegang,2000-01-07
337387,Nicolas La Vigna,1997-06-20
337795,Carlos Alves,1998-02-18
337810,Daniel Bezziccheri,1998-01-21
338627,Francesco Antonucci,1999-06-20
338629,Sebastiaan Bornauw,1999-03-22
338665,Brent Gabriël,1999-01-27
339543,Giorgos Papageorgiou,1997-06-07
339845,Ivan Yanakov,1994-07-07
340260,Raúl Asencio,1998-05-20
340309,Mich'el Parker,1998-10-22
340437,Andrea Paolelli,1997-07-31
340745,Mohamed Buya Turay,1995-01-10
341019,Güven Yalcin,1999-01-18
341102,Alperen Babacan,1997-07-18
341110,Franco Cervi,1994-05-26
342202,Loïc Badiashile,1998-02-05
342345,Panagiotis Konstantinopoulos,1995-09-05
342346,Dimitrios Chantakias,1995-01-04
342762,Manolis Zambazis,1997-04-24
343151,Ivan Kalyuzhnyi,1998-01-21
343488,João Gomes,1997-04-29
343949,Zakaria Hamadi,1998-03-21
344004,Cameron Coxe,1998-12-18
344457,Lazar Carevic,1999-03-16
344591,Gaëtan Poussin,1999-01-13
344607,Nabil Alioui,1999-02-18
345449,Kamil Piatkowski,2000-06-21
345714,Stefan Jevtoski,1997-09-02
345742,Alessandro Quaini,1998-09-17
345758,Jamie Barjonas,1999-01-24
346766,Guilherme Arana,1997-04-14
347253,Dany Mota,1998-05-02
347546,Ross MacLean,1997-03-13
347824,Mateus Anderson,1994-03-06
349733,Müslüm Talsik,1996-04-20
350193,Dennis van der Heijden,1997-02-17
350310,Vitó,1997-09-18
351421,Egor Tushev,1998-04-05
351546,Niko Hämäläinen,1997-03-05
351809,Robin Le Normand,1996-11-11
351837,Elohim Rolland,1989-03-03
352393,Christopher Rocchia,1998-02-01
353032,Omar Alderete,1996-12-26
353365,Marcus Coco,1996-06-24
353395,Jordy Gaspar,1997-04-23
353674,Keshi Anderson,1995-04-06
353775,David Akintola,1996-01-13
353922,Mert Müldür,1999-04-03
353948,Lucas Tousart,1997-04-29
354317,Muhammed Emin Balcilar,1996-04-15
354666,Shamar Nicholson,1997-03-16
355048,Davide Seminara,1998-07-05
355492,Jorge Elias,1991-06-05
355707,Lennert De Smul,1996-06-20
356195,Greg Luer,1994-12-06
356618,Iain Wilson,1998-12-15
357066,Numan Soysal,1998-01-31
357192,Gerasimos Papangelis,1997-06-24
358042,Tom Reyners,2000-04-20
358200,Tiago Castro,1996-01-31
358505,Théo Guivarch,1995-11-17
358507,Bradley Mazikou,1996-06-02
358948,Bright Osayi-Samuel,1997-12-31
360518,Teun Koopmeiners,1998-02-28
361068,Jurgen Ekkelenkamp,2000-04-05
361699,Tiago Serralheiro,1997-03-20
362981,Marco Varnier,1998-06-08
363177,Matheus Cassini,1996-02-15
364038,Tymofiy Sheremeta,1995-10-06
364136,Lorenzo Gavioli,2000-01-07
364239,Moussa Koné,1996-12-30
364261,Tchê Tchê,1992-08-30
364827,Cédric Kipré,1996-12-09
365247,Timotheos Tselepidis,1996-02-02
365259,Dimitrios Tsatsopoulos,1996-04-12
365616,Alex Júnior,1993-12-05
365692,Dmytro Topalov,1998-03-12
366446,Denys Kostyshyn,1997-08-31
366948,Jailson,1995-09-07
366974,Oscar Linnér,1997-02-23
367466,Thierry Correia,1999-03-09
367992,Jesper Karlsson,1998-07-25
368825,Fatih Kaya,1999-11-13
368860,Torben Müsel,1999-07-25
369319,Dylan Vente,1999-05-09
369567,Sasa Kalajdzic,1997-07-07
369650,Mohamed Ofkir,1996-08-04
370520,Damien Mouchamps,1996-01-10
370734,Nicolás Garmendia,1998-02-01
371145,Imad Faraj,1999-02-11
371936,Sieben Dewaele,1999-02-02
373381,Pasquale Giannotti,1999-06-05
373899,Jacopo Segre,1997-02-17
374924,Tjardo Techel,1995-11-24
375180,Oleksandr Kozak,1994-07-25
375662,Vitaliy Stezhko,1997-01-29
375755,Magomed Musalov,1994-02-09
375857,Kristijan Bistrovic,1998-04-09
375955,Yegor Klymenchuk,1997-11-11
376460,Djordje Jovanovic,1999-02-15
376592,Andy Macrae,1998-05-12
376675,Richard van der Venne,1992-05-16
379093,Jorge Vilela,1996-03-16
380919,Nihad Mujakic,1998-04-15
381069,Marcus Godinho,1997-06-28
381248,Tatsuya Ito,1997-06-26
381356,Vasilios Amarantidis,1997-04-02
381714,Danil Prutsev,2000-03-25
382571,Francesco Forte,1998-11-13
382895,Roman Goncharenko,1993-11-16
384060,Tino Kadewere,1996-01-05
385379,Davide Buglio,1998-02-26
385396,Ryan Nolan,1999-02-17
386022,Serhat Mutlu,1997-05-12
387199,Benaissa Benamar,1997-04-08
388161,Matty Knox,1999-12-22
390112,Elia Giampà,1998-06-27
390124,Alexandros Gargalatzidis,2000-04-12
390370,Ravanelli,1997-08-29
391132,Matt Butcher,1997-05-14
391337,Berker Öncü,1996-05-20
391780,Derrick Köhn,1999-02-04
391931,Marco Alia,2000-04-26
392149,Julian Albrecht,2001-08-31
392241,Antonis Anastasiou,1996-09-13
392771,Ethan Ampadu,2000-09-14
392810,Casimir Ninga,1993-05-17
392959,Andrea Colpani,1999-05-11
393241,Godfried Roemeratoe,1999-08-19
393323,Brenden Aaronson,2000-10-22
393846,Dejan Kerkez,1996-01-20
394296,Alessio Miceli,1999-08-31
394345,Mohamed Rabbas,1999-09-29
394346,Emanuel Vignato,2000-08-24
395522,Samuel Essende,1998-01-23
395674,Adrien Lebeau,1999-07-08
395694,Yassin Fekir,1997-05-05
395892,Ilya Viznovich,1998-02-10
396005,Richelor Sprangers,1998-02-10
396131,Aly Ndom,1996-05-30
396328,Luis Perea,1997-08-25
396341,Álex dos Santos,1999-01-15
396401,Maksym Chekh,1999-01-03
396411,Vladyslav Bugay,1997-10-27
396443,Diogo Mendes,1998-01-24
396548,Logan Chalmers,2000-03-24
396869,Germán Rivero,1992-03-17
397090,Davidson,1991-03-05
397099,Jordi Osei-Tutu,1998-10-02
397497,Patrik Raitanen,2001-06-13
398056,Álex Pastor,1999-10-01
399260,Kyle McAllister,1999-01-21
399357,Manuel Nieto,1998-03-29
399455,Jack Lambert,1999-03-19
399506,Judicaël Boizart,1998-12-16
399776,Pau Torres,1997-01-16
400550,Nikolai Baden Frederiksen,2000-05-18
400831,Rafael Camacho,2000-05-22
401046,Ross MacIver,1999-02-28
401356,Edson Álvarez,1997-10-24
401394,Adam Gnezda Cerin,1999-07-16
402363,Kauê Silva,1997-01-04
402604,Vladimir Moskvichev,2000-03-02
403572,Stephen Kelly,2000-04-13
405385,Yukinari Sugawara,2000-06-28
405800,Thomas Biancardini,1997-11-25
406738,Charles Vittini,1997-09-23
407014,Gaëtan Missi Mezu,1996-05-04
407098,Jakub Kaminski,2002-06-05
407263,Mamadou Traoré,1994-10-03
408958,Mateus Vital,1998-02-12
409498,Timothy Galjé,2001-06-05
409884,Miguel Nóbrega,2000-04-17
409886,Úmaro Embaló,2001-05-06
410443,Felipe Augusto,1992-03-06
410743,Denzel Budde,1997-04-08
410748,Rogier Benschop,1998-07-20
410833,Ilker Günaslan,1997-01-15
411295,Raphinha,1996-12-14
411302,Brendan Hines-Ike,1994-11-30
411424,Alexandre Llovet,1997-11-26
411662,Lucas Veríssimo,1995-07-02
413118,Sikou Niakaté,1999-07-10
413178,Christos Albanis,1999-02-08
413220,James Justin,1998-02-23
413244,Vladislav Masalskiy,1998-06-12
415383,Hervé Koffi,1996-10-16
416003,Antonis Karageorgis,1997-05-16
416626,Serkan Bakan,2001-01-01
418571,Hamza Rafia,1999-04-02
418658,Charles Abi,2000-04-12
418884,Andrea Cagnano,1998-06-17
419096,Nicolas Orye,1998-08-31
419427,Bob Straetman,1997-12-29
419448,Oguzhan Malci,1996-04-14
419672,Mikhail Ignatov,2000-05-04
420189,Tom van de Looi,1999-07-02
421319,Ömer Alper Tatlisu,1997-01-01
421710,Patryk Szysz,1998-04-01
421773,Riccardo Tonin,2001-01-30
422281,Muhammed Cham,2000-09-26
422951,Victor Nelsson,1998-10-14
423609,Luka Adzic,1998-09-17
425456,Sean Clare,1996-09-18
425756,Daniil Kulikov,1998-06-24
426680,Vladislav Nurgaleev,1997-08-30
427197,William Bianda,2000-04-30
428380,Yuriy Romanyuk,1997-05-06
430121,Everton,1993-07-03
430788,Tom Edwards,1999-01-22
432090,Nicolò Fagioli,2001-02-12
432175,Marcos López,1999-11-20
432384,Matteo Raspa,2001-08-21
432852,Deroy Duarte,1999-07-04
432958,Lucas Mineiro,1996-02-24
433592,Koen Huntelaar,1998-07-08
434295,Lazar Nikolic,1999-08-01
434514,Benjamin Van Durmen,1997-03-20
434792,Jeppe Gertsen,1997-02-09
435807,Alasana Manneh,1998-04-08
441128,Luca Napoleone,1993-09-30
441986,Yann Aurel Bisseck,2000-11-29
442459,Juul Respen,1998-10-21
442942,Mohammed Kadiri,1996-03-07
443083,Jaimy Brute,1999-04-15
443778,Ilya Zhigulev,1996-02-01
447143,Florimond Smars,1998-01-12
448468,Jefferson Encada,1998-04-17
448782,Volodymyr Savoshko,1995-05-25
448783,Maksym Grysyo,1996-05-14
448917,Ilias Gianniotis,1997-04-05
450417,Dylan Bronn,1995-06-19
450714,Ali McCann,1999-12-04
451801,Abdul Mumin,1998-06-06
452308,Mohamed Amelhaf,1997-11-25
452580,Siebren Lathouwers,2000-08-11
453028,Nicolai Dohn,1998-08-18
453525,Dehninio Muringen,1999-02-01
453575,Jorge Segura,1997-01-18
454574,Peter Urminsky,1999-05-24
454863,András Schäfer,1999-04-13
455127,Willum Thór Willumsson,1998-10-23
455241,Rasmus Overgaard,1997-08-07
456080,Karim Aribi,1994-06-24
456292,Ellery Balcombe,1999-10-15
458029,Kazim Celik,2000-01-06
459101,Roberto De Angelis,2001-07-27
459658,Andrea Cambiaso,2000-02-20
459758,Ilya Bryukhov,1998-08-08
461653,Artem Malysh,2000-07-15
461654,Taras Dmytruk,2000-03-09
461883,Calvin Bassey,1999-12-31
461909,Diego Abbrandini,2001-09-14
462819,Muamer Brajanac,2001-02-15
462840,Rasmus Rejnhold,2001-05-23
463617,Adil Taoui,2001-08-10
464258,Egor Chernyshov,1997-04-18
464528,Giannis Michailidis,2000-02-18
464598,Casper Tengstedt,2000-06-01
465276,Andrea Donadello,2000-04-28
467250,Yukhym Konoplya,1999-08-26
467540,James Brown,1998-01-12
468234,Ibrahima Savane,1993-09-10
468309,Lucas Rosa,2000-04-03
468927,Vladislav Yarukov,2001-07-16
470244,Baris Bozdilki,1997-03-21
470596,Paris Maghoma,2001-05-08
470960,Jacob Adebanjo,1993-09-05
471005,Stef De Reys,1998-01-05
471243,Derick Osei,1998-09-10
472157,João Lima,1998-02-25
475604,Dylan Bikey,1995-02-18
476598,Anton Miterev,1996-05-03
477306,Hilary Gong,1998-10-10
477546,Francesco Mazzolo,2001-09-04
477922,Lazar Kojic,1999-12-11
479589,Aliou Badji,1997-10-10
479601,Henrique Martins,1998-01-14
479945,Carl Stewart,1997-05-02
481176,Valère Pollet,1997-06-27
481634,Logan Ndenbe,2000-02-09
481692,Georgios Vrakas,2001-04-28
482105,Gustav Mogensen,2001-04-19
483916,Lazaros Rota,1997-08-23
484838,Viljami Sinisalo,2001-10-11
484987,Théo Barbet,2001-03-06
485392,Afonso Brito,1999-05-05
485965,Nicolas Cozza,1999-01-08
486624,Musa Barrow,1998-11-14
486813,Stanislav Shopov,2002-02-23
489343,Leo Oppermann,2001-08-28
490511,Tapmahoe Sopacua,2000-05-04
491737,Josef Bursik,2000-07-12
494679,Angelos Liasos,2000-05-26
494954,Kirill Kaplenko,1999-06-15
495629,Hugo Guillamón,2000-01-31
495918,Dmytro Semenov,1999-11-04
495922,Maksym Voytikhovskyi,1999-01-07
496037,Vadym Schastlyvtsev,1998-04-18
498235,Pedro Mendes,1999-08-01
501250,Stepan Melnikov,2002-04-25
503032,Edu Frías,1998-12-31
504298,Mazire Soula,1998-06-06
504882,Claudio Spinelli,1997-01-21
505194,Luke Thomas,2001-06-10
509125,Lucas Morales,1999-06-14
510385,Claudio Medina,1993-09-04
510482,Burak Agaoglu,1999-03-23
510635,Cássio Scheid,1994-01-03
511118,Murat Sevimler,1998-07-11
511121,Roman Babyak,1998-02-28
511552,Ryan Astley,2001-10-04
512356,Jorginho,1998-05-19
513346,Matheus Costa,1995-01-26
514287,Thijs Jansen,2001-11-29
514304,Nélson Luz,1998-02-04
515613,Marko Divkovic,1999-06-11
517845,Jérémy Blasco,1999-02-12
518348,Kelechi John,1998-09-07
519175,Lorenzo Bertini,2001-08-17
519602,Vladyslav Apostolyuk,1998-03-13
519731,Danilo,1999-04-07
521841,Andriy Yakymiv,1997-06-15
523228,Kgaogelo Sekgota,1997-06-22
523363,Kaio,1995-09-18
525131,Yacine Bourhane,1998-09-30
525299,Miguel Gutiérrez,2001-07-27
525320,Gaultiér Overman,2000-11-15
525578,Pathé Ciss,1994-03-16
525692,Georgiy Gongadze,1996-03-20
526873,Jake Eastwood,1996-10-03
530851,Franco Tongya,2002-03-13
531450,Willy Semedo,1994-04-27
531949,Ignatius Ganago,1999-02-16
532169,Lukasz Poreba,2000-03-13
532574,Ilya Berkovskiy,2000-03-15
533060,Anderson Cruz,1996-04-09
533818,Tobias Munkholm,1999-03-08
534198,Abdoul Hate Bane,2001-03-21
535706,Sami Lahssaini,1998-09-18
535740,Giuseppe Ciocci,2002-01-24
537759,Sergio Santos,2001-01-03
537860,Mykhaylo Mudryk,2001-01-05
538006,Kwasi Sibo,1998-06-24
538569,Tommaso Milanese,2002-07-31
538919,Matias Fonseca,2001-03-12
538977,Georginio Rutter,2002-04-20
539132,Giacomo Olzer,2001-04-14
539262,Philip Azango,1997-05-21
539435,Bogdan Chuev,2000-02-23
541601,Sören Tengstedt,2000-06-30
542338,David Toshevski,2001-07-16
542462,Peter Christiansen,1999-12-02
543197,Embiya Ayyildiz,2000-07-05
544792,Miguel Tavares,1998-08-29
546186,Georgios Vagiannidis,2001-09-12
548193,Zeno Debast,2003-10-24
548347,Melvin Zinga,2002-03-16
548635,Iñaki Álvarez,1997-06-18
549844,Ian Opdenakker,1999-09-11
549966,Jackson Muleka,1999-10-04
550659,Jonas Skytte,2001-05-02
552472,Nahuel Estévez,1995-11-14
552581,Marcão,1995-08-17
554098,Keenan Appiah-Forson,2001-10-16
554432,Mattia Turra,2002-08-29
555135,Daniil Odoevskiy,2003-01-22
559806,Ryan Edmondson,2001-05-20
561260,Bruno Leite,1992-07-17
561883,Kirill Kosarev,2001-08-01
562060,Gauthier Banaziak,1997-05-25
562825,Wajdi Sahli,1997-04-17
564383,Murilo Souza,1996-05-17
564594,Cedwyn Scott,1998-12-06
564968,Francisco Meixedo,2001-05-19
565016,Ibe Hautekiet,2002-04-13
567156,Sean Ward,2002-03-01
567586,Kouya Mabea,1998-10-23
568149,Alberto Moreno,2002-04-19
568242,Lachezar Kotev,1998-01-05
568333,Adam Obert,2002-08-23
569383,Chrislain Matsima,2002-05-15
570508,Vladislav Poletaev,2000-01-05
571079,Facundo García,1999-12-16
571188,Luiz Fernando,1996-03-20
573775,Hugo Duro,1999-11-10
574669,Bogdan Jocic,2001-01-11
576034,Bora Barlas,1998-03-22
578872,Jean Lucas,1998-06-22
579450,Judah García,2000-10-24
583199,James McAtee,2002-10-18
585082,Mihajlo Banjac,1999-11-10
586229,Jannik Horz,2003-04-14
588108,Ömer Caki,2000-01-14
589737,Kelvin Yeboah,2000-05-06
591726,Pedro Soares,1999-03-30
592473,Dean Cornelius,2001-04-11
593410,Yahya Kalley,2001-03-20
593862,Thomas Beelen,2001-06-11
595809,Beto,1998-01-31
597587,Mikaele Falzone,2000-05-18
599287,Aleksandr Golubtsov,1998-09-11
603348,Valmir Veliu,2000-06-04
605532,Egor Proshkin,1999-01-15
605923,Artem Shabolin,2000-07-19
606307,Vladislav Cherny,2003-06-21
607227,Lisandru Tramoni,2003-04-18
608469,Adolfo Gaich,1999-02-26
609883,Luke Mbete,2003-09-18
610336,Antoñín,2000-04-16
610442,Rasmus Højlund,2003-02-04
612880,Lucas Ribeiro Costa,1998-10-09
613312,Doganay Aygün,2000-06-08
613641,Jamerson,1998-09-09
614258,Levi Colwill,2003-02-26
616638,Alassane Sidibe,2002-06-09
618405,Teddy Alloh,2002-01-23
618813,Carlos Martín,2002-04-22
620317,Brayann Pereira,2003-05-21
620322,Malo Gusto,2003-05-19
623143,Konstantinos Kalaitzakis,2001-05-11
623306,Denis Novikov,2000-08-17
623740,Ross Tierney,2001-03-06
623851,Khadim Ndiaye,2000-04-12
624831,Taddeus Nkeng,2000-02-26
627205,Griffin Yow,2002-09-25
628329,Ajdi Dajko,2002-10-28
628464,Manu Lama,2001-02-12
629587,Teddy Bartouche,1997-06-05
631098,Lanchi,2001-06-23
631282,Yevgeniy Serdyuk,1998-04-24
631472,Bruno Langa,1997-10-31
631704,Alassana Jatta,1999-01-12
631819,Danil Skorko,2002-04-06
633649,Adam Devine,2003-03-25
634116,Yoel Ramírez,2002-02-05
636237,Kostyantyn Vivcharenko,2002-06-10
638552,Emirhan Zaman,2003-05-19
639281,Walter Bwalya,1995-05-05
641294,Théo Godard,2001-05-21
645589,Elias Achouri,1999-02-10
646704,Maxim Dekker,2004-04-21
647120,Veysel Ünal,2001-07-03
647281,Dylan Tait,2001-12-01
648032,James Abankwah,2004-01-16
649452,Issa Kaboré,2001-05-12
650712,Myron van Brederode,2003-07-06
651206,Angelo Guida,2002-08-24
651534,Yusufcan Demirok,2000-09-12
654414,Yanis Lhéry,2003-05-07
654415,Alan Virginius,2003-01-03
654681,Pier Paolo Salvati,2002-02-26
654950,Murilo Cadina,1997-01-27
655898,Ahmet Gülay,2003-01-13
655909,Ruhan Arda Aksoy,2003-03-31
658116,Ben Bobzien,2003-04-29
660319,Robbe Quirynen,2001-11-03
661467,Gerónimo Bortagaray,2000-08-05
663347,Marcus Hannesbo,2002-05-11
664128,Alexandre Ippolito,1999-01-05
666589,Mubaraq Adeshina,2002-01-30
666616,Olakunle Olusegun,2002-04-23
669956,Leonardo Lelo,2000-03-30
670717,Dário Essugo,2005-03-14
670812,Oleg Dzantiev,1999-03-09
670846,Ben Chrisene,2004-01-12
671203,Rui Encarnação,1998-04-05
671735,Jorg Schreuders,2004-09-09
672449,Zé Oliveira,2002-04-06
673196,Aleksandr Orekhov,2002-05-24
674501,Jonathan Gómez,2003-09-01
674692,David Devine,2001-06-20
674798,Gonçalo Franco,2000-11-17
674921,Nikola Soldo,2001-01-25
678479,Denis Huseinbasic,2001-07-03
678503,Danylo Varakuta,2001-11-04
682032,Marley Aké,2001-01-05
684062,Hianga'a Mbock,1999-12-28
684299,Eñaut Mendia,1999-06-25
685219,Ansor Khabibov,2003-07-20
685329,Anil Yasar,2002-07-01
685651,Pontus Texel,2004-02-27
685723,Timur Kasimov,2002-12-12
688246,Maxim Deman,2001-10-23
692563,Ivan Kukushkin,2002-07-24
694205,Sam Denham,2002-10-25
695507,Anil Özcelik,2002-01-29
696022,Maximilian Neutgens,2004-03-03
697067,Egemen Pehlivan,2000-01-11
697724,Egor Pogostnov,2004-03-01
484387,Matty Longstaff,2000-03-21
488996,Thórir Jóhann Helgason,2000-09-28
502288,Bryan Limbombe,2001-05-14
502291,Milan Taildeman,2001-06-27
521127,Ayoub El Kaabi,1993-06-25
524428,Nicolas Galazzi,2000-12-18
536826,Nacho Quintana,2001-02-23
537142,Salvatore Rimoli,2001-06-07
538337,Enzo Gaggi,1998-01-14
538921,Freddy Quispel,2000-10-23
542835,Marcus Backmann,1998-01-05
549954,Mo Amissi,2000-08-03
551085,Luca Oyen,2003-03-14
563306,Jordan Thomas,2001-01-02
565429,Vic Chambaere,2003-01-10
567489,Cuba,2003-04-16
569576,Pepi,1996-04-14
579761,Tony Miettinen,2002-09-23
587726,Burak Bozan,2000-08-23
591362,Rohat Agca,2001-09-03
601028,Hamza Deniz Dündar,2000-01-29
618087,Max Wolfs,2002-05-04
619468,Joseph Akomadi,1999-09-23
621282,Vito Mattia Radicchio,2002-11-06
655907,Berke Gürbüz,2003-01-27
662703,Didier La Torre,2002-03-21
672381,Jonathan Rowe,2003-04-30
678100,Aziz Ouattara,2001-01-04
680806,Samuel Edozie,2003-01-28
690572,Dmitriy Kaptilovich,2003-02-22
690924,Jota Gonçalves,2000-06-17
692608,Ben Engdahl,2003-09-17
694926,Edgar Pacheco,2000-06-23
700568,Jorge Ferreira,2001-09-06
719654,Isaac Asante,2002-08-29
721481,Roman Lazar,2005-06-28
733856,Petros Kyritsas,2003-08-06
789587,Oleg Vlasov,2002-10-25
791140,Daniil Semilet,2001-03-07
801754,Yanis Cimignani,2002-01-22
817523,André Lopes,2001-11-02
830286,Senne Ceulemans,2002-03-13
6910,Hasan Ücüncü,1980-11-16
7955,Jeroen Verhoeven,1980-04-30
7989,Fernando Soriano,1979-09-24
10642,Mike Williamson,1983-11-08
13823,Hugo,1976-08-11
13997,Danny Butterfield,1979-11-21
19114,Michael Langer,1985-01-06
22109,Saso Fornezzi,1982-12-11
29424,Paulinho,1986-01-10
31216,Tobias Levels,1986-11-22
34570,Luis Tinoco,1986-10-17
35416,David McGoldrick,1987-11-29
39372,Mario Vrancic,1989-05-23
39914,Mathieu Coutadeur,1986-03-20
40014,Alaixys Romao,1984-01-18
43264,Benoît Trémoulinas,1985-12-28
44979,Mehmet Eren Boyraz,1981-10-11
45622,Ernest Asante,1988-11-06
48634,Fedor Kudryashov,1987-04-05
49409,James Perch,1985-09-28
49800,Milan Mitrovic,1988-07-02
55683,Murat Ceylan,1988-03-02
56325,Gersom Klok,1990-10-07
58957,Bura,1988-12-17
58965,Rúben Lima,1989-10-03
59933,Stanislav Bogush,1983-10-25
64490,Ilias Haddad,1989-03-01
68718,Yoann Touzghar,1986-11-28
70567,André Riel,1989-10-21
74648,Wissem Ben Yahia,1984-09-09
77384,William Mensah,1982-07-15
78418,Abdullah Halman,1987-08-15
85791,Stefan Lainer,1992-08-27
87856,Roderick Miranda,1991-03-30
89542,Janek Sternberg,1992-10-19
91469,Kian Hansen,1989-03-03
93670,Olivier Boumal,1989-09-17
93926,Johannes Wurtz,1992-06-19
95272,Robert Kurez,1991-07-20
98240,Ciaran Clark,1989-09-26
99397,Karl Darlow,1990-10-08
102097,Gudjón Baldvinsson,1986-02-15
103981,Jannich Storch,1993-05-12
106306,Samuel Inkoom,1989-06-01
109305,Adam Sarota,1988-12-28
118323,Ricardo Alves,1991-05-09
121011,Oleksandr Kochura,1986-03-07
121324,John Egan,1992-10-20
122251,Muhamed Subasic,1988-03-19
128352,Hansell Arauz,1989-08-09
129236,Torgeir Börven,1991-12-03
129696,Yoshiaki Takagi,1992-12-09
135343,Fabian Schär,1991-12-20
138084,Simon Bracké,1995-11-17
145556,Jevrem Kosnic,1993-04-28
146690,George Baldock,1993-03-09
149518,Michaël Barreto,1991-01-18
159239,Dennis Srbeny,1994-05-05
164231,Romario Benzar,1992-03-26
167800,Mikkel Jensen,1995-01-21
173405,Ergys Kaçe,1993-07-08
174706,Jonathan Zongo,1989-04-16
177003,Ömer Kandemir,1993-07-03
177475,Boris Kleyman,1990-10-26
180805,Zan Majer,1992-07-25
187603,Jordy van Deelen,1993-06-29
187959,Markos Dounis,1992-05-09
195910,Yohan Croizet,1992-02-15
198866,Tekio,1990-07-30
198873,Marco Modolo,1989-03-23
200467,Jean-Claude Bozga,1984-06-01
203608,Milos Deletic,1993-10-14
206568,Nikolaos Moustakis,1990-05-04
207048,Mickey van der Hart,1994-06-13
213852,Atakan Cangöz,1992-03-30
214775,Óliver Torres,1994-11-10
217149,Antonio Marín,1996-06-17
217259,Giuseppe Leo,1995-01-30
221955,Sergiy Shestakov,1990-04-12
226964,Dominic Gape,1994-09-09
226977,Jake Sinclair,1994-11-29
232496,Anatoliy Nikolaesh,1996-04-17
234803,Andrew Robertson,1994-03-11
239951,Andrej Lukic,1994-04-02
244280,Tim Welker,1993-09-08
246197,Naoki Maeda,1994-11-17
250426,Adam Armstrong,1997-02-10
253063,Jaroslav Navratil,1991-12-30
253341,Rob Holding,1995-09-20
255195,Greg Houla,1988-07-19
256000,Marko Jevtovic,1993-07-24
258887,Tafari Moore,1997-07-05
258920,Ryan Huddart,1997-03-06
267030,Ramazan Sefik,1991-04-24
268620,Henrik Björdal,1997-02-04
268958,Juan Muñoz,1995-11-12
270515,Lauri Ala-Myllymäki,1997-06-04
271340,Heliardo,1991-12-14
272694,Mark Engberink,1992-08-12
273001,Rodney Antwi,1995-11-03
274848,Stelios Pozatzidis,1994-06-24
276567,Justin Hoffmanns,1997-02-26
277335,Bruno Henrique,1989-10-21
277972,Ahmed Yasser,1991-11-27
282654,Ivan Zlobin,1997-03-07
282726,Dani Morer,1998-02-05
285867,Pavel Ovchinnikov,1998-03-24
289507,Ismail Azzaoui,1998-01-06
292615,Stallone Limbombe,1991-03-26
293351,Denis Granecny,1998-09-07
295630,Dimitrios Giannoulis,1995-10-17
304746,Ahmet Özden,1996-10-11
304813,Didier Delgado,1992-07-25
315287,Yusuf Türk,1998-02-13
321948,Dmytro Shapoval,1996-06-17
322915,Yuriy Pavlyk,1994-02-15
326363,André Moreira,1995-12-02
330824,Ataberk Dadakdeniz,1999-08-05
332250,Nicolás Oroz,1994-04-01
333684,Frederik Christensen,1995-03-07
334477,Denis Adamov,1998-02-20
340325,Reiss Nelson,1999-12-10
341429,Davinson Sánchez,1996-06-12
345105,Gökdeniz Bayrakdar,2001-11-23
345750,Roman Lyopka,1997-01-26
346499,Danel Sinani,1997-04-05
347642,Dominik Bilogrevic,1999-01-02
348267,Bruno Ramires,1994-03-18
349066,Alexander Isak,1999-09-21
351395,Mohamed Helal,1995-10-08
359233,Joaquín Torres,1997-01-28
360239,Charles Ankomah,1996-04-10
368468,Moisés,1995-03-11
371980,Mohamed Mallahi,2000-02-13
375001,Richard Antwi Manu,1996-07-21
380409,João Jaquité,1996-02-22
381753,Ilia Gruev,2000-05-06
388795,Oumar Gonzalez,1998-02-25
395595,Stefanos Mouktaris,1994-07-10
400537,Adam Sörensen,2000-11-11
401836,Bassem Srarfi,1997-06-25
405393,Soichiro Kozuki,2000-12-22
412158,Birkan Öksüz,1996-03-19
413032,Ibrahima Diallo,1999-03-08
461629,Gustavo Assunção,2000-03-30
461843,Juan Berrocal,1999-02-05
471448,Luca van der Gaag,2001-07-19
493332,Nikolaos Kainourgios,1998-09-08
502253,Rousseau De Poorter,2001-10-01
504209,Gianluca Busio,2002-05-28
532824,Dan Langley,2000-12-28
534379,Pejiño,1996-07-29
539011,Sezer Taskolu,2000-05-16
539732,Yuriy Berdey,
540466,Franco Ferrari,1992-05-09
542833,Emil Bodholdt-Larsen,1999-02-15
546415,András Németh,2002-11-09
547889,Oregan Ravet,2001-07-13
548694,Oleksandr Tarasyuk,1998-05-09
553328,Tochi Chukwuani,2003-03-24
554174,J'Neil Bennett,2001-12-07
558631,Danila Bokov,2002-08-09
563963,Mohammed Salisu,1999-04-17
566861,Issa Bah,2002-07-05
570537,Vadym Chervak,1999-05-27
582232,Ilya Agapov,2001-01-21
594721,Melkamu Frauendorf,2004-01-12
600041,Mattia Felici,2001-04-17
610071,Rida El Barjiji,2000-10-20
628886,Iván Romero,2001-04-10
630024,Berkay Findik,2001-04-13
630524,Halil Ibrahim Sevinc,2002-01-24
662334,Marcelo Pitaluga,2002-12-20
670859,Antwoine Hackford,2004-03-20
681827,Jójó,2001-05-19
685742,Egor Prutsev,2002-12-23
699263,Maksim Kaynov,2002-03-24
699957,Adem Agaoglu,2002-03-30
699980,Enis Destan,2002-06-15
700076,Samet Kilickaya,2002-01-20
700166,André Liberal,2002-08-02
700264,Murat Sipahioglu,2002-02-02
700265,Mehmet Ali Akin,2002-01-01
704545,Ibrokhimkhalil Yuldoshev,2001-02-14
706859,Louis Fortin,2002-01-12
711625,José Ángel Carmona,2002-01-29
712561,Grigoriy Zhilkin,2003-06-20
716525,Antal Bencze,2002-06-03
718318,Ibrahim Said,2002-06-15
718763,Kirill Stolbov,2004-04-08
719383,Ivan Pavlić,2001-11-10
721470,Patrik Walemark,2001-10-14
721511,Maksym Khlan,2003-01-27
725577,Jorès Rahou,2003-02-02
726016,Denys Shostak,2003-01-24
726428,Ali Erturul,2003-02-21
726431,Valsamis Arabatzis,2003-05-15
728379,Andriy Chekotun,2002-09-02
728380,Andrey Vyskrebentsev,2000-10-27
729433,Yuriy Ivanochko,1998-04-04
729500,Bedirhan Kahraman,2003-01-01
733698,Georgios Ermidis,2001-06-08
735412,Marios Tzavidas,2003-10-08
743421,Aziz Aksoy,2000-07-12
744957,Tony Weston,2003-09-17
746554,Thierry Small,2004-08-01
746997,Aidan Denholm,2003-11-09
746999,Fergus Dee,2003-10-21
747967,Brian Schwake,2001-08-24
750886,Alexis Tibidi,2003-11-03
757272,Adam Montgomery,2002-07-18
765390,Andriy Gretsaychuk,2001-11-10
771910,Maksym Solovyov,2002-02-22
782476,Yoann Cathline,2002-07-22
785967,Ibrahima Kébé,2000-08-01
786438,Jony Álamo,2001-09-25
787302,Nikita Kashtan,2003-09-01
787303,Pavel Gorelov,2003-01-22
787304,Wiliam Rogava,2003-01-25
794298,Kyrylo Senko,2002-11-19
795431,Tio Cipot,2003-04-20
795657,Djeidi Gassama,2003-09-10
796429,Justin Che,2003-11-18
804547,Redwan Bourlès,2003-01-02
806551,Apostolos Adamidis,2003-06-12
808452,Jack Milne,2003-02-10
808943,Maksym Kovalenko,2002-05-30
808971,Denys Ndukve,2000-02-28
811430,Malik Sellouki,2000-03-21
814528,Georgios Kosteas,2003-04-16
815014,Atakan Müjde,2003-10-25
819636,Dzenan Pejcinovic,2005-02-15
821516,Yevgen Oberman,2001-10-20
821534,Maksym Mudryi,2003-05-05
822458,Bamba Dieng,2000-03-23
830890,Marvin Senaya,2001-01-28
831630,Okan Acar,2002-06-27
837005,Raymond Owusu,2002-04-20
839486,Hasanalp Birken,2002-02-18
840669,Bogdan Novikov,2001-07-04
842341,Maxime Estève,2002-05-26
842898,Kyrylo Khovayko,2001-06-17
846358,Kerr Smith,2004-12-12
861248,Mohamed Aggoun,2002-02-21
863919,Yvan Dibango,2002-03-10
867357,Nacho Ferri,2004-10-05
869935,Furkan Uslu,2002-09-06
875581,Adrian Blake,2005-07-15
876863,Metehan Ünal,2003-09-15
880332,Efecan Mizrakci,2004-01-09
883048,Dennis Deloriè,2004-11-06
888790,Miller Thomson,2004-07-20
891971,João Marques,2002-02-13
901801,Michalis Panagidis,2004-02-11
905011,Ibrahim Maza,2005-11-24
920218,Théo Borne,2002-07-15
933631,Angelos Tsiris,2004-08-18
952943,Yakiv Kinareykin,2003-10-22
956451,Emircan Atas,2003-02-10
964251,Joseph Amuzu,2004-08-18
968231,Danyil Pus,2003-01-02
1048118,Arda Ünyay,2007-01-18
77,Lúcio,1978-05-08
299,Fabian Ernst,
447,Oka Nikolov,1974-05-25
690,Ivan Klasnic,1980-01-29
831,Selim Teber,1981-03-07
1139,Nikolce Noveski,1979-04-28
1423,Lars Jacobsen,1979-09-20
1443,Christian Poulsen,1980-02-28
1572,Andreas Wolf,1982-06-12
1725,Jesper Christiansen,1978-04-24
2233,Christian Lell,1984-08-29
2703,Morten Skoubo,1980-06-30
3132,Florin Cernat,1980-03-10
3165,Cris,1977-06-03
3466,Kevin Stuhr-Ellegaard,1983-05-23
3539,Luke Steele,1984-09-24
3548,Kieran Richardson,1984-10-21
3692,Jussi Jääskeläinen,1975-04-19
3950,Kevin Nolan,1982-06-24
3989,Dmitriy Sychev,1983-10-26
4111,Garry Monk,1979-03-06
4344,Michael Lamey,1979-11-29
4410,Marcel Seip,1982-04-05
4489,Khalid Boulahrouz,1981-12-28
4669,Mitchell Piqué,1979-11-20
5285,Patrice Evra,1981-05-15
5376,Camel Meriem,1979-10-18
5430,Lionel Mathis,1981-10-04
5469,Sébastien Chabbert,1978-05-15
5566,Romain Rocchi,1981-10-02
5576,Fabien Audard,1978-03-28
5614,Cédric Kanté,1979-07-06
6046,Giuseppe Sculli,1981-03-23
6065,Martin Jiranek,1979-05-25
6075,Erjon Bogdani,1977-04-14
6274,Grégory Cerdan,1982-07-28
6438,Cristian Ledesma,1982-09-24
6442,Antonio Rosati,1983-06-26
6764,Romeo Castelen,1983-05-03
6855,Georgios Samaras,1985-02-21
7087,Bülent Ertugrul,1978-09-17
7874,Gorka Iraizoz,1981-03-06
7899,Raúl Tamudo,1977-10-19
8060,Carl Medjani,1985-05-15
8198,Cristiano Ronaldo,1985-02-05
8540,Mathieu Valverde,1983-05-14
9602,Maarten Martens,1984-07-02
9618,Chris Burke,1983-12-02
9836,Dimitrios Papadopoulos,1981-10-20
10152,Cagdas Atan,1980-02-28
10250,Fabio Coltorti,1980-12-03
11268,Oliver Fink,1982-06-06
12028,Kossi Agassa,1978-07-02
12654,David Clarkson,1985-09-10
12703,Kevin Thomson,1984-10-14
12732,James Fowler,1980-10-26
13000,Georgios Smiltos,1992-10-07
13041,Boubacar Copa,1979-12-30
13216,José Moreira,1982-03-20
13326,Johnny Leoni,1984-06-30
13405,Omar Daley,1981-04-25
13543,Gary Teale,1978-07-21
13743,Jimmy Hempte,1982-03-24
13919,Simon Ramsden,1981-12-17
13932,James McPake,1984-06-24
14151,Kürsat Duymus,1979-02-01
15118,Thomas Augustinussen,1981-03-20
15164,Keiren Westwood,1984-10-23
15569,Ilya Abaev,1981-08-02
15593,Sergey Samodin,1985-02-14
15647,Vladimir Bystrov,1984-01-31
15724,Ismael López,1978-02-27
15803,Jonan García,1983-01-08
15821,Mert Nobre,1980-11-06
16402,Theofanis Gekas,1980-05-23
16529,Antonis Petropoulos,1986-01-28
16531,Georgios Barkoglou,1978-07-08
16551,Milan Vjestica,1979-11-15
16746,Niko Kranjcar,1984-08-13
16828,Alessandro Potenza,1984-03-08
17386,Hürriyet Gücer,1981-10-25
18331,Szabolcs Huszti,1983-04-18
18870,Liam Lawrence,1981-12-14
18900,Hatem Ben Arfa,1987-03-07
18912,Yoann Gourcuff,1986-07-11
19104,Giuseppe Rossi,1987-02-01
19385,Karim Matmour,1985-06-25
19671,Daniel Pavlovic,1988-04-22
20313,Jesper Juelsgaard,1989-01-26
20750,Christos Bourbos,1983-06-01
20913,Giuseppe Biava,1977-05-08
21086,Jakub Navratil,1984-02-01
21416,Richie Foran,1980-06-16
21861,Andrea Cossu,1980-05-03
21913,Andrea Campagnolo,1978-06-17
22141,Antonio Mirante,1983-07-08
22519,Mikkel Thygesen,1984-10-22
22614,Robert Snodgrass,1987-09-07
22630,Yohann Eudeline,1982-06-23
22636,Benoît Lesoimier,1983-02-21
22746,Nikita Bazhenov,1985-02-01
23247,Mikel Labaka,1980-08-10
23250,Niels Lodberg,1980-10-14
23287,Nacho,1980-06-24
23366,Eros Schiavon,1983-04-24
24232,Ronny Garbuschewski,1986-02-23
24316,Emiliano Viviano,1985-12-01
24606,Bostjan Cesar,1982-07-09
25113,Bruno Grougi,1983-04-26
25118,Jacob Mulenga,1984-02-12
25398,Paulo Jorge,1981-05-05
25550,Bora Körk,1980-06-09
25553,Brede Hangeland,1981-06-20
25668,Christos Mingas,1984-04-15
25684,Christos Melissis,1982-12-01
25758,Jaba Kankava,1986-03-18
25821,Oleksandr Bondarenko,1989-07-28
25942,Cristian Sapunaru,1984-04-05
26462,Leandro Fernández,1983-01-30
26585,Giannis Ioannou,1984-04-09
27494,Georgios Zisopoulos,1984-05-23
27505,Markus Rosenberg,1982-09-27
27511,Gary Cahill,1985-12-19
27644,Morten Moldskred,1980-06-13
27661,Lisandro López,1983-03-02
27683,Jesús Vázquez,1980-01-18
27900,Mensur Mujdza,1984-03-28
28283,Emrah Eren,1978-11-13
28289,Filipe da Costa,1984-08-30
28347,Jérémy Sapina,1985-02-01
28801,Peter Ramage,1983-11-22
28935,Paolo Dellafiore,1985-02-02
28984,Sol Bamba,1985-01-13
29004,Gary MacKenzie,1985-10-15
29187,Pedro Ríos,1981-12-12
29193,Rubén Suárez,1979-02-19
29401,Sami Khedira,1987-04-04
29456,Rasmus Lindgren,1984-11-29
30767,Gabriel Paletta,1986-02-15
31116,Norichio Nieveld,1989-04-24
32107,Manuel Scavone,1987-06-03
33078,Florian Jungwirth,1989-01-27
33357,Miranda,1984-09-07
33866,Steven Defour,1988-04-15
33953,Ricardo Faty,1986-08-04
34130,Tom Heaton,1986-04-15
34532,Jérémy Choplin,1985-02-09
34556,Arjan Swinkels,1984-10-15
34601,Raúl García,1986-07-11
34839,Franck Songo'o,1987-05-14
35509,Ergin Keles,1987-01-01
35518,David Silva,1986-01-08
35633,Jiri Jeslinek,1987-09-30
35761,Edward Ofere,1986-03-28
36040,Mitar Novakovic,1981-09-27
36134,Borivoje Ristic,1983-09-19
36529,Kevin McDonald,1988-11-04
36813,Ibrahima Sonko,1981-01-22
36814,Chris Brunt,1984-12-14
37217,Pär Hansson,1986-06-22
37372,Mark Milligan,1985-08-04
37501,Imanol Agirretxe,1987-02-24
37933,Andrei Prepelita,1985-12-08
37954,Hugo Monteiro,1985-05-09
37957,Alex Bruce,1984-09-28
38000,Joseph Akpala,1986-08-24
38356,Sébastien Siani,1986-12-21
38757,Kees van Buuren,1986-07-27
39153,Gonzalo Higuaín,1987-12-10
39471,Brad Guzan,1984-09-09
39732,Thomas Kraft,1988-07-22
40790,Pablo Cáceres,1985-04-22
40792,Manuel Riemann,1988-09-09
40995,Neven Subotic,1988-12-10
41653,Johan Dahlin,1986-09-08
42411,Fraizer Campbell,1987-09-13
42412,Jonny Evans,1988-01-03
42575,Enis Kahraman,1987-09-23
42792,Sander Puri,1988-05-07
43249,Marco van Duin,1987-02-11
43274,Stefan Reinartz,1989-01-01
43722,Mauricio Isla,1988-06-12
43858,Adam Legzdins,1986-11-28
43860,Anilton Júnior,1980-07-10
44059,Ervin Zukanovic,1987-02-11
44227,Ivan Kelava,1988-02-20
44402,Mehmet Topal,1986-03-03
44779,Diego Costa,1988-10-07
44997,Ediz Bahtiyaroglu,1986-01-02
45256,Jean-Sylvain Babin,1986-10-14
45491,Aleksandr Bukharov,1985-03-12
45599,Emiliano Insúa,1989-01-07
45655,José San Román,1988-08-17
45660,Eric Maxim Choupo-Moting,1989-03-23
45701,Vicente Monje,1981-06-22
45710,Sammir,1987-04-23
46001,Moussa Sissoko,1989-08-16
46104,Stevan Jovetic,1989-11-02
46567,Nat Wedderburn,1991-06-30
46728,Savvas Gentsoglou,1990-09-19
46991,Igor Stefanovic,1988-04-12
47074,Vladan Milosavljev,1987-02-01
47769,Bjarni Vidarsson,1988-03-05
47772,Paulus Arajuuri,1988-06-15
48226,Sam Foley,1986-10-17
48542,Sergey Narubin,1981-12-05
48858,Sune Kiilerich,1990-12-18
48870,Jonas Lössl,1989-02-01
49693,Andreas Weimann,1991-08-05
49838,Michael Eneramo,1985-11-20
50355,Fedor Smolov,1990-02-09
50388,Vladimir Volkov,1986-06-06
50477,Yohan Benalouane,1987-03-28
50570,Ezequiel Lavezzi,1985-05-03
51040,Alexander Kacaniklic,1991-08-13
51457,Guillermo Molins,1988-09-26
51471,Mateo Kovacic,1994-05-06
51699,Jacobo Sanz,1983-07-10
51710,Sergio Asenjo,1989-06-28
51912,Aleksandr Makarenko,1986-02-04
51977,Pavao Pervan,1987-11-13
52093,Maximilian Riedmüller,1988-01-04
52117,Marvin Pourié,1991-01-08
52136,Davide Di Gennaro,1988-06-16
52328,Gonzalo Bergessio,1984-07-20
52891,Taner Yalcin,1990-02-18
53226,David Braz,1987-05-21
53602,Marvin Bakalorz,1989-09-13
54716,Steven Vitória,1987-01-11
54916,Jonathan Rossini,1989-04-05
54996,João Victor,1988-11-07
55042,Diego Rigonato,1988-03-09
55322,Rhodolfo,1986-08-11
55595,Benjamin Mokulu,1989-10-11
55737,Artur Yedigaryan,1987-06-26
56100,Leon Balogun,1988-06-28
56821,Jérémy Taravel,1987-04-17
56936,Matías Defederico,1989-08-23
57110,Anthony Mounier,1987-09-27
57303,Joeri de Kamps,1992-02-10
57337,Karim Aït-Fana,1989-02-25
57693,Mario Fernández,1988-04-30
57847,Bruno Pinheiro,1987-08-21
57850,Müslüm Yelken,1988-11-28
57854,Furkan Özcal,1990-09-03
57935,Álvaro Giménez,1991-05-19
58009,Javi Flores,1986-02-09
58088,Fernando Muslera,1986-06-16
58364,Damien Plessis,1988-03-05
58532,Martí Crespí,1987-06-15
59024,Yevgen Borovyk,1985-03-02
59047,Vasyl Grytsuk,1987-11-21
59074,Petro Kovalchuk,1984-05-28
59115,Vitaliy Pavlov,1988-06-25
59323,Cristhian Stuani,1986-10-12
59343,Manu Herrera,1981-09-29
59414,Papa Gueye,1984-06-07
59423,Aleksey Kurilov,1988-04-24
59491,Anton Putilo,1987-06-10
59772,Jakub Reznicek,1988-05-26
59783,Franco Di Santo,1989-04-07
59970,Taras Stepanenko,1989-08-08
60445,Jonathan dos Santos,1990-04-26
60530,Kévin Diaz,1988-08-18
60710,Ahmet Kesim,1990-01-05
60905,Conrad Balatoni,1991-01-27
61087,Karim Bellarabi,1990-04-08
61863,Edgar Cani,1989-07-22
61883,Andrew Hogg,1985-03-02
61887,Federico Macheda,1991-08-22
61952,Danilo Silva,1986-11-24
62170,Peter Pawlett,1991-02-03
62180,Gal Shish,1989-01-28
62319,Chris Humphrey,1987-09-19
62460,Georgios Georgiadis,1987-11-14
63040,Oier Sanjurjo,1986-05-25
63295,Tawonga Chimodzi,1988-08-26
63606,Odil Akhmedov,1987-11-25
63737,Petr Jiracek,1986-03-02
63821,Aron Gunnarsson,1989-04-22
64484,Manucho,1983-03-07
65235,Gael Etock,1993-07-05
65256,Ryan Koolwijk,1985-08-08
65635,Karamoko Cissé,1988-11-14
65692,Tope Obadeyi,1989-10-29
65966,Aleksandr Kolomeytsev,1989-02-21
65992,Kermit Erasmus,1990-07-08
66266,Stefan Spirovski,1990-08-23
66405,Nduka Ozokwo,1988-12-25
66472,Besart Ibraimi,1986-12-17
66791,Diallo Guidileye,1989-12-30
67063,Danny Welbeck,1990-11-26
67066,Nikolaos Georgiadis,1983-03-23
67090,Dídac Vilà,1989-06-09
67355,Ashley Williams,1984-08-23
67537,Manuel Gavilán,1991-07-12
67639,Andrey Galabinov,1988-11-13
67655,Daniel Lukasik,1991-04-28
67808,Borja García,1990-11-02
68162,Graham Cummins,1987-12-29
68205,Antun Palic,1988-06-25
68443,Renan Foguinho,1989-10-09
68560,Daniel Monllor,1984-07-20
68868,Guido Milán,1987-07-03
69005,Ivan Kecojevic,1988-04-10
69581,Kostyantyn Makhnovskyi,1989-01-01
69643,Daniel Norouzi,1992-01-03
70203,Zé Eduardo,1991-08-16
70211,Kantemir Berkhamov,1988-08-07
70412,Nemanja Milunovic,1989-05-31
71671,Oriol Riera,1986-07-03
71884,Khasan Mamtov,1984-04-28
72121,Johan Gastien,1988-01-25
72128,Erkam Resmen,1989-11-29
72165,Maksim Semakin,1983-10-26
72175,Aleksey Bazanov,1986-01-24
72286,Héctor Rodas,1988-03-07
72415,Manuel Lucena,1982-11-18
72486,Rafa Sousa,1988-08-26
72587,Ribair Rodríguez,1987-10-04
72935,Raúl Rodríguez,1987-09-22
72943,Kevin Conboy,1987-10-15
73076,José María López Silva,1983-01-02
73457,Aleksandar Pesic,1992-05-21
73564,Jason Steele,1990-08-18
73720,Viktor Genev,1988-10-27
73741,Souza,1989-02-11
74295,Aleksandar Ignjovski,1991-01-27
74300,Luka Milivojevic,1991-04-07
74684,Édouard Butin,1988-06-16
74843,Vitaliy Ivanko,1992-04-09
75109,Célio Santos,1987-07-20
75223,Salim Moizini,1985-10-17
75224,Magno Novaes,1983-03-30
76075,Sekou Oliseh,1990-06-05
76326,Tjaronn Chery,1988-06-04
76329,Marcelo Estigarribia,1987-09-21
76948,Pablo Olivera,1987-12-08
77547,Ehsan Hajsafi,1990-02-25
77639,Marian Kello,1982-09-05
77655,Davit Devdariani,1987-10-28
77710,Necip Uysal,1991-01-24
77737,Alfred N'Diaye,1990-03-06
77825,Etrit Berisha,1989-03-10
78254,Umutcan Yüksel,1992-01-01
78553,Bamba Anderson,1988-01-10
78725,Aleksey Kontsedalov,1990-07-24
79352,Quique González,1990-05-16
79355,Hajime Hosogai,1986-06-10
80059,Serdar Dursun,1991-10-19
80441,Sebastián Setti,1984-02-09
80756,Bruno Andrade,1989-03-02
81497,Wiljan Pluim,1989-01-04
81563,Jugurtha Hamroun,1989-01-27
82442,Olivier Giroud,1986-09-30
82751,Gaetano Masucci,1984-10-26
84892,Cenk Imsak,1990-03-30
85066,Archimede Morleo,1983-09-26
85177,Nathaniel Clyne,1991-04-05
85226,Yusuf Akbulut,1990-03-19
85603,Matteo Ardemagni,1987-03-26
85969,Oleksandr Bandura,1986-05-30
86097,Roman Akbashev,1991-11-01
86827,Jon Robertson,1989-04-25
87893,Vasyl Pryima,1991-06-10
88257,Juhani Ojala,1989-06-19
88648,Quin Kruijsen,1990-11-27
89030,Maxime Chanot,1989-11-21
89399,Ivan Ershov,1979-05-22
89561,Marcão,1986-04-02
89597,Arsen Goshokov,1991-06-05
89618,Xabi Irureta,1986-03-21
90741,Martijn de Zwart,1990-11-08
90768,Yaroslav Oliynyk,1991-03-14
91528,Bogdan Karkovskyi,1988-01-29
91529,Yaroslav Kinash,1988-04-16
91563,Aleksey Babyr,1990-03-15
93085,Zeki Ayvaz,1989-10-01
93553,Tobias Schilk,1992-03-24
93626,Stuart O'Keefe,1991-03-04
93687,Mohammed Diarra,1992-06-20
93698,Amir Falahen,1993-03-15
93716,Abdoulaye Keita,1990-08-16
93730,Alexandre Letellier,1990-12-11
93918,Onur Uslucan,1992-04-08
94304,Goran Causic,1992-05-05
94329,Andrej Mrkela,1992-04-09
94768,Rico Strieder,1992-07-06
94931,Vitaliy Vitsenets,1990-08-03
94936,Vincent Laurini,1989-06-10
95261,Fabio,1990-05-11
95641,Darko Brasanac,1992-02-12
95736,Leandro Chichizola,1990-03-27
95753,Nicolaj Köhlert,1993-01-21
96374,Tim Schraml,1993-03-18
96457,Mattheos Maroukakis,1990-01-04
96798,Davide Petrucci,1991-10-05
96813,Apostolos Skondras,1988-12-29
98315,Walid Mesloub,1985-09-04
98539,Dmitriy Poloz,1991-07-12
98557,Artem Deljkin,1990-08-02
99007,Dmitri Stajila,1991-08-02
99343,Ander Herrera,1989-08-14
99361,Evripidis Giakos,1991-04-09
99859,Rodney Wallace,1988-06-17
101214,Stamatis Sapalidis,1990-07-05
102146,Édgar Badía,1992-02-12
102272,Petros Topouzis,1991-07-12
103565,Wahbi Khazri,1991-02-08
103674,Campanharo,1992-04-04
104590,Rafael Forster,1990-07-23
104916,Diego Seoane,1988-04-26
107373,Sergiy Datsenko,1987-09-06
107548,Livio Nabab,1988-06-14
107803,Maksym Bilyi,1990-06-21
107969,Fernando Lewis,1993-01-31
108693,Marvin Turcan,1990-11-21
110723,Nathaniel Lagrou,1992-05-09
110860,Luke Garbutt,1993-05-21
111049,Jimmy Kamghain,1992-07-03
111347,Lorenzo Tonelli,1990-01-17
111428,Raphael Spiegel,1992-12-19
112088,Vitaliy Djakov,1989-01-31
112091,Rodrigo Erramuspe,1990-05-03
112461,Áxel Juárez,1990-07-29
112935,Mark Uth,1991-08-24
113230,Artur Sarkisov,1987-01-19
113235,Georgiy Zotov,1990-01-12
113378,Sheldon Bateau,1991-01-29
114022,Merabi Uridia,1993-04-07
114196,Elfar Freyr Helgason,1989-07-27
114398,Maksym Maksymenko,1990-05-28
114728,Mamuka Kobakhidze,1992-08-23
114735,Bertul Kocabas,1992-02-15
115382,Guilherme,1991-04-05
116390,Traquina,1988-08-29
118196,Jean Zimmer,1993-12-06
118283,Cristian Erbes,1990-01-06
118303,Mehdi Zeffane,1992-05-19
118850,Ivan Ordets,1992-07-08
119272,Mario Rondón,1986-03-26
119533,Mikkel Cramer,1992-01-25
119555,Maurice Hirsch,1993-05-30
119622,Javi Lara,1985-12-04
120235,Riccardo Pasi,1990-08-27
120382,Lovro Medic,1990-10-23
120705,Juan Carlos,1988-01-20
121026,Yuriy Putrash,1990-01-29
122043,Héctor Herrera,1990-04-19
122153,Paul Pogba,1993-03-15
122994,Thibaut Van Acker,1991-11-21
123921,Mourad Satli,1990-01-29
124155,Lorenzo Laverone,1989-04-19
124352,Oliver Oschkenat,1993-12-22
124384,João Silva,1990-05-21
124403,Manuel Bihr,1993-09-17
124902,Khouma Babacar,1993-03-17
125105,Patrick Weihrauch,1994-03-03
125158,Michael O'Halloran,1991-01-06
125281,Nicolás Gorosito,1988-08-17
125409,Nathaniel Mendez-Laing,1992-04-15
125505,Gonzalo Barreto,1992-01-22
126252,Juan Rafael Fuentes,1990-01-05
126421,Kevin Jansen,1992-04-08
126530,Enzo Réale,1991-10-07
126737,Juanmi,1993-05-20
127143,Teddy Mezague,1990-05-27
127169,Geraldo,1991-11-23
127353,Denys Vasilyev,1987-05-08
128895,Jak Alnwick,1993-06-17
128901,Conor Coady,1993-02-25
128910,George Thorne,1993-01-04
129053,James Craigen,1991-03-28
129124,Giovani,1992-01-07
129597,Daimy Deflem,1994-05-04
129991,Bart Vriends,1991-05-09
130172,Giuseppe Rizzo,1991-03-18
130365,Alessandro Florenzi,1991-03-11
130485,Alfredo Donnarumma,1990-11-30
130498,Francesco Nicastro,1991-10-26
130845,Vasco Rocha,1989-01-29
131095,Ramón Arias,1992-07-27
131225,Nicolás Tagliafico,1992-08-31
131678,Edafe Egbedi,1993-08-05
131728,Daniel Graovac,1993-08-08
131890,Samuel Santos,1990-04-25
132010,Georgios Delizisis,1987-12-01
132091,Sergey Tkachev,1989-05-19
134382,Filippo Lombardi,1990-04-22
134424,Nick Powell,1994-03-23
135111,Elliott Frear,1990-09-11
135553,Blair Alston,1992-03-23
136130,Andrea Romanò,1993-07-23
136167,Chuma Anene,1993-05-14
137648,Sverrir Ingi Ingason,1993-08-05
137669,Jason Davidson,1991-06-29
138049,Christophe Kerbrat,1986-08-02
138051,Julien Berthomier,1990-04-15
138139,Alan Henrique,1991-06-19
138413,Mert Göktepe,1991-04-17
139018,Mickaël Le Bihan,1990-05-16
139019,Mikail Albayrak,1992-04-06
139304,Karol Mets,1993-05-16
139449,Leandro Damião,1989-07-22
139729,Petar Djurickovic,1991-06-20
140109,Radoslav Kirilov,1992-06-29
140715,Wannes Van Tricht,1993-11-13
140780,Senad Karahmet,1992-02-25
141655,Zeki Fryers,1992-09-09
141834,Cristian Tello,1991-08-11
142033,Adrián Ortolá,1993-08-20
142208,Emil Bergström,1993-05-19
143556,Nikola Aksentijevic,1993-03-09
143967,Artur Novotryasov,1992-07-19
144583,Denis Terentjev,1992-08-13
144935,Valeriy Gryshyn,1994-06-12
145707,Danilo,1991-07-15
147485,Louis Schaub,1994-12-29
148148,Atilay Batbay,1992-05-01
148558,Jude Winchester,1993-04-13
148928,Saúl Ñíguez,1994-11-21
149652,Léo Lacroix,1992-02-27
152421,Danny Handling,1994-02-06
152481,Fredrik Brustad,1989-06-22
154171,Benjamin Corgnet,1987-04-06
154274,Amin Affane,1994-01-21
155202,Piotr Parzyszek,1993-09-08
155964,Andriy Tsurikov,1992-10-05
156501,Felipe,1989-05-16
156521,Laurentiu Branescu,1994-03-30
157391,Solomon Kvirkvelia,1992-02-06
158623,Cyrus Christie,1992-09-30
159000,Antonis Athanasiou,1992-09-21
159026,Ricardo Kishna,1995-01-04
159037,Ronny Marcos,1993-10-01
159041,Theodoros Moschonas,1990-12-03
159143,Delano van Crooij,1991-06-05
159809,Gökhan Dincer,1987-05-14
159896,Wouter van der Steen,1990-06-03
160431,Iliass Bel Hassani,1992-09-16
160471,Petar Brlek,1994-01-29
160681,Pedro Henrique,1991-03-28
161046,Jurjan Wouda,1991-04-02
161282,Darwin Andrade,1991-02-11
161373,Nemanja Petrovic,1992-04-17
161465,Tamati Williams,1984-01-19
162063,Salva Ruiz,1995-05-17
162783,Volodymyr Zastavnyi,1990-09-02
163086,Cristiano Piccini,1992-09-26
163200,Sokratis Tsoukalas,1992-07-07
163223,Mirko Gori,1993-02-04
163582,Salvatore Molina,1992-01-01
163630,Luca Benedetti,1992-06-09
163736,Éder Monteiro,1983-09-21
164575,Stuart Carswell,1992-09-09
164580,Fatjon Andoni,1991-06-19
164687,Konstantinos Pagalos,1985-07-03
164693,Jakob Ankersen,1990-09-22
165873,Federico Barba,1993-09-01
167297,Federico Marini,1994-03-28
167976,Serginho,1991-02-21
168527,Igor Leshchuk,1996-02-20
168933,Eddy Gnahoré,1993-11-14
169927,Muammer Yildirim,1990-09-14
170527,Timo Werner,1996-03-06
170895,Garry Rodrigues,1990-11-27
170938,Bryan Pelé,1992-03-25
170976,Marvin Gakpa,1993-11-01
171062,Nemanja Antonov,1995-05-06
172154,Gaël Vena,1993-02-02
172977,Marat Shogenov,1984-08-26
173468,Khalifa Jabbie,1993-01-20
174694,Rony Lopes,1995-12-28
175169,Bernard,1992-09-08
175914,Álex Barrera,1991-05-12
176553,Aymeric Laporte,1994-05-27
176621,Dmitri Telegin,1992-02-02
177781,Georges Gope-Fenepej,1988-10-23
178078,Mato Milos,1993-06-30
178107,Michael Santos,1993-03-13
178313,Jean-Eudes Aholou,1994-03-20
178449,Quentin Louagé,1993-12-30
179745,Nikita Drozdov,1992-04-21
181061,Walter Viitala,1992-01-09
181547,Gonçalo Paciência,1994-08-01
182216,Bruno Cortez,1987-03-11
182431,Niels Mestdagh,1993-01-03
182889,Wylan Cyprien,1995-01-28
183029,Fabio Aveni,1994-09-05
183137,Nika Chkhapelia,1994-04-26
183282,Shay Facey,1995-01-07
184071,Mikhail Markin,1993-11-21
184133,Russell Canouse,1995-06-11
186279,Andrey Kozlov,1989-02-23
186342,Nikolaos Kritikos,1994-11-01
186393,Tomas Vestenicky,1996-04-06
186499,Luka Stojanovic,1994-01-04
187291,Sven Nieuwpoort,1993-04-13
187491,Timo Baumgartl,1996-03-04
187598,Terell Ondaan,1993-09-09
187800,Michalis Giannitsis,1992-02-06
188157,Sebastián Cristóforo,1993-08-23
188498,Brayan Perea,1993-02-25
189047,Lucas Tagliapietra,1990-11-05
189157,Vasilios Papadopoulos,1995-01-28
189283,Carlos Ascues,1992-06-19
189600,Bruninho,1993-12-16
189863,Cedric Mingiedi Mpembele,1994-12-05
190190,Andriy Klishchuk,1992-07-03
190924,Joey Potveer,1993-04-01
191217,Héctor Bellerín,1995-03-19
191395,Khalid Karami,1989-12-29
191987,Edgar Ié,1994-05-01
192169,Jonas Föhrenbach,1996-01-26
192637,Anto Grgic,1996-11-28
192774,Moussa Konaté,1993-04-03
192801,Dzon Delarge,1990-06-24
193051,Niklas Teichgräber,1996-02-07
193130,Rachid Alioui,1992-06-18
193151,Abdullah Al-Hafith,1992-12-25
194507,Carlos Henriques,1993-07-07
194547,Vítor Gonçalves,1992-03-29
195162,Mayron George,1993-10-23
195679,Adedeji Oshilaja,1993-07-16
195730,Mihail Platica,1990-03-15
197468,Davide Agazzi,1993-06-02
197482,Antonio Palma,1994-01-03
197622,Farley Rosa,1994-01-14
197830,Josh Sheehan,1995-03-30
197918,Luca Corrado,1994-04-12
198067,Filip Helander,1993-04-22
198087,Matteo Ricci,1994-05-27
198116,Federico Dimarco,1997-11-10
198752,René Joensen,1993-02-08
198976,Abou Diop,1993-10-06
199099,Jander,1988-07-08
199132,Nono,1993-03-30
199369,Sandro Ramírez,1995-07-09
199598,Joyce Anacoura,1994-08-01
199704,Yunis Abdelhamid,1987-09-28
199795,William Lacerda,1992-01-05
201284,Yuriy Batyushyn,1992-12-07
201497,Nicolaj Thomsen,1993-05-08
201861,Juan Carlos Real,1991-03-15
202221,Diego Bejarano,1991-08-24
202753,Oguz Özcelik,
203074,Ivan Petryak,1994-03-13
203108,Christian Alfonso,1989-05-02
203348,Chancel Mbemba,1994-08-08
203504,Pierre-Yves Hamel,1994-02-03
203716,Adrián Colombino,1993-10-12
203749,Kamel Chergui,1993-04-16
203895,Nicolas Bürgy,1995-08-07
204045,Beka Vachiberadze,1996-03-05
204070,Paolo Sokoli,1995-03-29
204072,Henrique Silva,1994-04-25
204097,Juanan Entrena,1996-05-19
204198,Romain Saïss,1990-03-26
204779,Yves-Marie Kerjean,1994-04-15
205402,Vincent Di Stefano,1993-03-04
205497,Tobias Badila,1993-05-12
205503,Ibrahim Amadou,1993-04-06
206542,Robin Quaison,1993-10-09
206746,Kenny Tete,1995-10-09
207633,Sonny Karlsson,1988-06-14
207943,Joakim Olausson,1995-01-14
207955,Arthur Irawan,1993-03-03
208516,Célestin Djim,1995-05-14
209012,Avto,1991-10-03
209582,Robbie Buchanan,1996-02-23
209649,Alexandru Mitrita,1995-02-08
211107,João Afonso,1990-05-28
211314,Denys Barvinko,1994-02-16
211637,Kiki Kouyaté,1997-04-15
213052,Jimmy Giraudon,1992-01-16
213179,Alessandro Masia,1995-09-28
213595,Juanjo Narváez,1995-02-12
213614,Jhon Chancellor,1992-01-02
213692,Maksim Martusevich,1995-03-07
213854,Cedric Gondo,1996-11-25
213990,Göktug Bakirbas,1996-06-01
214239,Dato Dartsimelia,1995-01-28
214262,Valeriy Saramutin,1995-05-17
214448,Yaroslav Bogunov,1993-09-04
214532,Pierrick Capelle,1987-04-15
214635,Claudio Morra,1995-01-22
215390,Gustavo Gómez,1993-05-06
216569,Jérémie Boga,1997-01-03
217145,Bicho,1996-02-20
217686,Ilya Pomazun,1996-08-16
220432,Sam Lundholm,1994-07-01
221540,Kiril Despodov,1996-11-11
221611,Paulo Otávio,1994-11-23
222148,Conor Newton,1991-10-17
223424,Sunday Mba,1988-11-28
223779,Mario Arqués,1992-01-14
223972,Patrick Pentz,1997-01-02
224774,Cristian Salvador,1994-11-20
225158,Filipe Oliveira,1994-04-21
225744,Lawrence Shankland,1995-08-10
226102,Frane Vojkovic,1996-12-20
226151,Sean Kelly,1993-11-01
226802,Andreas Gianniotis,1992-12-18
227941,Matheus,1994-02-10
229031,Vegard Moberg,1991-01-23
230166,Haitam Aleesami,1991-07-31
230523,Andriy Bender,1994-07-16
230826,Gennaro Acampora,1994-03-29
231306,Guélor Kanga,1990-09-01
231471,Theofanis Tzandaris,1993-06-13
232149,Michalis Agrimakis,1992-07-29
233113,Orkan Cinar,1996-01-29
234132,Pantelis Antoniadis,1994-03-23
234183,Thor Lange,1993-08-04
234794,Darren Lyon,1995-06-08
235043,Ömer Akyörük,1993-05-05
235238,Joey Dujardin,1996-02-16
235687,Ryan Williams,1991-04-08
235735,Pedro Cavadas,1992-03-06
236414,Valentin Lavigne,1994-06-04
237537,Ben Greenhalgh,1992-04-16
237666,Silvan Hefti,1997-10-25
238500,Dario Melnjak,1992-10-31
238521,Travis Cooper,1993-12-21
238536,Furhgill Zeldenrust,1989-07-21
238809,Florent Hadergjonaj,1994-07-31
238868,Rubén Peña,1991-07-18
238883,Andrés Sampedro,1995-05-12
238951,Davide Di Molfetta,1996-06-23
239576,Leonardo Citti,1995-07-14
239673,Giuseppe Ficara,1995-08-24
239743,Przemyslaw Frankowski,1995-04-12
239850,Tiago Jogo,1991-04-23
239987,Bjarke Jacobsen,1993-08-21
240157,Gianmarco Vannucchi,1995-07-30
240226,Bernard Berisha,1991-10-24
241974,Nils-Jonathan Körber,1996-11-13
242646,Nathan Mavila,1995-10-15
242673,Aristomenis Tzitzikalakis,1996-05-21
242747,Jakob Eriksen,1993-11-17
243690,Jerell Sellars,1995-12-11
244253,Conor Cullen,1997-02-20
244491,Stefano Gori,1996-03-09
245032,Emanuele Geria,1995-07-29
247376,Luzayadio Bangu,1997-10-10
248763,Fernando Zuqui,1991-11-27
249157,Fredrik Jensen,1997-09-09
250573,Dorin Rotariu,1995-07-29
251108,Birhan Vatansever,1997-04-25
251587,Blair Spittal,1995-12-19
252091,Ahmet Bahcivan,1996-02-27
252667,Fali,1993-08-12
253574,Tsiy William Ndenge,1997-06-13
253751,Alexander Christovao,1993-03-14
253783,Jesse Renken,1993-04-08
254284,David Atanga,1996-12-25
255294,Florian Kastenmeier,1997-06-28
255906,Scott McKenna,1996-11-12
255930,Aristote N'Dongala,1994-01-19
256008,Facundo Lescano,1996-08-18
256429,Sergi Guardiola,1991-05-29
256711,Lassina Touré,1992-02-18
256866,Carlos Salcedo,1993-09-29
257485,Giannis Nakos,1993-02-23
257831,Andrea Mancini,1996-04-26
258254,Jemerson,1992-08-24
258689,Valeriy Alshanskiy,1995-06-20
258919,Dean Henderson,1997-03-12
259014,Fábio Pala,1992-10-30
259881,Damian Szymanski,1995-06-16
259932,Bo Geens,1995-08-10
260041,Josef Kvida,1997-01-23
260393,Michael Rangel,1991-03-08
260848,Jens Thomasen,1996-06-25
261055,Kasper Pedersen,1993-01-13
261058,Rafail Soilemezoglou,1996-03-13
261365,Michel Douglas,1992-01-16
262521,Enrico Baldini,1996-11-13
262613,Pelle van Amersfoort,1996-04-01
262861,Sebastián Palacios,1992-01-20
263801,Kasim Adams,1995-06-22
263860,Jason,1994-07-06
263911,Aleksandr Dovbnya,1996-02-14
264429,Yuning Zhang,1997-01-05
264514,Luca Vido,1997-02-03
264576,Kasper Junker,1994-03-05
264718,Rafa Miranda,1996-01-23
264848,Rúben Lameiras,1994-12-22
264956,Jean-Kévin Augustin,1997-06-16
265087,Andrés Llamas,1998-05-07
266209,Dawid Kort,1995-04-29
269864,Daniel Guimarães,1987-04-18
270402,Morten Andersen,1994-05-14
271438,Tomás Martínez,1995-03-07
271509,Maksim Terentjev,1992-08-09
272261,Antonin Barak,1994-12-03
272774,Leonid Akulinin,1993-03-07
273951,Haydar Deniz,1995-02-01
275682,Carlos Embalo,1994-11-25
276135,Jeremy Helmer,1997-07-03
276853,Andries Noppert,1994-04-07
277236,Joel Kabongo,1998-04-05
277506,Rinat Timokhin,1988-02-28
277788,Dylan Mackin,1997-01-15
278092,Jack Payne,1994-10-25
278578,Andrea Nalini,1990-06-20
278842,Antonis Stathopoulos,1998-02-23
279073,Ishkhan Geloyan,1992-08-31
280234,Oleksiy Savchenko,1993-09-27
280239,Seung-woo Lee,1998-01-06
280387,Vincent Sierro,1995-10-08
280589,Robin Ziegele,1997-03-13
280813,Josh Windass,1994-01-09
281040,Apostolos Tsiolis,1996-12-10
281344,Dmitriy Osipov,1996-02-14
281873,Timur Akmurzin,1997-12-07
281879,Evgeni Shchetinin,1996-02-19
281883,Nikolay Zlobin,1996-05-14
282431,Gabri Salazar,1996-06-18
282465,Batuhan Ergün,1995-04-21
282679,Jordi Vidal,1991-02-07
282725,Dani Lorenzo,1993-04-20
282734,Gerson Rodrigues,1995-06-20
282821,Corey Blackett-Taylor,1997-09-23
283242,Kristian Weber,1997-01-03
283421,Cristian Cauz,1996-08-15
283585,Patricio Matricardi,1994-01-07
284754,Joe Ward,1996-10-24
284763,Michael Cain,1994-02-18
285242,Islamnur Abdulavov,1994-03-07
285656,Alec Luyckx,1995-05-19
286938,Antonio Calabrese,1996-06-11
287203,Stephane Acka,1990-10-11
287431,Alfie Mawson,1994-01-19
287600,Pawel Jaroszynski,1994-10-02
287647,Solomon Nyantakyi,1996-03-25
287681,Gianluca Barba,1995-02-28
287726,Davide Savi,1995-11-15
288067,Mats Köhlert,1998-05-02
288172,Artur Farion,1995-01-27
288259,Michael Verrips,1996-12-03
288352,Álvaro Molina,1994-02-25
288432,Jannik Pohl,1996-04-06
288480,Juan Ramos,1996-09-01
288502,Gustavo Hebling,1996-04-05
289059,Mykola Matvienko,1996-05-02
289095,Denys Favorov,1991-04-01
289267,Adrián Lapeña,1996-04-16
289645,Jorn Vancamp,1998-10-28
289683,Frederik Tingager,1993-02-22
290336,Rochinha,1995-05-03
290552,Qazim Laçi,1996-01-19
290561,Alexandre Mendy,1994-03-20
290573,Jérrold Nyemeck,1994-05-07
290587,Ellyes Skhiri,1995-05-10
290696,Enzo Di Santantonio,1995-07-11
291314,Andrea Zaccagno,1997-05-27
291398,Federico Caronte,1997-05-26
291979,André Fonseca,1996-01-14
292343,Vasilios Angelopoulos,1997-02-12
292366,Bubacarr Sanneh,1994-11-14
292501,Mohammad Baghdadi,1996-10-30
292805,Lennerd Daneels,1998-04-10
292818,Jonathan Bamba,1996-03-26
292837,Aleksandr Lomovitskiy,1998-01-27
293002,Kyle Vassell,1993-02-07
293257,Matija Sarkic,1997-07-23
293661,Osman Celik,1991-11-27
293761,Ben Stirling,1998-08-16
294201,Roman Stefurak,1996-04-17
294225,Ian Smith,1998-05-08
294876,Kevin Méndez,1996-01-10
294894,Leo Suárez,1996-03-30
295323,Chidera Ezeh,1997-10-02
295344,Chidiebere Nwakali,1996-12-26
295360,Francis Uzoho,1998-10-28
295655,Dimitrios Souliotis,1995-07-23
296783,Ezequiel Ponce,1997-03-29
297194,Iván Villar,1997-07-09
297630,Marco Carraro,1998-01-09
297731,Enrico Bearzotti,1996-10-29
298091,Harry Souttar,1998-10-22
301238,Michele Di Gregorio,1997-07-27
301666,Oktay Aykurt,1992-09-19
301823,Helinho,1995-07-06
302314,Alexandre Menay,1996-07-05
307300,Ko Matsubara,1996-08-30
307315,Giannis Tsolakidis,1996-01-26
307519,Fede San Emeterio,1997-03-16
308278,Rey Manaj,1997-02-24
308770,Antonis Krinitsas,1994-05-17
309400,Kai Havertz,1999-06-11
309841,Andre Green,1998-07-26
310458,Giangiacomo Magnani,1995-10-04
311287,José Antonio Martínez,1993-02-12
311713,Ruslan Suanov,1997-10-13
311867,Jefferson,1993-04-14
312473,Jan Bekkema,1996-04-09
314959,Obbi Oulare,1996-01-08
315233,Mees Hoedemakers,1998-02-18
316445,Matej Rodin,1996-02-13
316596,Daisuke Sato,1994-09-20
316709,Marsoni Sambu,1996-06-03
316750,Tosin Kehinde,1998-06-18
316760,Vincent Thill,2000-02-04
317412,Guy Smith,1996-03-08
317444,Ron-Thorben Hoffmann,1999-04-04
318715,Chris Duggan,1994-01-30
319298,Tom Fry,1997-05-31
319727,Andrea Vassallo,1997-09-30
320825,Delvechio Blackson,1995-02-26
320839,Pim ten Have,1996-08-19
321048,Kelvin Arase,1999-01-15
321146,Vladyslav Klymenko,1994-06-19
321567,Rens Verhooghe,1995-05-12
322766,Shea Gordon,1998-05-16
322952,Roman Nykytyuk,1993-09-09
323255,Giacomo Satalino,1999-05-20
323957,Yordi Teijsse,1992-07-19
324329,Barnes Osei,1995-01-08
324800,Alec Georgen,1998-09-17
324957,Tibor Halilovic,1995-03-18
325200,Jason Lokilo,1998-09-17
325754,Pavel Kudryashov,1996-11-27
326399,Nelson Mandela Mbouhom,1999-05-04
326460,Samet Bulut,1996-02-26
326915,Sahan Kaynak,1998-10-03
328943,Rui Pedro,1998-03-20
329653,Marcos Barbeiro,1995-07-29
330060,Sidcley,1993-05-13
330892,Talha Caliskan,1996-01-04
331087,Jack Baird,1996-02-07
331184,Rostyslav Voloshynovych,1991-05-23
331498,Jordi Mboula,1999-03-16
331984,Lamine Ndao,1994-12-19
332867,Ryan Tierney,1998-01-30
333175,Bingourou Kamara,1996-10-21
333353,Mehrdad Mohammadi,1993-09-29
336007,Furkan Sagman,2000-01-07
336307,Christian Früchtl,2000-01-28
336760,Aniello Viscovo,1999-06-21
336992,Mica,1994-11-18
337278,George Mells,1997-05-23
337290,Shamal George,1998-01-06
337383,Andrea Boffelli,1997-03-14
337388,Roberto Ranieri,1997-04-29
337456,Furkan Safi,1995-01-02
337529,Iago López,1992-09-03
337800,Gedson Fernandes,1999-01-09
337920,Vitaliy Shilnikov,1997-09-23
338055,Veysel Sapan,1996-01-11
338888,Muhammet Arslantas,2001-01-27
338962,Alfredo Morelos,1996-06-21
339327,Jelle Duin,1999-01-27
339814,Juan Moreno,1997-05-11
339943,Iké Ugbo,1998-09-21
340267,Giulio Parodi,1997-09-30
340435,Eros De Santis,1997-10-30
340879,Merih Demiral,1998-03-05
341300,Stjepan Loncar,1996-11-10
341680,Athanasios Androutsos,1997-05-06
342966,Dennis Smarsch,1999-01-14
343769,Sergiy Petrov,1997-05-21
343963,Petar Micin,1998-09-29
344066,Nelson Azevedo-Janelas,1998-02-12
344474,Ilija Vukotic,1999-01-07
344600,Michaël Cuisance,1999-08-16
344830,Tahith Chong,1999-12-04
345345,Xadas,1997-12-02
345437,Mateusz Lis,1997-02-27
345480,Bayram Celik,1996-01-21
345899,Dion Henry,1997-09-12
346551,Kamil Grabara,1999-01-08
346572,Daniel Hoban,1998-04-05
346767,Gustavo Tocantins,1996-01-11
346918,Paulinho,1993-01-07
347019,Júlio César,1995-03-21
347625,Béni Badibanga,1996-02-19
347666,Ryan Sweeney,1997-04-15
347919,Steeven Harrison,1992-12-13
348255,Caner Koca,1996-04-14
348301,Anestis Karakostas,1991-09-15
348423,Andrey Batyutin,1995-05-28
348523,Konstantinos Chatzidimpas,1999-05-12
348623,Mason Holgate,1996-10-22
349701,Antonee Robinson,1997-08-08
349873,Juan Hernández,1994-12-06
350347,Michael Woud,1999-01-16
351978,Ença Fati,1993-08-11
352017,Faïz Selemani,1993-11-14
352770,Tiago Morgado,1993-07-28
353096,Stéphane Serbourdin,1995-05-18
353372,Sullivan Martinet,1996-07-01
354146,Giannis Tsotras,1996-04-30
354715,Yevgen Grytsenko,1995-02-05
355566,Baris Alici,1997-06-24
355603,Mustafa Pinar,1996-10-21
355752,Nikolaos Sabanidis,1998-11-02
356008,Erdin Üzer,1995-01-03
356546,Borja González,1995-11-17
357161,Miguel Luís,1999-02-27
357898,Elbeyi Guliyev,1995-10-14
358115,Luis Pérez,1995-02-04
358644,Corentin Koçur,1995-10-17
358710,Jonathan Rodriguez,1994-03-30
359375,Johnson Owusu,1998-02-05
359796,Dmytro Shastal,1995-12-30
362575,Aleksandr Smirnov,1996-04-12
363223,Jack Hendry,1995-05-07
364133,Pietro Pellegri,2001-03-17
365261,Vyacheslav Grulev,1999-03-23
365952,Nicolas Basin,1998-07-22
366212,Maciej Dabrowski,1998-06-09
369881,Niklas Kölle,1999-11-17
371998,Vinicius Junior,2000-07-12
372051,Sergio Bermejo,1997-08-17
372809,Petko Hristov,1999-03-01
373027,Mert Kuleli,1998-06-05
373191,Flávio,1996-02-10
373683,Diego Alende,1997-08-25
373967,Oan Djorkaeff,1997-04-30
374281,Christian Bassogog,1995-10-18
375025,Lucas Marques,1995-05-24
375380,Benny,2000-03-27
375658,Oleg Yefimchuk,1994-03-15
375663,Artem Golubev,1999-01-21
377468,Anel Ahmedhodzic,1999-03-26
377641,Al-Musrati,1996-04-06
379163,Marius Marin,1998-08-30
380379,Oleksandr Pozdeev,1986-06-14
380459,Cong Phuong Nguyen,1995-01-21
380478,Victor Braga,1992-02-17
380554,Yevgen Zaporozhets,1994-09-20
381003,William Gustavo,1992-01-09
381950,Alexis Saelemaekers,1999-06-27
381960,Jarne Jodts,1999-09-28
382535,Maksim Nenakhov,1998-12-13
384807,Thomas Agyepong,1996-10-10
386555,Douti Gbampok,1997-08-17
386914,Sam Lammers,1997-04-30
387745,Kevin Tshiembe,1997-03-31
388042,Karlo Muhar,1996-01-17
388359,Bahadir Güngördü,1996-01-16
388516,Josep Martínez,1998-05-27
389030,Anatoliy Anisimov,1998-05-23
389989,Furkan Polat,1998-04-20
390163,Andrea Ghion,2000-02-23
390942,Quentin Braat,1997-07-06
391056,Tommaso Di Renzone,1999-01-27
391690,Michele Bruzzo,1999-06-26
391907,Aleksandr Ektov,1996-01-30
392033,Gabriele Ferrarini,2000-04-09
392301,Ryad Habbas,1997-07-16
392777,Jonathan Panzo,2000-10-25
392953,Alberto Alari,1999-01-21
393797,Alessandro Confente,1998-06-07
394330,Ervin Taha,1999-03-14
395242,Alexis Flips,2000-01-18
395685,Gédéon Kalulu,1997-08-29
395777,Paolo Matera,2000-03-06
395833,Harry Paton,1998-05-23
395862,Hüseyin Türkmen,1998-01-01
396359,Riccardo Taccori,1998-02-15
396429,Calila,1998-10-10
396524,Artem Yarmolenko,1998-01-18
396745,Tunahan Ergül,2000-02-07
396768,Francesco Scavo,1998-03-19
397063,Sebastiano Longo,1998-01-05
397833,Kerem Civelek,1998-03-07
398709,David Nazim,1996-11-07
398808,Martin Hongla,1998-03-16
398843,Ruslan Shapovalov,1995-08-09
399369,Beni Baningime,1998-09-09
401535,Gabriel Batista,1998-06-03
401636,Duarte Nuno,1998-05-28
403673,Mikael Anderson,1998-07-01
403718,Matias Antonini,1998-04-09
404839,Andriy Lunin,1999-02-11
404840,Oleksandr Avramenko,1999-03-22
406761,Yevgeniy Izdebskyi,1995-06-03
407021,Mads Juel Andersen,1997-12-27
407356,Gildo,1995-01-31
407487,Lloyd Humphries,1997-10-03
408963,Zidane Banjaqui,1998-12-15
410185,Ronaël Pierre-Gabriel,1998-06-13
410238,Elhadji Pape Diaw,1994-12-31
411177,Alberto Redondo,1997-05-22
412669,Trincão,1999-12-29
412937,Shurandy Sambo,2001-08-19
412959,Marouan Azarkan,2001-12-08
413038,Amine Karraoui,1999-06-09
413112,Aurélien Tchouaméni,2000-01-27
416022,Furkan Peksen,1996-04-25
416088,Romain Correia,1999-09-06
416359,Neofytos Michail,1993-12-16
417242,Ruslan Neshcheret,2002-01-22
417827,Victor van den Bogert,1999-08-12
418165,Jeffrey Rijkers,1998-11-13
418215,Ricardo Farcas,2000-06-24
418424,Tiago André,1997-01-18
419120,Paulo Vítor,1988-11-21
419447,Ufuk Boncukcu,1997-02-21
422377,Aboubakary Koita,1998-09-20
422466,Javi Hernández,1998-05-02
422763,Nicolas Raskin,2001-02-23
423605,Federico Cirillo,2001-02-21
423612,Vanja Vucicevic,1998-03-22
423666,Miko Virtanen,1999-01-29
424070,Yohann Campanini,1997-01-11
424326,Cheick Touré,2001-02-07
424676,Juninho,1996-11-21
424881,Omar Richards,1998-02-15
424901,Joe Tupper,1997-11-15
425283,Lars Lokotsch,1996-05-17
426734,Serge Arnaud Aka,1994-11-16
427085,Bodi Brusselers,1998-12-12
427100,Matar Dieye,1998-01-10
428012,Manolis Kragiopoulos,1998-05-29
428257,Nathan Buaka,1999-01-18
429915,Maxim De Cuyper,2000-12-22
429975,Teenage Hadebe,1995-09-17
433835,George Newell,1997-01-27
433983,Patrick Maneschijn,1997-01-04
439292,Sydney van Hooijdonk,2000-02-06
440493,Tim Freriks,1998-10-02
441098,Lucas Masoero,1995-02-01
443995,Vedat Karakus,1998-02-28
445616,Gift Links,1998-10-02
446529,Giannis Ikonomidis,1998-01-03
448870,Yuriy Teterenko,1997-01-22
448890,Aleksandr Golovnya,1998-10-27
449581,Oleg Nikolaev,1998-05-21
449585,Evgeniy Chabanov,1997-08-08
449796,Alejandro Catena,1994-10-28
449844,Mohamed Ezzarfani,1997-11-15
450218,Ortwin De Wolf,1997-04-23
450715,Dmytro Zaikyn,1997-04-06
450826,Callum Wilson,1999-06-23
451310,Maxime Leverbe,1997-02-15
451340,Nunoo Sarpei,1998-08-22
452068,Ayman Azhil,2001-04-10
452121,Shinta Appelkamp,2000-11-01
453306,Josh Clackstone,1996-09-18
453874,Lukas Schneller,2001-10-26
454321,Jorge Benguché,1996-05-21
455425,Nando Pijnaker,1999-02-25
456355,Kyle Munro,2001-11-29
456467,Mamadou Diarra,1997-12-20
456968,Alessandro Rodrigues,1998-09-27
457107,Ángel López,1997-02-07
458548,Konstantinos Kostas,1997-05-29
458715,Robson Bambu,1997-11-12
459149,Lorenzo Peli,2000-01-24
459467,Jorman Campuzano,1996-04-30
459504,Federico Marigosu,2001-04-21
459873,Harvey Rodgers,1996-10-20
460035,Amine Ghazoini,2001-01-09
460757,Francesco Semeraro,2001-05-01
461665,Maksym Kulish,1999-01-31
462250,João Félix,1999-11-10
462748,Lefteris Papadopoulos,1998-02-26
462988,Danil Lipovoy,1999-09-22
463332,Emmanuel Apeh,1996-10-25
463601,Guillaume Dietsch,2001-04-17
463603,Benoît Badiashile,2001-03-26
463611,Abdoulaye Dabo,2001-03-04
463695,Keelan O'Connell,1999-11-30
463753,Harry Cochrane,2001-04-24
463795,Filippo Gilli,2000-10-19
464906,Sava-Arangel Cestic,2001-02-19
466268,Juan Brunetta,1997-05-12
466298,Santiago Cáseres,1997-02-25
468260,Léo Jabá,1998-08-02
468264,Luke McCowan,1997-12-09
469709,David Zec,2000-01-05
471156,Zakhar Volkov,1997-08-12
475410,Matteo Tramoni,2000-01-20
475413,Sacha Boey,2000-09-13
477449,Max Johnstone,1998-08-18
479649,Gonçalo Borges,2001-03-29
482836,David Strelec,2001-04-04
483385,Nicke Kabamba,1993-02-01
485706,Amadou Onana,2001-08-16
486041,Zacarias Antonio,2002-05-02
486078,Charles,1996-06-19
490308,Emmanuel Banda,1997-09-29
490888,Sam Crowther,2000-04-03
491216,John Mahon,1999-11-26
491648,Diego Valencia,2000-01-14
491693,Nehuén Pérez,2000-06-24
492354,Denys Norenkov,1996-07-25
492486,Frederik Nörgaard,1999-02-26
492492,Jonas Mortensen,2001-01-16
495441,Ryan Schofield,1999-12-11
495622,Moha Moukhliss,2000-02-06
495625,Víctor Chust,2000-03-05
498862,João Klauss,1997-03-01
502073,Taylor Perry,2001-07-15
503619,Andrea Papetti,2002-07-03
503640,Neraysho Kasanwirjo,2002-02-18
507170,Vladislav Mikushin,2001-04-18
507254,Nathan Ferguson,2000-10-06
507700,Brandon Williams,2000-09-03
509247,Euan Henderson,2000-06-29
509268,Daniel Batty,1997-12-10
509510,Lévi Ntumba,2001-01-12
513330,Romano Postema,2002-02-07
514256,João Batxi,1998-05-01
514918,Jacob Haahr,2002-03-10
515669,Mykhaylo Plokhotnyuk,1999-03-12
517669,Allef,1994-11-04
519748,Zé Ricardo,1998-09-04
520994,Lucas Ventura,1998-05-19
521462,José Manuel Irizo,1998-01-29
521997,Vitaliy Boyko,1997-12-03
522391,Robert Kumadey,1999-06-01
523850,Gabrielzinho,1996-03-29
524393,Marco Meneghetti,2001-06-01
525155,Grégoire Coudert,1999-04-03
525247,Max Kilman,1997-05-23
525254,David Luís,1995-06-17
525962,Nicolas Tié,2001-02-13
527026,Ricardo Velho,1998-08-20
527276,Kenneth Schmidt,2002-06-03
527966,Andrei Ratiu,1998-06-20
531031,Brad Spencer,1996-05-16
531161,Rasmus Horup Hansen,
531967,Matheus Iacovelli,1998-03-13
532283,Sam Fisher,2001-07-26
533295,Patrick Wimmer,2001-05-30
533733,Markeljan Misku,1997-03-21
534423,Bonera,1997-04-07
534471,Patrick Bahanack,1997-08-03
534617,Fabricio Brener,1998-05-26
534677,Giannis Christopoulos,2000-06-22
535282,Sam Vines,1999-05-31
536460,Andrea Ghezzi,2001-02-03
536521,Romaric Yapi,2000-07-13
537513,Mirza Husic,2001-02-11
537571,Patrick Tjörnelund,2002-04-05
537601,Vasco Paciência,2000-03-23
537730,Ousmane Sountoura,1994-11-09
538810,Chris Ramos,1997-01-18
538918,Sebastiano Esposito,2002-07-02
538966,Chardi Landu,2000-07-18
539436,Kristian Bilovar,2001-02-05
539448,Danyil Sukhoruchko,2000-02-21
540062,Georgios Gogos,2001-07-11
540580,Maksym Sorochenko,1996-01-22
540664,Dilane Bakwa,2002-08-26
540685,Ismaël Sow,2001-02-19
540990,Jhonny Lucas,2000-02-21
541537,Baris Yilmaz,2000-05-23
542690,Frederik Alves,1999-11-08
543226,Mikkel Dongsted,1999-02-07
543529,Aguibou Camara,2001-05-20
544106,Óscar Gil,1998-04-26
544784,Zaidu,1997-06-13
544789,Flávio Cristóvão,1997-05-23
544790,Anderson Zangão,1994-04-03
544895,Paulinho Bóia,1998-06-26
545432,Marcel Lewis,2001-09-30
546880,Brandon Soppy,2002-02-21
547187,Léo Cordeiro,1995-09-27
548188,Germán Valera,2002-03-16
548270,Furkan Bayir,2000-02-09
552969,Vladyslav Savin,1997-07-07
553282,Tjark Ernst,2003-03-15
554251,Yasser Larouci,2001-01-01
554463,Gustavo Souza,1996-06-12
555752,Bruninho,1999-07-20
555768,Oguzhan Orhan,1998-09-22
555837,Maksim Turishchev,2002-03-05
557410,Noah Ohio,2003-01-16
557610,Isaac Lihadji,2002-04-10
558720,Erdogan Kaya,2001-03-27
558727,Muhammed Gümüskaya,2001-01-01
560881,Eskild Dall,2003-01-08
561613,Joan García,2001-05-04
562049,Edoardo Bove,2002-05-16
562058,Sergio Barcia,2000-12-31
562254,Kyle Taylor,1999-08-28
563137,Robert Navarro,2002-04-12
563469,Paraskevas Lykourgos,1999-08-31
565436,Alonzo Engwanda,2003-01-27
570423,Danil Glebov,1999-11-03
570817,Maxime Busi,1999-10-14
571827,Lewis Richards,2001-10-15
573930,Yevgeniy Bilokin,1998-06-16
574199,David Lelle,2003-03-09
574203,Philipp Schulze,2003-01-29
575594,Ismaël Kandouss,1997-11-12
576682,Jasper Dahlhaus,2001-11-27
576982,Alperen Kuyubasi,2000-05-26
577455,Ringo Meerveld,2002-12-21
579299,Edoardo Sottini,2002-08-18
581619,Boran Güngör,2000-01-01
582074,Timur Suleymanov,2000-03-17
583189,Anthony Elanga,2002-04-27
584630,Fernando Castro,1997-03-30
585339,Pape Habib Gueye,1999-09-20
586744,Panagiotis Liagas,1999-11-05
587019,Fin Stevens,2003-04-10
588114,Rodrigo Martins,1998-09-15
588171,Faruk Can Genc,2000-02-16
590775,Djenahro Nunumete,2002-01-28
591880,Mimeirhel Benita,2003-11-17
591956,Niclas Holm Pedersen,2002-03-15
593378,Sofiane Bouzian,2000-07-13
594926,Näis Djouahra,1999-11-23
595012,Ibrahima,1999-01-25
598156,Venizelos Pentarakis,2000-07-15
598545,Breno,2000-01-01
598958,Max Thompson,2002-02-09
599150,Ilya Svinov,2000-09-25
599231,Ferran Jutglà,1999-02-01
599421,Sergey Mizgirev,2000-06-09
600312,Ruslan Apekov,2000-06-08
600481,Alhassan Yusuf,2000-07-18
601495,Luciano Valente,2003-10-04
602486,Tarik Ibrahimagic,2001-01-23
604492,Lucas Ramos,1995-01-18
605338,Salim Farsak,1998-06-10
606038,Pedro Mateus,1996-09-27
607223,Rayan Cherki,2003-08-17
607809,Ilya Bykovskiy,2001-02-16
608780,Kane Ritchie-Hosler,2002-09-13
610406,Gustav Grubbe,2003-01-27
611674,Nassim Ahmed,2000-10-09
611811,Damian van Drenth,2002-10-14
613539,Marco Bertini,2002-08-07
615036,Antonio Foti,2003-11-03
615378,Evgeniy Ragulkin,1999-11-25
619353,Iurie Iovu,2002-07-06
621193,Kasey McAteer,2001-11-22
621195,Bas Van den Eynden,2002-01-07
621910,Apostolos Tsilingiris,2000-09-06
621997,Cieran Slicker,2002-09-15
622410,Denys Ustymenko,1999-04-12
625014,Julen Agirrezabala,2000-12-26
625630,Lorenzo Chiti,2001-01-13
627034,Faustin Senghor,1994-01-02
627213,Gabriel Pereira,2002-07-02
627358,Yassine Ben Hamed,2003-03-24
628472,Marc Tenas,2001-05-30
628488,Marc Carmona,2001-01-08
631221,Isma Ruiz,2001-02-14
633657,Kevin Hanratty,2003-03-15
634131,Aimar Oroz,2001-11-27
634666,Jay Henderson,2002-03-07
638365,Ivan Budachev,2001-07-20
639148,Murat Berkan Demir,2000-03-13
640735,Abdoul Tapsoba,2001-08-23
644032,Cheikh Niasse,2000-01-19
644676,Bruno Amione,2002-01-03
646996,Daniel Phillips,2001-01-18
647129,Miguel Bandarra,1996-01-17
649024,Lamine Diack,2000-11-15
652632,Max Johnston,2003-12-26
654311,Welves,2000-11-24
657957,Jakob Breum,2003-11-17
658742,Tsotne Bendianishvili,2002-12-27
659089,Ilya Zabarnyi,2002-09-01
659521,Edouard Michut,2003-03-04
665022,Ilya Golosov,2001-08-09
667556,Yusuf Koc,2001-08-05
668547,Máximo Perrone,2003-01-07
669305,Viktor Bliznichenko,2002-09-29
671145,João Victor,1998-07-17
672954,Lars Nabbe,2002-01-13
673514,Abdoulaye Ndiaye,2002-04-10
675754,Yusuke Matsuo,1997-07-23
685145,Filip Bundgaard,2004-07-03
686837,Charlie Savage,2003-05-02
687628,Ruben Geeraerts,2001-07-08
687743,Adriano Firmino,1999-11-04
687881,Diego Carioca,1998-02-06
690222,Gil-Linnart Walther,2003-03-14
690273,Bernardo Vital,2000-12-29
694238,Kenny Sloan,2003-06-17
694512,Hisham Layous,2000-11-13
694528,Bruno Jesus,1997-04-22
698678,Hugo Bueno,2002-09-18
699442,Kacper Urbanski,2004-09-07
700031,Arda Kurtulan,2002-11-19
700065,Can Yazici,2002-12-01
704772,Rome Jayden Owusu-Oduro,2004-07-02
706380,Lado Akhalaia,2002-07-01
706960,Yong-hak Kim,2003-05-20
707103,Fotis Sgouris,2002-04-29
708086,Romano Floriani,2003-01-27
708241,Oleg Ocheretko,2003-05-25
708453,Dirk Asare,2004-07-04
708868,Amadou Diambo,2001-02-12
713649,Miguel Ángel Brau,2001-12-27
717957,Jorge Moreno,2001-07-25
718177,Joseda Álvarez,2001-01-22
727023,Shayden Morris,2002-03-30
727147,Emre Bilgin,2004-02-26
733430,Sam Waller,2003-09-09
738693,Kaan Özder,2003-01-29
738774,Zeno Van Den Bosch,2003-07-06
743233,Maksim Stavtsev,2004-01-29
743379,Lucas Noubi,2005-01-15
743381,Jorne Spileers,2005-01-21
744942,Gaël Nsombi,2003-01-25
746095,Hayden Muller,2002-02-07
747243,Gyan de Regt,2003-08-18
755175,Volodymyr Bilotserkovets,2000-01-22
758845,Yegor Tverdokhlib,2000-12-17
766839,Usman Simbakoli,2001-12-12
775399,Berna,2003-09-15
776890,Nicolas Jackson,2001-06-20
784429,Jorge Jiménez,1999-05-20
787907,Benjamin Tahirovic,2003-03-03
788995,Bruno Ventura,2001-02-27
796726,Renato Júnior,2002-06-05
796913,Noé Sow,1998-12-18
798666,Denis Shepilov,2000-11-17
798894,Maxime Wackers,1998-01-01
800177,Rildo,2000-01-21
802540,Andreas Dithmer,2005-08-01
804933,Jacques Siwe,2001-07-29
807687,Ali Kalla,1998-04-23
808454,Mason Hancock,2003-02-10
810096,Ismaël Gharbi,2004-04-10
811431,Théo Pionnier-Bertrand,2002-01-21
813032,Fatih Yilmaz,2002-05-19
816930,Andrei Motoc,2002-04-13
818159,Giovanni D'Aprile,2005-07-01
819493,Eldar Kuliev,2002-03-24
820661,Emirhan Kascioglu,2001-01-01
827583,Mathyas Randriamamy,2003-04-23
830891,Noé Sommer,2001-06-07
836336,Nuno Lima,2001-03-16
839652,Bartu Kulbilge,2003-06-21
848509,Jackson Tchatchoua,2001-09-14
863582,Suleyman Seytkhalilov,2002-02-14
866676,Dmitri Motovichev,2003-11-01
866756,Abubakar Inalkaev,2004-07-31
874114,Kaan Cinkaya,2004-01-06
875929,Josh Feeney,2005-05-06
889717,Pablo Montero,2002-05-09
892047,Ronan Pluijmen,2003-06-26
893187,Reshat Ramadani,2003-06-30
894415,Tobias Augustinus-Jensen,2004-12-27
897425,Timo Schlieck,2006-03-02
900024,Bora Aydinlik,2005-05-09
900909,Paul Wanner,2005-12-23
903455,Spencer Moreland,2004-04-07
903611,Nilson Angulo,2003-06-19
912329,Badu Richmond,2002-05-03
913115,Kostyantyn Bychek,2000-04-21
920781,Callum Lamb,2004-05-14
921542,Fraser Taylor,2003-02-20
924883,Guito,2003-01-14
930415,Antonio Gomis,2003-05-20
937917,Dmytro Ledviy,2003-08-26
941869,Yellu Santiago,2004-05-25
952691,Kürsat Babamoglu,2002-09-23
960786,Mustafa Arda Kartal,2004-12-02
970364,Yaël Mouanga,2005-07-23
975729,Efe Sarikaya,2005-11-30
991649,Eric N'Jo,2004-06-01
1035758,Andy Musayev,2003-04-17
1048954,Igor Potimkov,2003-10-17
709486,Bahadir Yildirim,2002-01-12
775824,Oleksandr Savoshko,1998-09-22
832056,Mert Altinöz,2002-05-28
869932,Kamil Dogan,2003-02-12
869933,Ökkes Karaoglu,2001-04-23
892044,Artur Ulyanytskyi,2001-09-24
909737,Matías Galarza,2002-03-04
913219,Amine Belhadj,2002-02-11
951293,Amir Batyrev,2002-03-11
1053240,Moussa Soumano,2005-07-09
123,Christoph Metzelder,1980-11-05
532,Claudio Pizarro,1978-10-03
643,Christian Vander,1980-10-24
4676,Cedric van der Gun,1979-05-05
7682,Ariel Ibagaza,1976-10-27
8539,Onur Tuncer,1984-02-19
12908,Alessandro Cordaro,1986-05-02
17328,Paulo Sérgio,1984-01-24
17374,Maurício,1976-07-05
19058,Patrick Mtiliga,1981-01-28
19301,Brian van Loo,1975-04-02
19312,Davy De fauw,1981-07-08
26980,Jovan Kostovski,1987-04-19
27135,Piojo,1985-06-07
29122,Anthony Annan,1986-07-21
30556,Ludovic Buysens,1986-03-13
30617,Milano Koenders,1986-07-31
30802,Óscar Díaz,1984-04-24
33478,Cheik Tioté,1986-06-21
39015,Ralf Fährmann,1988-09-27
39102,Sidney Sam,1988-01-31
40822,Mauro Boselli,1985-05-22
41080,Rok Straus,1987-03-03
42977,Vasilios Rovas,1984-01-06
43257,Romain Brégerie,1986-08-09
43309,Volodymyr Gomenyuk,1985-07-19
43754,Nuno Silva,1986-07-15
45009,Yenal Tuncer,1985-04-28
45140,Ghislain Gimbert,1985-08-07
45760,Marco Stiepermann,1991-02-09
45858,Christian Noboa,1985-04-09
49521,Francesco Bolzoni,1989-05-07
51069,Stefan Kutschke,1988-11-03
51346,Michael Lang,1991-02-08
55866,Sebastián Dubarbier,1986-02-19
56889,Francesco Della Rocca,1987-09-14
58046,Vasyl Kobin,1985-05-24
58749,Serkan Yanik,1987-04-02
60957,Sebastian Polter,1991-04-01
62785,Nathan Goris,1990-03-30
66058,Admir Mehmedi,1991-03-16
67346,Marc Tierney,1985-08-23
71271,Adrián,1987-01-03
74011,Douglas Maia,1989-04-12
77760,Victor Wanyama,1991-06-25
83407,Romero Regales,1986-11-07
88387,Alexander Bannink,1990-02-20
89631,Steven Joseph-Monrose,1990-07-20
93160,Allan Hövenhoff,1990-05-22
100693,Giacomo Brichetto,1983-05-09
107266,Marcel Römer,1991-08-08
107368,Maksym Lavrenyuk,1986-01-13
108650,Yuya Osako,1990-05-18
110671,Jimmy De Jonghe,1992-02-13
110797,Tom Pietermaat,1992-09-06
111961,Suso,1993-11-19
121280,Steven Caulker,1991-12-29
123750,Kenan Horic,1990-09-13
124651,Ferhat Capa,1991-03-31
126748,Israel Puerto,1993-06-15
131827,Jere Uronen,1994-07-13
134710,Renze Fij,1992-09-26
134999,Jens Toornstra,1989-04-04
137610,Alperen Uysal,1994-01-01
146165,Nico Brandenburger,1995-01-17
148357,Mathias Mejer Knudsen,1994-01-14
150080,Daniel Mesenhöler,1995-07-24
150663,Sylian Mokono,1999-03-22
155334,Maksim Tishkin,1989-11-11
155755,Karim El Hany,1988-01-12
155806,Mike te Wierik,1992-06-08
155893,Armen Ambartsumyan,1994-04-11
157132,Nick Ansell,1994-02-02
158052,Maximilian Rossmann,1995-05-06
172541,Valeriy Pochivalin,1992-04-11
182446,Zinho Gano,1993-10-13
187384,Cristian Buonaiuto,1992-12-29
188911,Shoya Nakajima,1994-08-23
190553,Fernando Ferreira,1986-11-20
190831,Mats Möller Daehli,1995-03-02
194790,Rachid Bouhenna,1991-06-29
195704,Alexandros Kartalis,1995-01-29
195954,Dennis Erdmann,1990-11-22
198178,Adam Örn Arnarson,1995-08-27
198861,Sam Hoskins,1993-02-04
199196,Gabriele Angiolini,1994-07-01
201574,Angus Gunn,1996-01-22
207571,Alex Soares,1991-03-01
207834,Bono,1991-04-05
210988,Christos Eleftheriadis,1991-09-30
215840,Francisco Júnior,1992-01-18
221875,Mads Nordam,1995-05-14
231001,Mazin Ahmed Al-Huthayfi,1985-07-29
236510,Sheyi Ojo,1997-06-19
239934,Maximilian Ullmann,1996-06-17
240077,Daniele Bartolini,1995-03-05
240889,Anas Ouahim,1997-09-23
241251,Ufuk Akyol,1997-08-27
243028,Jan Bednarek,1996-04-12
243879,Charles Pickel,1997-05-15
245048,Vasyl Kravets,1997-08-20
247247,Andrea Accardi,1995-07-30
255453,Ouzin Ndoye,1992-04-10
255474,Simon Gustafson,1995-01-11
256860,Aleksandr Makarov,1996-04-24
257283,Albi Alla,1993-02-01
258135,Andrija Lukovic,1994-10-24
258395,Okan Özcelik,1992-05-10
260664,Zakaria El Azzouzi,1996-05-07
264431,Caglar Akbaba,1995-03-17
267032,Hidayet Tatar,1993-07-03
267533,Damian Gjini,1995-04-06
272855,Paul Onuachu,1994-05-28
274484,Youssouf Koné,1995-07-05
274828,Milan Kocic,1990-02-16
275512,Emanuel Mammana,1996-02-10
277135,Kaiyne Woolery,1995-01-11
279657,Nico Rinderknecht,1997-10-11
283234,Johannes Ritter,1995-02-15
283655,Grant Ward,1994-12-05
284118,Joshua Nadeau,1994-09-12
288353,Kasper Oldenburger,1996-02-12
289282,Roman Popov,1995-06-29
291408,Simone Giuliano,1997-04-28
291544,Jordan Hugill,1992-06-04
292802,Baran Yardimci,1993-02-17
294699,Dmytro Fastov,1997-07-25
297034,Ilya Petrov,1995-06-27
297694,Robbert de Vos,1996-05-26
308560,Jhon Murillo,1995-11-21
324223,James Bree,1997-12-11
326204,Norbert Balogh,1996-02-21
327911,Felipe Pires,1995-04-18
334425,Mutalip Alibekov,1997-06-18
336105,Nikola Stojanovic,1995-02-17
336956,Andrea Punzi,1997-03-02
337674,Mans Herrmann,1997-05-22
339695,Frederik Bay,1997-08-06
340538,Zé Turbo,1996-10-22
342220,Chahreddine Boukholda,1996-05-24
344015,Ben Woodburn,1999-10-15
346478,Japhet Tanganga,1999-03-31
346779,Ché Adams,1996-07-13
348229,Blessing Eleke,1996-03-05
349820,Luan,1996-05-31
355370,Dylan Saint-Louis,1995-04-26
372280,Jakub Kuzdra,1997-12-08
375002,Brahim Sabaouni,1994-05-13
375226,Ricardo Lopes,1990-10-28
380485,Essam Salamoun,1996-12-26
383124,Oumar Camara,1992-08-19
393023,Visar Shala,2000-04-09
404386,Robbie Burton,1999-12-26
409513,Sekou Sidibe,2001-05-05
416089,David Tavares,1999-03-19
427905,Frederik Roepstorff,1998-06-09
438961,Michael Svoboda,1998-10-15
440755,Benny,1997-01-04
444211,Will Smallbone,2000-02-21
447221,Hamza Mendyl,1997-10-21
450111,Bogdan Rudyuk,1994-04-19
479647,Benny Silva,2001-05-31
483451,Bruninho,1997-08-12
495917,Ivan Ponomarenko,1998-05-10
503733,Anthony Gordon,2001-02-24
503976,Dynel Simeu,2002-03-13
526578,Vladyslav Vakula,1999-04-29
537367,Alfonso Pastor,2000-10-04
538960,Brian Haak,2001-06-05
542834,Esben Wolf,1999-04-11
543164,Rhys Norrington-Davies,1999-04-22
543376,Fode Konaté,2000-12-02
551001,Owen Beck,2002-08-09
559130,Harrison Ashby,2001-11-14
565822,Harvey Elliott,2003-04-04
566613,Bjarki Bjarkason,2000-05-11
600497,Mads Hoe Nielsen,1998-05-13
605558,Mikail Maden,2002-01-17
608735,Dimitrios Nikas,1999-08-30
618494,Tyler Morton,2002-10-31
620072,Bünyamin Balci,2000-05-31
624690,Manu Koné,2001-05-17
627936,Casper Winther,2003-02-11
628451,Roméo Lavia,2004-01-06
683828,Emrecan Uzunhan,2001-02-26
692209,Joan González,2002-02-01
707621,Tuur Rommens,2003-03-26
709982,Kaare Barslund,2004-03-23
718088,Damiano Pecile,2002-04-11
793774,Marcelo Alves,1998-02-07
800976,Adamo Nagalo,2002-09-22
817527,Braima,2001-03-20
836737,Luiz Felipe Bonetti,2002-03-22
864799,Stefan Bajcetic,2004-10-22
866177,Amar Gerxhaliu,2002-04-26
916966,Rúben Gonçalves,2003-12-08
926978,Lucas Högsberg,2006-06-23
940526,Athanasios Triantafyllou,2003-07-22
1001019,Emile Demarbaix,2005-02-01
1045972,Mario Dorgeles,2004-08-07
1124625,Roman Pazenko,1996-03-03
82389,Fallou Diagne,1989-08-14
144688,Diogo Campos,1990-12-31
601228,Ahmet Colak,2001-05-23
727085,Ahmet Karademir,2004-04-02
933,Ugur Inceman,1981-05-25
5627,Fabrice Ehret,1979-09-28
9339,Ali Camdali,1984-02-22
39912,Dimitar Rangelov,1983-02-09
49644,Semih Aydilek,1989-01-16
60080,Uros Celcer,1989-04-07
71130,Antonio Reguero,1982-07-04
95014,Mads Greve,1989-09-12
103110,Frederik Hammershöj,1987-06-15
104331,Lukman Haruna,1990-12-04
105498,Azamat Dzhioev,1991-01-06
161314,Wojciech Golla,1992-01-12
166601,Niklas Süle,1995-09-03
175792,André Ramalho,1992-02-16
181773,Charles,1994-02-04
186999,Dadi Bergsson,1995-03-11
200178,Giuseppe Palma,1994-01-20
213672,Tom Rogic,1992-12-16
214326,Kenny van der Weg,1991-02-19
235540,Oussama Tannane,1994-03-23
240357,Luca Palmiero,1996-05-01
244192,Pierluigi Gollini,1995-03-18
291596,Reghan Tumilty,1997-02-26
358985,Yaw Yeboah,1997-03-28
362326,Michael O'Connor,1998-07-31
375756,Dzhamal Dibirgadzhiev,1996-08-02
393883,Aleksey Chernov,1998-06-03
401040,Blair Malcolm,1997-02-03
416660,Ramiz Zerrouki,1998-05-26
430487,Ivan Repyakh,2001-10-18
449173,Amir Mokhammad,1996-02-23
496656,Reo Hatate,1997-11-21
503482,Min-jae Kim,1996-11-15
504215,Giovanni Reyna,2002-11-13
564048,Charlie Lakin,1999-05-08
622458,Valentin Andyamov,2000-02-14
632716,Kalle Bak,
637446,Alistair Johnston,1998-10-08
661053,Jarrad Branthwaite,2002-06-27
700680,Luis Felipe,2001-05-17
703245,Antonio Vergara,2003-01-16
703470,Brandon Pierrick,2001-12-10
3825,Jay McEveley,1985-02-11
4517,Jeffrey Leiwakabessy,1981-02-23
9493,Mark Fotheringham,1983-10-22
13340,Sam Morrow,1985-03-03
24635,Chris Eagles,1985-11-19
25006,Dmitriy Kudryashov,1983-05-13
43113,Danny Vukovic,1985-03-27
45685,Marc Hornschuh,1991-03-02
53696,Lars Unnerstall,1990-07-20
57140,Andrej Rendla,1990-10-13
72522,Luuk de Jong,1990-08-27
84898,Geoffrey Castillion,1991-05-25
93873,Filip Twardzik,1993-02-10
95793,Pavel Cmovs,1990-06-29
102123,Viljormur Davidsen,1991-07-19
121985,Juan Jesus,1991-06-10
73846,Paul-José Mpoku,1992-04-19
91948,Baris Yardimci,1992-08-14
199328,Abdullah Coban,1991-01-02
264770,Ibrahim Alan,1994-05-15
277845,Diaranké Fofana,1989-07-14
309850,Yunus Emre Yalcin,1994-09-12
440653,Ogulcan Ülgün,1998-05-11
773,David Jarolim,1979-05-17
91434,Nejc Skubic,1989-06-13
95089,Okan Derici,1993-04-16
99047,Sokol Cikalleshi,1990-07-27
111283,Cédric Cambon,1986-09-20
122374,Iheb Mbarki,1992-02-14
132202,Joe Chalmers,1994-01-03
180326,Adam Porritt,1994-01-11
200167,Daniele Celiento,1994-08-06
220441,Diego Montiel,1995-04-26
228879,David Cancola,1996-10-23
232500,Tim Hölscher,1995-01-21
238989,Antonio Romano,1996-03-23
242295,Álex Mula,1996-07-23
244272,Sam Wardrop,1997-10-20
257732,Amir Rrahmani,1994-02-24
261886,Christoffer Östergaard,1993-05-22
262597,Ebenezer Ofori,1995-07-01
268957,José Matos,1995-05-06
330930,Jelle van der Heyden,1995-08-31
375885,Ibrahim Sangaré,1997-12-02
397351,Pio Schiavi,1998-08-27
400489,Eljif Elmas,1999-09-24
401319,Lukas Browning Lagerfeldt,1999-01-06
408574,Joey Veerman,1998-11-19
420931,Daizen Maeda,1997-10-20
425496,Ross Munro,2000-04-01
430764,Alberto Senese,2000-03-24
457930,Ivan Ivanchenko,1998-09-07
468036,Dimitrios Emmanouilidis,2000-10-24
485587,Dirk Proper,2002-02-24
504943,Declan Drysdale,1999-11-14
515077,Tamerlan Ramazanov,1997-09-23
524033,Thijs van Leeuwen,2001-07-15
605454,Valdemar Sadrifar,2001-03-09
630076,Jack Burroughs,2001-03-21
662932,Dane Murray,2003-06-26
693985,Hans Höllsberg,2002-01-03
821730,Manuel Baldé,2002-11-14
1031044,Dylan Smith,2006-06-21
26,Roman Weidenfeller,1980-08-06
9796,Oleksandr Aliyev,1985-02-03
14690,Mark Brown,1981-02-28
21552,Danny Wintjens,1983-09-30
36709,Brian Graham,1987-11-23
38963,Bart Buysse,1986-10-16
40204,Joe Hart,1987-04-19
47734,Kris Fillinger,1993-03-22
49591,Leroy George,1987-04-21
62026,Morten Beck,1988-01-02
62471,Nicolaj Madsen,1988-07-16
78754,Mads Schäfer Bak,1989-10-14
81808,Wilfried Bony,1988-12-10
87884,Mário Rui,1991-05-27
88102,Karlen Mkrtchyan,1988-11-25
89188,Mads Hvilsom,1992-08-23
92888,Emanuele Allegra,1994-05-06
93832,Patrik Twardzik,1993-02-10
110271,Mathias Bersang Sörensen,1991-05-03
129688,Ryo Miyaichi,1992-12-14
153392,Youri Loen,1991-01-27
168172,Bahnou Seydina Diarra,1994-04-01
181315,Batraz Khadartsev,1993-05-23
182576,Daan Disveld,1994-01-20
197880,Raphael Guzzo,1995-01-06
200182,Francesco Savarise,1994-04-21
203784,Dominic Samuel,1994-04-01
214078,Richard Jensen,1996-03-17
215096,Jordy de Wijs,1995-01-08
156639,Dan Nistor,1988-05-06
160434,Lebogang Manyama,1990-09-13
194218,Yeltsin Tejeda,1992-03-17
226271,Can Demir Aktav,1994-08-31
245765,Uche Ikpeazu,1995-02-28
255957,Mahir Emreli,1997-07-01
295955,Ugurcan Yazgili,1999-04-09
620091,Ahmet Celalettin Seckinli,1999-05-05
662144,Izzet Karaboga,2003-01-17
882568,Deniz Ertas,2005-03-20
6912,Erdinc Yavuz,1978-10-04
37839,Ferhat Öztorun,1987-05-08
83560,Muhammet Demir,1992-01-10
85227,Senol Akin,1984-12-20
182395,Ahmet Calik,1994-02-26
217863,Guilherme,1990-04-01
274802,Samuel Eduok,1994-01-31
311075,Ömer Esenkaya,1994-02-01
57510,Aldo Angoula,1981-05-04
62049,Mame Diouf,1987-12-16
64890,Emrullah Salk,1987-07-28
84318,Paolo Hurtado,1990-07-27
98356,Johann Durand,1981-06-17
199383,Aykut Uluc,1993-01-10
230960,Abdulaziz Demircan,1991-02-05
340460,Philippe Sandler,1997-02-10
370789,Julian Ryerson,1997-11-17
388198,Nico Schlotterbeck,1999-12-01
399551,Mouhamadou Drammeh,1999-05-15
405386,Yuki Kobayashi,2000-07-18
415042,Marco Milanese,1998-07-31
441100,Qingshen Zeng,1997-02-11
457731,Ryan Trotman,1999-06-27
467235,Alexander Molberg,1999-02-26
539183,Anderson Jesus,1995-03-02
542819,Milutin Osmajic,1999-07-25
547499,Bart van Rooij,2001-05-26
581915,Zanette,1997-03-17
609881,Tobi Oluwayemi,2003-05-08
703779,Sam Karssies,2003-02-26
718316,Monsuru Opeyemi,2003-08-11
818285,Logan Ross,2004-05-12
873211,Nader,2003-06-16
410,Sebastian Kehl,1980-02-13
3179,Carlton Cole,1983-10-12
4487,Khalid Sinouh,1975-05-02
14551,Quincy Owusu-Abeyie,1986-04-15
14708,Grant Munro,1980-09-15
22995,Danny Olsen,1985-06-11
27448,Marcos Angeleri,1983-04-07
35207,Marco Reus,1989-05-31
37080,Rasmus Bengtsson,1986-06-26
44423,Adama Tamboura,1985-05-18
48486,Aleksandr Prudnikov,1989-02-26
51260,Adlan Katsaev,1988-02-20
51882,Aleksandr Budakov,1985-02-10
52266,Walter Gargano,1984-07-23
57275,Oussama Assaidi,1988-08-15
73323,Jo Inge Berget,1990-09-11
74537,Orhan Mustafi,1990-04-04
87645,Bálint Bajner,1990-11-18
100009,Xandão,1988-02-23
100986,Thomas Meunier,1991-09-12
104249,Wilfried Domoraud,1988-08-18
104752,Konstantinos Manolas,1991-06-14
109008,Flávio Ferreira,1991-10-19
130674,Kristján Gauti Emilsson,1993-04-26
134402,Thomas Mikkelsen,1990-01-19
151213,Ross Callachan,1993-09-04
155042,Rune Hastrup,1991-10-16
159123,Kasper Lynge Nielsen,1991-01-22
164785,Jordan Slew,1992-09-07
171376,Alexander Milosevic,1992-01-30
176990,Hatem Abd Elhamed,1991-03-18
193858,Dylan Dykes,1996-03-14
193900,Marius Wolf,1995-05-27
220328,Inih Effiong,1991-03-02
244018,Imed Louati,1993-08-11
251485,Jordan Tillson,1993-03-05
251537,Yuriy Udunyan,1994-08-25
262713,Pavel Dolgov,1996-08-16
284454,Iván Rodríguez,1996-04-30
332323,Isaac Buckley-Ricketts,1998-03-14
340524,Ivanildo Fernandes,1996-03-26
353729,Russell Dingwall,1997-06-26
355624,Luis Muñoz,1997-02-23
370821,Umberto Otranto,1998-05-30
400554,Thais Damgaard,2000-03-23
324182,Zakariya Abarouaï,1994-03-30
354173,Adil Demirbag,1997-12-10
361272,Ozan Can Oruc,2000-05-26
620088,Aybars Tüfekci,2000-01-17
5357,Sidney Govou,1979-07-27
12957,Bertrand Laquait,1977-04-13
33233,Cristóvão Ramos,1983-03-25
64147,Zouhaier Dhaouadi,1988-01-01
131326,Domagoj Pavicic,1994-03-09
147037,Musa Araz,1994-01-17
157177,Muhammet Yürükuslu,1991-03-12
170495,Ismael Diomande,1992-08-28
204049,Endri Cekici,1996-11-23
225178,Oguzhan Demirci,1994-06-09
345654,Marlos Moreno,1996-09-20
860721,Mehmet Ali Büyüksayar,2004-05-08
18547,Ali Turan,1983-09-06
133450,Dossa Júnior,1986-07-28
199223,Tufan Özbozkurt,1993-03-20
524195,Dogan Gölpek,1994-11-27
780506,Adam Mackinnon,2003-04-30
4520,Peter Wisgerhof,1979-11-19
6404,Dorus de Vries,1980-12-29
15952,Júlio Baptista,1981-10-01
30668,Derk Boerrigter,1986-10-16
35539,Mehdi Lacen,1984-05-15
42611,Rocco Quinn,1986-09-07
43402,Shamil Asildarov,1983-05-18
54757,Terry Dunfield,1982-02-20
61846,Rens van Eijden,1988-03-03
62065,Dennis Höegh,1989-02-21
64545,Sebastián Fernández,1985-05-23
65464,Alex Cooper,1991-11-04
69514,Rasmus Minor Petersen,1988-09-13
70544,Jacob Schoop,1988-12-23
76560,Haris Vuckic,1992-08-21
87789,Tony Andreu,1988-05-22
102226,Thorgan Hazard,1993-03-29
105577,Tammo Harder,1994-01-04
134414,Tyler Blackett,1994-04-02
144341,Yann Songo'o,1991-11-19
144771,Murad Qurbanov,1992-03-22
160670,Joe Gyau,1992-09-16
165339,Lewis Kidd,1995-01-30
169880,Giovanni Di Lorenzo,1993-08-04
177130,Simon Murray,1992-03-15
181375,Sébastien Haller,1994-06-22
186650,Thomas Hagelskjaer,1995-02-04
189098,Fabian Gmeiner,1997-01-27
200177,Giuseppe Nicolao,1994-03-05
225242,Mark Hill,1998-07-10
232015,Oskar Zawada,1996-02-01
270055,Kiki,1994-12-10
286288,Mario Prezioso,1996-04-15
293308,Christian Kudsk,1998-01-09
316935,Antonio Negro,1998-06-10
322770,Conor Hazard,1998-03-05
324946,Emanuel Cecchini,1996-12-24
330931,Brem Soumaoro,1996-08-08
356236,Tomoki Iwata,1997-04-07
360514,Giovanni Troupée,1998-03-20
361089,Thomas Beekman,2000-01-23
376514,Mathías Olivera,1997-10-31
401163,Ciro Palmieri,2000-02-01
406634,Matt O'Riley,2000-11-21
412935,Immanuel Pherai,2001-04-25
425746,Anton Belov,1996-05-02
453807,Vincent Müller,2000-08-23
489463,Kyogo Furuhashi,1995-01-20
503625,Adrian Kappenberger,1996-08-25
503874,Villads Rasmussen,2001-11-27
519514,Liel Abada,2001-10-03
520461,Honoré Kalala,1998-04-03
523998,Pedro Ruiz,2000-03-30
541563,Hamse Hussein,2000-01-07
575693,Ibrahim Cissoko,2003-03-26
582354,Benedetto Barba,2003-01-27
621648,Magomednabi Yagyaev,1999-08-13
686028,Tommy Dixon-Hodge,2001-04-20
707295,Giuseppe Ambrosino,2003-09-10
4582,Sander Boschker,1970-10-20
8207,Gianluca Grava,1977-03-07
672243,Niko Rak,2003-07-26
32941,Gunnar Heidar Thorvaldsson,1982-04-01
45212,Eray Birnican,1988-07-20
60784,Marin Anicic,1989-08-17
120091,Kassim Abdallah,1987-04-09
814750,Emre Pehlivan,2003-01-06
34784,Lasse Schöne,1986-05-27
38434,Daniel Schwaab,1988-08-23
44027,Ikechukwu Uche,1984-01-05
44073,Adrián González,1988-05-25
46010,Rubén Palazuelos,1983-04-11
49474,Shamil Lakhiyalov,1979-10-28
52119,Patrick van Aanholt,1990-08-29
59328,Iain Vigurs,1988-05-07
59471,Chris Konopka,1985-04-14
62246,Emilio Izaguirre,1986-05-10
75852,Miiko Albornoz,1990-11-30
78818,Dario Dumic,1992-01-30
84992,James Forrest,1991-07-07
85867,Nico Schulz,1993-04-01
86596,Kamil Agalarov,1988-06-11
104220,Hendrik Bonmann,1994-01-22
111900,Ju-ho Park,1987-01-16
120458,Davide Bariti,1991-09-07
124870,Lorenzo Ebecilio,1991-09-24
129063,Jamie Reckord,1992-03-09
131238,Danny van den Meiracker,1989-03-27
133372,Gregor Breinburg,1991-09-16
186863,Cristian Cuevas,1995-04-02
198484,Richard Ofori,1993-04-24
208773,Connor McManus,1996-02-29
221076,Bobley Anderson,1992-03-03
226026,Xandro Schenk,1993-04-28
257814,Gregor Kobel,1997-12-06
278707,Yuri Shleev,1995-06-26
291939,Samu,1996-04-21
308256,Andrés Ponce,1996-11-11
321204,Michal Sadilek,1999-05-31
353728,Peter Tait,1997-07-07
375758,Tamirlan Dzhamalutdinov,1996-07-28
376605,Maksim Bogatyrev,1999-02-23
386196,Ian Soler,1996-01-23
393523,Christian Kirchhoff,1996-01-09
409490,Maxime Delanghe,2001-05-23
421781,Valerio Labriola,2001-04-13
428104,Nigel Ndlovu,1996-02-11
465003,Michael Scarf,1999-05-10
467720,Youssoufa Moukoko,2004-11-20
474937,Lucas From,1999-05-22
481513,Koffi Kouao,1998-05-20
491391,Leonel Montano,1999-10-02
503865,Alexander Jensen,2001-08-24
504543,George Harmon,2000-12-08
518358,Ruari Fraser,2001-04-12
530879,Kayne Ramsay,2000-10-10
533634,Kasper Poulsgaard,2000-03-15
593163,Rijk Janse,2002-04-16
694039,Nils Rossen,2005-08-01
743591,Sávio,2004-04-10
862079,Adeyemo,2002-05-21
12773,Ricky Foster,1985-07-31
21449,Darren Barr,1985-03-17
35491,Mariano Andújar,1983-07-30
39335,André Hainault,1986-06-17
41242,David N'Gog,1989-04-01
46423,Hrvoje Milic,1989-05-10
62157,Melvin de Leeuw,1988-04-25
70554,Nicholas Gotfredsen,1989-02-05
79294,Eloy Room,1989-02-06
58405,Artem Kravets,1989-06-03
90959,Musa Cagiran,1992-11-17
170649,Ahmet Sabri Fener,1992-05-05
175596,Atilla Yildirim,1990-11-22
198619,Nadjib Baouia,1992-02-25
336268,Emre Yilmaz,1996-01-01
420467,Ataberk Gürgen,1996-09-30
5286,Gaël Givet,1981-10-09
45254,Youssef Adnane,1985-07-16
118275,Maxime Blanc,1992-01-23
144456,Ishak Cakmak,1992-11-20
148690,Andrés Escobar,1991-05-14
156553,Ali Dere,1992-09-29
251102,Savas Polat,1997-04-14
291758,Ahmet Oguz,1993-01-16
293759,Halil Ibrahim Sönmez,1990-10-01
352718,Oguz Kagan Güctekin,1999-04-06
634419,Hüseyin Mert Uyaniker,2000-05-19
662139,Hüseyin Biber,2003-03-25
724134,Abdulsamet Kaya,2003-03-03
5676,Olivier Sorlin,1979-04-09
5698,Cédric Barbosa,1976-03-06
7253,Kaya Tarakci,1981-04-23
162817,Sertan Yigenoglu,1995-01-04
165351,Ali M'Madi,1990-04-21
177020,Jason Naismith,1994-06-25
185087,Stijn de Looijer,1992-03-31
203869,Alex Samuel,1995-09-20
207043,Joey Sleegers,1994-07-20
213265,Lucas Jensen,1994-10-08
222686,Manjrekar James,1993-08-05
237673,Nikola Gjorgjev,1997-08-22
238722,Dominik Reimann,1997-06-18
241378,Jordy Bruijn,1996-07-23
261154,Shadrach Eghan,1994-09-18
268162,Onur Albayrak,1996-08-28
285287,Regan Hendry,1998-01-21
289404,Jonathan Okita,1996-10-05
311351,Lewis Morgan,1996-09-30
322718,Mohamed Maouche,1993-01-10
342702,Michel Vlap,1997-06-02
364144,Felix Örn Fridriksson,1999-03-16
365758,Maximiliano Romero,1999-01-09
369962,Joël Piroe,1999-08-02
391508,Daniel Church,2000-07-21
393652,Raffaele Russo,1999-02-25
419500,Collins Tanor,1998-01-04
447995,Ross Stewart,1996-07-11
482106,Thomas Gundelund,2001-11-06
524929,Kévin Zohi,1996-12-19
555719,Ali Akman,2002-04-18
566931,Xavi Simons,2003-04-21
576098,Kas de Wit,2003-07-26
578926,Frederik Elkaer,2001-12-08
583760,Christian Hörby,2001-03-18
617755,Jenson Seelt,2003-05-23
618505,Davide Costanzo,2002-07-04
622463,Ramazan Kerimov,1999-01-03
646991,Robin Roefs,2003-01-17
912472,Gonçalo Cunha,2002-05-24
3202,Kolo Touré,1981-03-19
9340,Marvin Compper,1985-06-14
11333,Steffen Wohlfarth,1983-09-14
14170,Michael Higdon,1983-09-02
22550,Weligton,1979-08-26
25441,Zdravko Kuzmanovic,1987-09-22
29903,Benjamin Kirsten,1987-06-02
43015,Tidiane Sané,1985-07-10
45305,Miguel Torres,1986-01-28
48868,Rasmus Christensen,1991-08-12
49450,Joe Cardle,1987-02-07
64667,Igor Armas,1987-07-14
85902,Tobias Haitz,1992-02-12
87093,Branislav Micic,1990-04-17
95429,Osama Rashid,1992-01-13
124577,Jordan White,1992-02-04
124879,Rik Schouw,1991-03-14
138473,Aaron McCarey,1992-01-14
170986,Raphaël Guerreiro,1993-12-22
184260,Anders Holvad,1990-06-24
191422,Mahmoud Dahoud,1996-01-01
205227,Mattias Käit,1998-06-29
225874,Igor Lasicki,1995-06-26
234850,Georgios Giakoumakis,1994-12-09
244940,Salih Özcan,1998-01-11
250683,Nikita Contini,1996-05-21
314963,Bruno Paz,1998-04-23
324635,Jordan Boy,1994-03-20
353204,Alioun Fall,1990-12-20
403834,Kahraman Demirtas,1994-05-01
738867,Sener Kaya,2003-01-01
48740,Milos Ninkovic,1984-12-25
62827,Tomas Borek,1986-04-04
85922,Petar Filipovic,1990-09-14
98631,Recep Aydin,1990-01-27
126417,Volkan Findikli,1990-10-13
164919,Mickaël Salamone,1992-05-27
188853,Alejandro Pozuelo,1991-09-20
216598,Vedat Bora,1995-01-27
270988,Ben Purrington,1996-05-20
275385,Cihat Celik,1996-01-02
285283,Ross Doohan,1998-03-29
296308,Anvar Gazimagomedov,1988-05-11
297765,Sergey Karetnik,1995-02-14
329812,Jota,1999-03-30
333451,Dominik Wanner,1999-05-04
354495,Jonatan Frimann,1997-07-10
367284,Leo Östigard,1999-11-28
381559,Yuri Kuzmin,1996-03-09
388815,Luca Unbehaun,2001-02-27
401043,Chris McLaughlin,1998-03-22
403568,Stephen Welsh,2000-01-19
406891,Dylan George,1998-06-27
412823,Joel Latibeaudiere,2000-01-06
422948,Nicolaj Jörgensen,1998-01-30
449179,Rustam Khalimbekov,1996-07-11
464896,José Carlos Sánchez,1998-08-24
485732,Alexander Baun,1995-11-18
491389,Lucas Chang-Andersen,1999-10-06
529425,Ennio van der Gouw,2001-01-01
557412,Guus Gertsen,2003-04-16
593519,Sem Steijn,2001-11-12
599634,Marius Elvius,2002-06-01
604914,João Pedro Piai,2000-07-11
612065,Karim Zedadka,2000-06-09
655912,Göktan Gürpüz,2003-01-22
697401,Heron,2000-08-17
725703,Joseph Hungbo,2000-01-15
809099,Owura Edwards,2001-04-10
813458,João Pais,1998-09-13
215,Roque Santa Cruz,1981-08-16
3515,Mark van Bommel,1977-04-22
4570,Denny Landzaat,1976-05-06
12115,Sjoerd Ars,1984-04-15
12517,Oguchi Onyewu,1982-05-13
13561,Kris Commons,1983-08-30
14695,Michael Fraser,1983-10-08
30667,Robbert Schilder,1986-04-18
33210,Przemyslaw Tyton,1987-01-04
33363,Kevin Wattamaleo,1989-01-22
59665,Melvin Platje,1988-12-16
60916,Ryan Dow,1991-06-07
62080,Callum Morris,1990-02-03
69429,Stuart Kettlewell,1984-06-04
76158,Alexander Meyer,1991-04-13
89407,Aleksey Solosin,1987-08-11
90360,Filip Kiss,1990-10-13
95808,Jonathan Franks,1990-04-08
128219,Javier Espinosa,1992-09-19
129788,Nir Bitton,1991-10-30
149614,Declan McManus,1994-08-03
156140,Mohamed Bangura,1989-07-27
192908,Alan Bagaev,1991-04-07
207931,Mehdi Cannatov,1992-01-26
249271,Saeid Ezatolahi,1996-10-01
251885,Julio Pleguezuelo,1997-01-26
255340,Lewis Spence,1996-01-28
258898,Dominik Kovacic,1994-01-05
286275,Armando Anastasio,1996-07-24
256011,Maxime Medaglia,1991-02-06
291750,Soner Dikmen,1993-09-01
315223,Kaan Özdemir,1998-03-01
378322,Emre Can Atila,1996-09-02
387160,Konrad Michalak,1997-09-19
14950,Hervé Bugnet,1981-08-24
46252,Ibrahim Sehic,1988-09-02
153022,Nicolás Blandi,1990-01-13
226085,Robert Muric,1996-03-12
260330,Cebrail Karayel,1994-08-15
423194,Mathias Haarup,1996-02-10
448672,Davis Keillor-Dunn,1997-11-02
461939,Tomás Silva,1999-10-15
468922,Rashid Magomedov,1997-03-17
521919,Lion Semic,2003-09-13
526111,Alex Méndez,2000-09-06
561921,Wei Yu,1999-07-10
562702,Mees Hilgers,2001-05-13
566936,Antonio Cioffi,2002-12-19
609887,Alex Robertson,2003-04-17
747481,Hocine Belgacem,2002-09-05
809986,Valerio Boffelli,2004-09-04
853250,Owen Moffat,2002-01-06
14186,Gary Glen,1990-03-12
21732,Mark Corcoran,1980-11-30
37677,David Goodwillie,1989-03-28
40027,Ruben Nygaard,1986-05-25
40028,Martin Pedersen,1986-03-26
49560,Carl Tremarco,1985-10-11
55884,Pablo Pérez,1985-08-10
73373,Yaw Amankwah,1988-07-07
74860,Michael Tidser,1990-01-15
95984,Hallur Hansson,1992-07-08
97208,Andrey Lyakh,1990-09-24
106365,Jon Bateson,1989-09-20
123951,Aaron Mooy,1990-09-15
155300,Apti Akhyadov,1993-08-24
183720,Anwar El Ghazi,1995-05-03
187492,Julian Brandt,1996-05-02
189691,Jannik Bandowski,1994-03-30
202788,Robin Pröpper,1993-09-23
224088,Olivier Ntcham,1996-02-09
240355,Nathan Oduwa,1996-03-05
247906,Álex Portillo,1992-11-06
274640,Javier Vet,1993-09-09
280978,Fiacre Kelleher,1996-03-10
283211,Gökcan Kaya,1995-08-07
296802,Walter Benítez,1993-01-19
302134,Tagir Musalov,1994-02-09
314214,Taylan Duman,1997-07-30
339337,Armando Obispo,1999-03-05
351898,Leandrinho,1998-10-11
354278,Rafik Zekhnini,1998-01-12
354361,Frank Anguissa,1995-11-16
355051,Luigi D'Ignazio,1998-03-13
361101,Tijn Daverveld,2000-04-29
382550,Joe Hilton,1999-10-11
424769,Tianyu Guo,1999-03-05
462086,Elayis Tavsan,2001-04-30
342065,Erhan Erentürk,1995-05-30
375719,Yasir Subasi,1996-01-01
8840,Benjamin Fuchs,1983-10-20
89005,Selcuk Alibaz,1989-12-03
209240,Ismail Güven,1994-04-16
237843,David Douline,1993-05-28
307362,Seddar Karaman,1994-01-03
515075,Chingiz Agabalaev,1997-01-29
533777,Mohammed Al-Hardan,1997-10-06
555557,Hubert Idasiak,2002-02-03
610238,Pedro Ortiz,2000-08-19
616764,Foday Manneh,2000-01-14
646122,Jacob Samnik,2000-11-28
798043,Tom Rothe,2004-10-29
819215,Julien Duranville,2006-05-05
917191,Abdul Mohammed,2002-03-15
1073,Manuel Friedrich,1979-09-13
16120,Édgar Barreto,1984-07-15
26486,Chinedu Ede,1987-02-05
29007,Brian McLean,1985-02-28
29354,Ivan Sproule,1981-02-18
39033,Kelvin Wilson,1985-09-03
43259,Michael Gardyne,1986-01-23
49485,Rasim Tagirbekov,1984-05-04
56510,André Fomitschow,1990-09-07
68275,Claudemir,1988-03-27
74982,Paul Slane,1991-11-25
77026,Raúl Albentosa,1988-09-07
77832,Marcos Paulo,1988-07-13
89409,Igor Udalyi,1984-12-08
98215,Jesper Böge,1990-02-22
119332,Ross Draper,1988-10-20
120175,Pavol Bajza,1991-09-04
120977,Callum McGregor,1993-06-14
148208,Marian Sarr,1995-01-30
154858,Archie Macphee,1993-03-20
155050,Sharif Mukhammad,1990-03-21
167904,Giuseppe Fornito,1994-09-06
187077,Oliver Thychosen,1993-01-17
189231,Stefan Mauk,1995-10-12
195906,Albian Ajeti,1997-02-26
196693,Tim Chow,1994-01-18
200168,Diamante Crispino,1994-09-05
246066,Joe Thomson,1997-01-14
261106,Timo Plattel,1994-03-12
261611,Ali Adnan,1993-12-19
280982,Eoghan O'Connell,1995-08-13
303412,Mitsuru Maruoka,1996-01-06
307098,Kerim Memija,1996-01-06
318219,Yosuke Ideguchi,1996-08-23
318508,Olivier Boscagli,1997-11-18
332340,Yan Dhanda,1998-12-14
332530,Alfons Sampsted,1998-04-06
341049,Cameron Carter-Vickers,1997-12-31
362562,Greg Taylor,1997-11-05
379877,Luis Henrique,1998-03-17
387153,Patryk Klimala,1998-08-05
392710,Lennard Maloney,1999-10-08
393521,Zander Hyltoft,1995-09-20
401047,Greg Morrison,1998-02-19
433584,Alessio Zerbin,1999-03-03
444209,Jonathan Afolabi,2000-01-14
461567,Grant Savoury,2000-07-07
485584,Anass Salah-Eddine,2002-01-18
515073,Magomed Magomedov,1997-07-22
528652,Mathias Kjölö,2001-06-27
580027,Luca Connell,2001-04-20
610430,Christian Gammelgaard,2003-03-10
639246,Hyeon-gyu Oh,2001-04-12
642721,Matías Lacava,2002-10-24
633442,Metehan Mert,1999-05-01
668060,Mert Dikici,2000-11-07
4257,Samuel Eto'o,1981-03-10
16833,Ciprian Marica,1985-10-02
28252,Alban Meha,1986-04-26
82364,Ezechiel Ndouasel,1988-04-22
157535,Andreas Bouchalakis,1993-04-05
214625,Leonard Zuta,1992-08-09
647805,Nafican Yardimci,2001-03-21
658837,Ali Karakaya,2002-01-01
700789,Emmanuel Maviram,2001-04-04
912473,Tiago Ventura,2002-06-19
18021,Paul Verhaegh,1983-09-01
31552,Scott Sinclair,1989-03-25
35208,Marcel Schmelzer,1988-01-22
47594,Zlatan Alomerovic,1991-06-15
48477,Jim O'Brien,1987-09-28
50512,Anthony Modeste,1988-04-14
51318,Matthew Briggs,1991-03-06
55396,Evgeniy Pomazan,1989-01-31
62553,Kurtis Byrne,1990-04-09
73396,David Ospina,1988-08-31
75314,Pedro Morales,1985-05-25
84781,Oscar Gobern,1991-01-26
93535,Michael Heinloth,1992-02-09
100750,Stewart Murdoch,1990-12-17
110622,Jonathan Mensah,1990-07-13
119191,Mathias Schlie,1988-01-31
119296,Emre Can,1994-01-12
125102,Mirco Born,1994-06-28
129074,Jake Jervis,1991-09-17
135566,Mihai Roman II,1992-05-31
165341,Jamie Lindsay,1995-10-11
173821,Bahrudin Atajic,1993-11-16
190048,Dejan Trajkovski,1992-04-14
190687,Joshua Smits,1992-11-06
192766,Gwion Edwards,1993-03-01
203357,Ryan Thomas,1994-12-20
227231,Kwadwo Poku,1992-02-19
241163,Leonardo,1992-03-18
241389,Indy Groothuizen,1996-07-22
255788,Cameron Burgess,1995-10-21
300582,Jonas Hupe,1999-12-01
302611,Frank Sturing,1997-05-29
311489,Landry Dimata,1997-09-01
316889,Hirving Lozano,1995-07-30
323910,Mauro Júnior,1999-05-06
326329,Joris Kramer,1996-08-02
345760,David Turnbull,1999-07-10
364245,Jordan Teze,1999-09-30
371245,Guilherme Schettine,1995-10-10
383401,Tanaka Chinyahara,1995-10-12
388171,Anthony Ralston,1998-11-16
392860,Simon Power,1998-05-13
405885,Giacomo Raspadori,2000-02-18
415807,Youri Roulaux,1999-05-19
417414,Davide Marfella,1999-09-15
450282,Magomed Elmurzaev,1997-06-16
460255,Max Melbourne,1998-10-24
494282,Mees Kreekels,2001-11-01
496094,Karim Adeyemi,2002-01-18
503602,Adam Jakobsen,1999-04-07
509927,Jonas Andersen,1999-08-29
554365,Josh Reid,2002-05-03
581678,Jude Bellingham,2003-06-29
646108,Louicius Don Deedson,2001-02-11
659513,Soumaïla Coulibaly,2003-10-14
695289,Joey Dawson,2003-05-30
719673,Ben Doak,2005-11-11
877620,Moussa Mané,2003-11-19
929600,Etim,2002-05-21
874764,Mehmet Erdogan,2004-07-04
85223,Baris Örücü,1992-05-10
111527,Mathieu Duhamel,1984-07-12
164928,Ilan Boccara,1993-05-14
184131,Abdülkerim Kilic,1993-04-12
188470,Francisco Calvo,1992-07-08
199337,Rifat Erdem,1990-02-28
209569,Mücahit Atalay,1991-10-26
221118,Patrick Friday Eze,1992-12-22
273053,Burak Saban,1994-04-20
621911,Ekrem Kayilibal,1999-09-22
